{ "type": "FeatureCollection", "features": [{"type":"Feature","id":1,"properties":{"_id":"669709109e3c415617fb2516","createdBy":"CjQQJHbrYXN2g3omNbbIuD3D3ZJ2","createdAt":"2024-07-16T23:58:08.781Z","updatedBy":"OPONcQnzWGOLiJSceNaf8pvx1fA2","updatedAt":"2024-07-18T14:37:25.619Z","name":"LILONGWE FIR FWLL4","dataIngestion":false,"type":10,"icaoClass":6,"activity":0,"onDemand":false,"onRequest":false,"byNotam":false,"specialAgreement":false,"requestCompliance":false,"country":"MW","upperLimit":{"value":245,"unit":6,"referenceDatum":2},"lowerLimit":{"value":0,"unit":1,"referenceDatum":0},"hoursOfOperation":{"operatingHours":[{"dayOfWeek":0,"startTime":"00:00","endTime":"00:00","byNotam":false,"sunrise":false,"sunset":false,"publicHolidaysExcluded":false},{"dayOfWeek":1,"startTime":"00:00","endTime":"00:00","byNotam":false,"sunrise":false,"sunset":false,"publicHolidaysExcluded":false},{"dayOfWeek":2,"startTime":"00:00","endTime":"00:00","byNotam":false,"sunrise":false,"sunset":false,"publicHolidaysExcluded":false},{"dayOfWeek":3,"startTime":"00:00","endTime":"00:00","byNotam":false,"sunrise":false,"sunset":false,"publicHolidaysExcluded":false},{"dayOfWeek":4,"startTime":"00:00","endTime":"00:00","byNotam":false,"sunrise":false,"sunset":false,"publicHolidaysExcluded":false},{"dayOfWeek":5,"startTime":"00:00","endTime":"00:00","byNotam":false,"sunrise":false,"sunset":false,"publicHolidaysExcluded":false},{"dayOfWeek":6,"startTime":"00:00","endTime":"00:00","byNotam":false,"sunrise":false,"sunset":false,"publicHolidaysExcluded":false}]},"deletable":true},"geometry":{"type":"Polygon","coordinates":[[[33.4024842228079,-10.7954685749158],[33.402222,-10.795556],[33.398333,-10.798611],[33.393333,-10.807778],[33.389444,-10.810833],[33.383889,-10.811667],[33.377778,-10.810278],[33.372222,-10.808611],[33.366111,-10.807222],[33.359722,-10.8075],[33.350833,-10.812222],[33.344444,-10.819722],[33.341944,-10.824444],[33.3360968,-10.8211178],[33.329917,-10.8283679],[33.3249388,-10.8364608],[33.3233938,-10.8477568],[33.318759,-10.8507915],[33.318244,-10.8558492],[33.3163557,-10.8617498],[33.312222,-10.863611],[33.306667,-10.861944],[33.302222,-10.859444],[33.298333,-10.856111],[33.293611,-10.853611],[33.285833,-10.8475],[33.280278,-10.845556],[33.277222,-10.849444],[33.271389,-10.865556],[33.268889,-10.87],[33.266944,-10.875278],[33.264444,-10.88],[33.259167,-10.889167],[33.261111,-10.892778],[33.265,-10.895833],[33.269722,-10.898333],[33.273611,-10.901389],[33.278333,-10.903889],[33.2875,-10.909167],[33.291389,-10.912222],[33.2916365,-10.9165352],[33.2940397,-10.9219289],[33.297473,-10.9264798],[33.2993612,-10.9300193],[33.2995329,-10.9342329],[33.305,-10.938889],[33.303889,-10.9525],[33.303889,-10.958889],[33.304722,-10.964444],[33.306389,-10.969444],[33.308889,-10.973611],[33.306571,-10.9869828],[33.3091459,-10.9987786],[33.3096609,-11.0036653],[33.3112059,-11.0093944],[33.3112059,-11.0125959],[33.3124075,-11.0169769],[33.3136091,-11.0243907],[33.3165274,-11.0287715],[33.3170424,-11.0328153],[33.3160124,-11.0375329],[33.3203039,-11.046968],[33.3259688,-11.0494952],[33.327857,-11.0521908],[33.328372,-11.0575821],[33.3300886,-11.0619624],[33.3280287,-11.0705543],[33.3414297,-11.0793009],[33.3458928,-11.085534],[33.3517732784394,-11.089655874588],[33.4,-10.8083333],[33.4024842228079,-10.7954685749158]]]}}, {"type":"Feature","id":2,"properties":{"_id":"66959bbafb85d420982e2bd6","createdBy":"CjQQJHbrYXN2g3omNbbIuD3D3ZJ2","createdAt":"2024-07-15T21:59:22.930Z","updatedBy":"OPONcQnzWGOLiJSceNaf8pvx1fA2","updatedAt":"2024-07-18T14:37:25.723Z","name":"FWP8  BLANTYRE","dataIngestion":false,"type":3,"icaoClass":6,"activity":0,"onDemand":false,"onRequest":false,"byNotam":false,"specialAgreement":false,"requestCompliance":false,"country":"MW","upperLimit":{"value":6000,"unit":1,"referenceDatum":0},"lowerLimit":{"value":0,"unit":1,"referenceDatum":0},"hoursOfOperation":{"operatingHours":[{"dayOfWeek":0,"startTime":"00:00","endTime":"00:00","byNotam":false,"sunrise":false,"sunset":false,"publicHolidaysExcluded":false},{"dayOfWeek":1,"startTime":"00:00","endTime":"00:00","byNotam":false,"sunrise":false,"sunset":false,"publicHolidaysExcluded":false},{"dayOfWeek":2,"startTime":"00:00","endTime":"00:00","byNotam":false,"sunrise":false,"sunset":false,"publicHolidaysExcluded":false},{"dayOfWeek":3,"startTime":"00:00","endTime":"00:00","byNotam":false,"sunrise":false,"sunset":false,"publicHolidaysExcluded":false},{"dayOfWeek":4,"startTime":"00:00","endTime":"00:00","byNotam":false,"sunrise":false,"sunset":false,"publicHolidaysExcluded":false},{"dayOfWeek":5,"startTime":"00:00","endTime":"00:00","byNotam":false,"sunrise":false,"sunset":false,"publicHolidaysExcluded":false},{"dayOfWeek":6,"startTime":"00:00","endTime":"00:00","byNotam":false,"sunrise":false,"sunset":false,"publicHolidaysExcluded":false}]},"remarks":"Residence of HE The President of the Republic of Malawi","deletable":true},"geometry":{"type":"Polygon","coordinates":[[[34.9726,-15.81275],[35.00898333333333,-15.81915],[35.008998873925734,-15.819149902547466],[35.009807534575074,-15.819277285146894],[35.01061995576143,-15.819380163241796],[35.01143533543261,-15.819458435266442],[35.012252868612435,-15.819512023947194],[35.01307174819633,-15.819540876378845],[35.013891165748994,-15.819544964076945],[35.01471031230342,-15.819524283005928],[35.01552837916046,-15.819478853583105],[35.01634455868806,-15.819408720658489],[35.01715804511953,-15.819313953470472],[35.01796803534985,-15.819194645577378],[35.01877372972943,-15.81905091476502],[35.0195743328544,-15.818882902930259],[35.02036905435266,-15.818690775940782],[35.02115710966502,-15.818474723471171],[35.02193772082044,-15.818234958815438],[35.02271011720486,-15.81797171867624],[35.02347353632263,-15.817685262930945],[35.024227224549975,-15.817375874374797],[35.02497043787954,-15.817043858441448],[35.02570244265553,-15.816689542901118],[35.02642251629844,-15.816313277536699],[35.0271299480189,-15.815915433798097],[35.02782403951977,-15.815496404435144],[35.02850410568587,-15.815056603109566],[35.02916947526059,-15.814596463986168],[35.02981949150883,-15.814116441303886],[35.03045351286547,-15.813617008926935],[35.03107091356881,-15.813098659876621],[35.031671084278386,-15.812561905844232],[35.032253432676455,-15.812007276685488],[35.03281738405263,-15.811435319897063],[35.03336238187104,-15.810846600075715],[35.03388788831953,-15.810241698360505],[35.034393384840286,-15.80962121185874],[35.03487837264132,-15.808985753056122],[35.03534237318848,-15.808335949211735],[35.035784928677316,-15.807672441738507],[35.0362056024845,-15.806995885569632],[35.03660397959816,-15.806306948511756],[35.03697966702693,-15.805606310585397],[35.0373322941871,-15.804894663353375],[35.03766151326774,-15.804172709237868],[35.037966999573115,-15.803441160826742],[35.03824845184232,-15.802700740169916],[35.038505592545796,-15.801952178066362],[35.03873816815824,-15.801196213342571],[35.03894594940787,-15.800433592123037],[35.0391287315017,-15.799665067093638],[35.0392863343266,-15.79889139675854],[35.039418602626,-15.798113344691403],[35.039525406151974,-15.797331678781601],[35.03960663979267,-15.796547170476243],[35.03966222367492,-15.795760594018688],[35.03969210324183,-15.794972725684348],[35.03969624930557,-15.794184343014539],[35.03967465807483,-15.793396224049092],[35.03962735115755,-15.792609146558506],[35.03955437553829,-15.791823887276431],[35.03945580353069,-15.791041221133186],[35.03933173270505,-15.790261920491094],[35.039182285790744,-15.789486754382411],[35.03900761055407,-15.788716487750518],[35.0388078796513,-15.787951880695266],[35.038583290457176,-15.787193687723052],[35.038334064869105,-15.786442657002508],[35.03806044908719,-15.785699529626427],[35.03776271337028,-15.784965038880742],[35.0374411517683,-15.784239909521224],[35.037096081831265,-15.783524857058607],[35.03672784429504,-15.782820587052887],[35.036336802744266,-15.782127794417464],[35.03592334325295,-15.78144716273378],[35.03548787400273,-15.780779363577214],[35.03503082487949,-15.78012505585479],[35.0345526470486,-15.779484885155453],[35.03405381250927,-15.778859483113454],[35.03353481362829,-15.778249466785564],[35.032996162653895,-15.777655438042645],[35.03243839120995,-15.777077982976255],[35.0318620497712,-15.776517671320796],[35.03126770711986,-15.775975055891829],[35.03065594978437,-15.775450672041067],[35.030027381460556,-15.774945037128646],[35.02938262241605,-15.774458650013091],[35.028722308878315,-15.773991990559571],[35.02804709240709,-15.773545519166886],[35.027357639251754,-15.77311967631364],[35.02665462969418,-15.772714882124106],[35.02593875737791,-15.772331535954075],[35.02521072862418,-15.771970015997296],[35.0244712617355,-15.771630678912693],[35.02372108628743,-15.771313859472873],[35.02296094240932,-15.771019870234156],[35.022191580054724,-15.770749001228577],[35.02141375826215,-15.770501519678016],[35.02062824440683,-15.770277669730875],[35.0198358134444,-15.770077672221463],[35.01903724714712,-15.769901724452362],[35.018233333333335,-15.76975],[35.018233333333335,-15.76975],[34.98185,-15.76335],[34.98183220800928,-15.76334990263037],[34.98102376257067,-15.763222580828375],[34.980211561366865,-15.76311975772491],[34.979396405652736,-15.76304153475668],[34.97857909959458,-15.762987989091814],[34.977760449477714,-15.76295917355389],[34.97694126291189,-15.762955116569827],[34.97612234803551,-15.762975822141893],[34.975304512719234,-15.763021269843764],[34.9744885637699,-15.763091414840632],[34.973675306135505,-15.763186187933432],[34.97286554211192,-15.763305495626971],[34.97206007055233,-15.76344922022211],[34.97125968607997,-15.763617219931724],[34.970465178305005,-15.76380932902045],[34.96967733104638,-15.764025357967965],[34.96889692155933,-15.764265093655796],[34.968124719769314,-15.764528299577337],[34.967361487513166,-15.764814716070886],[34.966607977788165,-15.7651240605756],[34.96586493400977,-15.765456027909913],[34.96513308927885,-15.76581029057233],[34.964413165658854,-15.766186499064196],[34.96370587346403,-15.766584282234144],[34.963011910559004,-15.767003247643899],[34.962331961670714,-15.767442981955085],[34.96166669771312,-15.767903051336615],[34.961016775125586,-15.768383001892323],[34.96038283522543,-15.768882360108329],[34.9597655035753,-15.769400633319826],[34.95916538936608,-15.769937310196719],[34.95858308481584,-15.770491861247658],[34.95801916458551,-15.771063739342043],[34.95747418521172,-15.77165238024939],[34.95694868455755,-15.772257203195597],[34.956443181281585,-15.77287761143553],[34.955958174325815,-15.773512992841372],[34.955494142423014,-15.774162720506194],[34.9550515436239,-15.774826153362044],[34.95463081484471,-15.775502636812117],[34.95423237143548,-15.776191503376225],[34.953856606769605,-15.776892073349016],[34.95350389185504,-15.77760365547028],[34.95317457496743,-15.778325547606682],[34.95286898130568,-15.779057037444225],[34.952587412670226,-15.7797974031908],[34.95233014716434,-15.780545914288133],[34.95209743891879,-15.78130183213235],[34.95188951784006,-15.782064410802601],[34.95170658938249,-15.78283289779682],[34.9515488343445,-15.783606534774139],[34.95141640868906,-15.784384558302978],[34.951309443388745,-15.785166200614258],[34.95122804429526,-15.78595069035894],[34.951172292033945,-15.786737253369047],[34.951142241922945,-15.787525113421625],[34.951137923917535,-15.788313493004662],[34.95115934257931,-15.789101614084352],[34.95120647707053,-15.789888698872952],[34.95127928117348,-15.790673970596345],[34.951377683334925,-15.791456654260717],[34.95150158673555,-15.792235977417475],[34.95165086938436,-15.793011170925686],[34.95182538423792,-15.793781469711309],[34.952024959344385,-15.794546113522427],[34.952249398012086,-15.795304347679755],[34.95249847900264,-15.7960554238217],[34.952771956748244,-15.796798600643182],[34.95306956159304,-15.797533144627563],[34.95339100005834,-15.798258330770887],[34.95373595513135,-15.79897344329776],[34.95410408657725,-15.79967777636813],[34.95449503127412,-15.80037063477433],[34.95490840357065,-15.801051334627598],[34.95534379566605,-15.80171920403348],[34.955800778011955,-15.8023735837554],[34.95627889973574,-15.803013827865769],[34.95677768908513,-15.803639304383958],[34.95729665389327,-15.804249395900534],[34.95783528206424,-15.80484350018711],[34.95839304207808,-15.805421030791246],[34.95896938351527,-15.805981417615754],[34.95956373759976,-15.806524107481911],[34.96017551776034,-15.807048564675915],[34.96080412020952,-15.807554271478182],[34.96144892453954,-15.808040728674799],[34.96210929433487,-15.808507456050782],[34.96278457780055,-15.808953992864534],[34.96347410840575,-15.809379898303082],[34.96417720554203,-15.809784751917645],[34.96489317519547,-15.810168154039093],[34.96562131063218,-15.810529726172858],[34.96636089309634,-15.810869111372972],[34.96711119252025,-15.811185974594771],[34.96787146824555,-15.811480003026011],[34.968640969754944,-15.81175090639598],[34.96941893741377,-15.811998417262378],[34.97020460322054,-15.812222291275576],[34.97099719156583,-15.812422307420167],[34.971795919998726,-15.812598268233323],[34.9726,-15.81275]]]}}, {"type":"Feature","id":3,"properties":{"_id":"669590b1fb85d420982dec93","createdBy":"CjQQJHbrYXN2g3omNbbIuD3D3ZJ2","createdAt":"2024-07-15T21:12:17.186Z","updatedBy":"OPONcQnzWGOLiJSceNaf8pvx1fA2","updatedAt":"2024-07-18T14:37:25.835Z","name":"FWD1 NORTH VIPYA FIRING RANGE","dataIngestion":false,"type":2,"icaoClass":6,"activity":0,"onDemand":false,"onRequest":false,"byNotam":false,"specialAgreement":false,"requestCompliance":false,"country":"MW","upperLimit":{"value":230,"unit":6,"referenceDatum":2},"lowerLimit":{"value":0,"unit":1,"referenceDatum":0},"hoursOfOperation":{"operatingHours":[{"dayOfWeek":0,"startTime":"00:00","endTime":"00:00","byNotam":false,"sunrise":false,"sunset":false,"publicHolidaysExcluded":false},{"dayOfWeek":1,"startTime":"00:00","endTime":"00:00","byNotam":false,"sunrise":false,"sunset":false,"publicHolidaysExcluded":false},{"dayOfWeek":2,"startTime":"00:00","endTime":"00:00","byNotam":false,"sunrise":false,"sunset":false,"publicHolidaysExcluded":false},{"dayOfWeek":3,"startTime":"00:00","endTime":"00:00","byNotam":false,"sunrise":false,"sunset":false,"publicHolidaysExcluded":false},{"dayOfWeek":4,"startTime":"00:00","endTime":"00:00","byNotam":false,"sunrise":false,"sunset":false,"publicHolidaysExcluded":false},{"dayOfWeek":5,"startTime":"00:00","endTime":"00:00","byNotam":false,"sunrise":false,"sunset":false,"publicHolidaysExcluded":false},{"dayOfWeek":6,"startTime":"00:00","endTime":"00:00","byNotam":false,"sunrise":false,"sunset":false,"publicHolidaysExcluded":false}]},"remarks":"Ground to Air Firing, Prior notice of Activity by NOTAM","deletable":true},"geometry":{"type":"Polygon","coordinates":[[[34.1,-11.033389600985771],[34.09733494332343,-11.033430681489962],[34.09467251449662,-11.033553882495468],[34.09201533878472,-11.033759082520959],[34.08936603628623,-11.03404607923031],[34.08672721935589,-11.034414589631606],[34.08410149003526,-11.034864250355513],[34.08149143749317,-11.035394618012653],[34.07889963547883,-11.03600516962975],[34.07632863978993,-11.036695303164025],[34.07378098575819,-11.037464338095392],[34.071259185754876,-11.038311516095883],[34.068765726718695,-11.039236001775595],[34.06630306770841,-11.040236883504512],[34.06387363748272,-11.041313174309314],[34.06147983210954,-11.042463812844383],[34.059124012607306,-11.043687664435987],[34.05680850262029,-11.04498352219869],[34.05453558613046,-11.046350108222821],[34.05230750520799,-11.047786074831942],[34.05012645780265,-11.049290005908992],[34.047994595578245,-11.05086041828988],[34.045914021792214,-11.052495763223124],[34.04388678922254,-11.054194427894158],[34.041914898143816,-11.055954737012767],[34.040000294354726,-11.05777495446213],[34.03814486725867,-11.059653285007878],[34.036350447999496,-11.061587876065415],[34.03461880765417,-11.063576819523899],[34.03295165548425,-11.065618153625012],[34.03135063724768,-11.067709864894665],[34.02981733357286,-11.069849890125854],[34.028353258396315,-11.072036118410601],[34.02695985746579,-11.074266393219089],[34.025638506909985,-11.076538514523898],[34.024390511876604,-11.078850240967283],[34.02321710523988,-11.08119929206936],[34.022119446379044,-11.08358335047506],[34.02109862002877,-11.08600006423762],[34.02015563520293,-11.088447049136379],[34.0192914241926,-11.090921891026602],[34.01850684163949,-11.093422148219053],[34.01780266368552,-11.095945353886943],[34.01717958719966,-11.098489018497888],[34.01663822908257,-11.101050632268533],[34.01617912564996,-11.103627667639389],[34.01580273209527,-11.106217581767428],[34.01550942203205,-11.108817819034067],[34.01529948711685,-11.11142581356596],[34.015173136752644,-11.114038991766225],[34.015130497873514,-11.116654774853531],[34.01517161481049,-11.119270581406573],[34.01529644923893,-11.121883829911441],[34.01550488020746,-11.124491941309348],[34.01579670424842,-11.12709234154219],[34.01617163556996,-11.129682464093477],[34.016629306329236,-11.132259752522076],[34.01716926698691,-11.134821662986266],[34.017790986742405,-11.13736566675564],[34.01849385404942,-11.139889252708347],[34.019277177211514,-11.142389929811213],[34.020140185057,-11.144865229580244],[34.02108202769251,-11.147312708519177],[34.022101777334655,-11.149729950533542],[34.023198429218844,-11.152114569317911],[34.02437090258448,-11.154464210713968],[34.02561804173555,-11.15677655503703],[34.026938617175574,-11.159049319368739],[34.02833132681591,-11.161280259813614],[34.02979479725606,-11.163467173717283],[34.03132758513493,-11.165607901844108],[34.03292817855161,-11.167700330512112],[34.03459499855429,-11.169742393683045],[34.03632640069595,-11.171732075005519],[34.03812067665515,-11.173667409809207],[34.03997605592046,-11.175546487048036],[34.04189070753684,-11.177367451190566],[34.043862741912136,-11.179128504055562],[34.04589021268219,-11.180827906590975],[34.04797111863232,-11.182463980594575],[34.050103405673696,-11.184035110374486],[34.05228496887232,-11.185539744347976],[34.054513654528805,-11.186976396576936],[34.0567872623068,-11.188343648238478],[34.059103547407915,-11.189640149029177],[34.06146022279119,-11.190864618501633],[34.063854961434586,-11.192015847331904],[34.06628539863649,-11.19309269851662],[34.0687491343549,-11.1940941084986],[34.07124373558186,-11.19501908821974],[34.07376673875088,-11.195866724100258],[34.0763156521749,-11.196636178943207],[34.078887958512425,-11.197326692763406],[34.08148111725917,-11.197937583539952],[34.08409256726305,-11.198468247891551],[34.086719729259684,-11.198918161674005],[34.08936000842609,-11.199286880499224],[34.09201079694997,-11.199574040175314],[34.09466947661185,-11.199779357067207],[34.09733342137783,-11.19990262837755],[34.1,-11.199943732347558],[34.10266657862218,-11.19990262837755],[34.10533052338816,-11.199779357067207],[34.10798920305003,-11.199574040175314],[34.11063999157391,-11.199286880499224],[34.11328027074032,-11.198918161674005],[34.11590743273696,-11.198468247891551],[34.11851888274084,-11.197937583539952],[34.121112041487585,-11.197326692763406],[34.123684347825105,-11.196636178943207],[34.12623326124913,-11.195866724100258],[34.12875626441815,-11.19501908821974],[34.13125086564511,-11.1940941084986],[34.133714601363515,-11.19309269851662],[34.136145038565424,-11.192015847331904],[34.13853977720881,-11.190864618501633],[34.140896452592095,-11.189640149029177],[34.14321273769321,-11.188343648238478],[34.145486345471205,-11.186976396576936],[34.14771503112768,-11.185539744347976],[34.149896594326314,-11.184035110374486],[34.15202888136769,-11.182463980594575],[34.15410978731782,-11.180827906590975],[34.15613725808787,-11.179128504055562],[34.158109292463166,-11.177367451190566],[34.16002394407954,-11.175546487048036],[34.16187932334486,-11.173667409809207],[34.163673599304055,-11.171732075005519],[34.16540500144572,-11.169742393683045],[34.167071821448395,-11.167700330512112],[34.16867241486507,-11.165607901844108],[34.170205202743944,-11.163467173717283],[34.171668673184094,-11.161280259813616],[34.173061382824436,-11.159049319368739],[34.17438195826446,-11.15677655503703],[34.17562909741552,-11.154464210713968],[34.176801570781166,-11.152114569317911],[34.177898222665355,-11.149729950533542],[34.178917972307495,-11.147312708519177],[34.17985981494301,-11.144865229580244],[34.18072282278849,-11.142389929811213],[34.18150614595059,-11.139889252708347],[34.1822090132576,-11.13736566675564],[34.18283073301309,-11.134821662986266],[34.183370693670774,-11.132259752522076],[34.18382836443005,-11.129682464093477],[34.18420329575158,-11.12709234154219],[34.18449511979255,-11.124491941309348],[34.18470355076107,-11.121883829911441],[34.18482838518952,-11.119270581406573],[34.184869502126496,-11.116654774853531],[34.184826863247366,-11.114038991766225],[34.184700512883154,-11.11142581356596],[34.184490577967956,-11.108817819034067],[34.18419726790474,-11.106217581767428],[34.18382087435005,-11.103627667639389],[34.18336177091744,-11.101050632268533],[34.182820412800346,-11.098489018497888],[34.18219733631448,-11.095945353886943],[34.18149315836052,-11.093422148219053],[34.18070857580741,-11.090921891026602],[34.17984436479708,-11.088447049136379],[34.17890137997123,-11.08600006423762],[34.17788055362096,-11.08358335047506],[34.17678289476013,-11.08119929206936],[34.175609488123406,-11.078850240967283],[34.174361493090025,-11.076538514523898],[34.17304014253421,-11.074266393219089],[34.17164674160369,-11.072036118410601],[34.17018266642715,-11.069849890125854],[34.16864936275233,-11.067709864894665],[34.16704834451576,-11.065618153625012],[34.16538119234584,-11.063576819523899],[34.163649552000514,-11.061587876065415],[34.16185513274134,-11.059653285007878],[34.15999970564528,-11.05777495446213],[34.158085101856194,-11.055954737012767],[34.15611321077747,-11.054194427894158],[34.15408597820779,-11.052495763223124],[34.152005404421764,-11.05086041828988],[34.149873542197355,-11.049290005908992],[34.14769249479202,-11.047786074831942],[34.14546441386954,-11.046350108222821],[34.14319149737971,-11.04498352219869],[34.140875987392704,-11.043687664435987],[34.13852016789046,-11.042463812844383],[34.13612636251729,-11.041313174309314],[34.1336969322916,-11.040236883504512],[34.131234273281315,-11.039236001775595],[34.12874081424513,-11.038311516095883],[34.12621901424182,-11.037464338095392],[34.123671360210075,-11.036695303164025],[34.121100364521176,-11.03600516962975],[34.11850856250684,-11.035394618012653],[34.11589850996475,-11.034864250355513],[34.11327278064412,-11.034414589631606],[34.11063396371378,-11.03404607923031],[34.10798466121528,-11.033759082520959],[34.10532748550339,-11.033553882495468],[34.10266505667658,-11.033430681489962],[34.1,-11.033389600985771]]]}}, {"type":"Feature","id":4,"properties":{"_id":"66959366fb85d420982dfe61","createdBy":"CjQQJHbrYXN2g3omNbbIuD3D3ZJ2","createdAt":"2024-07-15T21:23:50.912Z","updatedBy":"OPONcQnzWGOLiJSceNaf8pvx1fA2","updatedAt":"2024-07-18T14:37:25.916Z","name":"FWR2 KANYIMBI","dataIngestion":false,"type":1,"icaoClass":6,"activity":1,"onDemand":false,"onRequest":false,"byNotam":false,"specialAgreement":false,"requestCompliance":false,"country":"MW","upperLimit":{"value":1250,"unit":1,"referenceDatum":0},"lowerLimit":{"value":0,"unit":1,"referenceDatum":0},"hoursOfOperation":{"operatingHours":[{"dayOfWeek":0,"startTime":"00:00","endTime":"00:00","byNotam":false,"sunrise":false,"sunset":false,"publicHolidaysExcluded":false},{"dayOfWeek":1,"startTime":"00:00","endTime":"00:00","byNotam":false,"sunrise":false,"sunset":false,"publicHolidaysExcluded":false},{"dayOfWeek":2,"startTime":"00:00","endTime":"00:00","byNotam":false,"sunrise":false,"sunset":false,"publicHolidaysExcluded":false},{"dayOfWeek":3,"startTime":"00:00","endTime":"00:00","byNotam":false,"sunrise":false,"sunset":false,"publicHolidaysExcluded":false},{"dayOfWeek":4,"startTime":"00:00","endTime":"00:00","byNotam":false,"sunrise":false,"sunset":false,"publicHolidaysExcluded":false},{"dayOfWeek":5,"startTime":"00:00","endTime":"00:00","byNotam":false,"sunrise":false,"sunset":false,"publicHolidaysExcluded":false},{"dayOfWeek":6,"startTime":"00:00","endTime":"00:00","byNotam":false,"sunrise":false,"sunset":false,"publicHolidaysExcluded":false}]},"remarks":"PJE day and night","deletable":true},"geometry":{"type":"Polygon","coordinates":[[[33.96666666666667,-14.075016880295733],[33.96585763939855,-14.075029206608257],[33.96504941028091,-14.07506617338523],[33.964242776677544,-14.075127744156852],[33.96343853437977,-14.075213858180062],[33.962637476822024,-14.075324430498402],[33.96184039429988,-14.07545935202576],[33.961048073191115,-14.075618489653873],[33.9602612951806,-14.075801686383528],[33.95948083648984,-14.076008761479299],[33.95870746711186,-14.076239510647685],[33.957941950052145,-14.076493706238471],[33.957185040576604,-14.07677109746911],[33.95643748546693,-14.0770714106719],[33.955700022284454,-14.077394349563745],[33.95497337864296,-14.077739595538187],[33.95425827149133,-14.078106807979458],[33.95355540640658,-14.078495624598235],[33.95286547689821,-14.07890566178876],[33.95218916372423,-14.079336515006984],[33.95152713421986,-14.079787759169355],[33.950880041639365,-14.080258949071862],[33.95024852451167,-14.080749619828932],[33.94963320601056,-14.081259287331743],[33.94903469333989,-14.081787448725477],[33.94845357713448,-14.082333582905086],[33.947890430877386,-14.08289715102907],[33.94734581033392,-14.083477597050738],[33.94682025300319,-14.084074348266462],[33.94631427758754,-14.084686815880374],[33.94582838348048,-14.085314395584938],[33.94536305027366,-14.08595646815682],[33.94491873728326,-14.086612400067542],[33.94449588309634,-14.087281544108198],[33.944094905137604,-14.087963240027715],[33.943716199257054,-14.088656815184008],[33.9433601393387,-14.089361585207346],[33.94302707693108,-14.090076854675337],[33.94271734089967,-14.090801917798833],[33.94243123710164,-14.09153605911807],[33.9421690480833,-14.092278554208395],[33.94193103280049,-14.093028670394848],[33.94171742636219,-14.093785667474915],[33.94152843979763,-14.094548798448736],[33.941364259847205,-14.095317310256053],[33.94122504877718,-14.096090444519152],[33.941110944218664,-14.096867438291088],[33.941022059030786,-14.097647524808465],[33.940958481188346,-14.09842993424798],[33.94092027369396,-14.099213894486045],[33.94090747451487,-14.099998631860696],[33.94092009654446,-14.100783371935059],[33.94095812758847,-14.1015673402616],[33.941021530376034,-14.10234976314643],[33.941110242595386,-14.10312986841291],[33.941224176954364,-14.103906886163735],[33.94136322126555,-14.104680049540873],[33.94152723855593,-14.105448595482487],[33.94171606720119,-14.106211765476147],[33.941929521084184,-14.1069688063076],[33.942167389777744,-14.107718970804317],[33.9424294387514,-14.108461518573131],[33.942715409602016,-14.109195716731183],[33.943025020307964,-14.109920840629504],[33.94335796550666,-14.110636174568477],[33.94371391679521,-14.111341012504512],[33.9440925230538,-14.112034658747207],[33.94449341079155,-14.112716428646282],[33.94491618451456,-14.113385649267682],[33.945360427115666,-14.114041660058113],[33.94582570028558,-14.114683813497367],[33.94631154494508,-14.11531147573781],[33.94681748169767,-14.11592402723039],[33.94734301130241,-14.116520863336532],[33.94788761516639,-14.117101394925342],[33.948450755856314,-14.117665048955502],[33.94903187762885,-14.118211269041291],[33.949630406978976,-14.118739516002169],[33.95024575320604,-14.119249268395402],[33.95087730899676,-14.119740023031145],[33.95152445102479,-14.120211295469542],[33.952186540566025,-14.120662620499289],[33.95286292412928,-14.121093552597232],[33.95355293410155,-14.121503666368515],[33.95425588940724,-14.121892556966861],[33.954971096180834,-14.122259840494545],[33.95569784845211,-14.1226051543817],[33.956435428843506,-14.122928157744541],[33.95718310927864,-14.12322853172217],[33.95794015170161,-14.123505979791632],[33.95870580880601,-14.123760228060922],[33.95947932477327,-14.123991025539588],[33.96025993601935,-14.124198144386757],[33.96104687194917,-14.12438138013626],[33.961839355718006,-14.124540551898676],[33.962636604999034,-14.124675502540084],[33.96343783275635,-14.12478609883732],[33.96424224802268,-14.124872231609636],[33.965049056680954,-14.124933815826584],[33.96585746224901,-14.124970790692034],[33.96666666666667,-14.124983119704268],[33.96747587108432,-14.124970790692034],[33.96828427665238,-14.124933815826584],[33.96909108531066,-14.124872231609636],[33.96989550057699,-14.12478609883732],[33.9706967283343,-14.124675502540084],[33.97149397761533,-14.124540551898676],[33.97228646138416,-14.12438138013626],[33.97307339731399,-14.124198144386757],[33.97385400856007,-14.123991025539588],[33.97462752452732,-14.123760228060922],[33.97539318163172,-14.123505979791632],[33.97615022405469,-14.12322853172217],[33.97689790448983,-14.122928157744541],[33.97763548488122,-14.1226051543817],[33.9783622371525,-14.122259840494545],[33.979077443926094,-14.121892556966861],[33.979780399231785,-14.121503666368515],[33.98047040920406,-14.121093552597232],[33.98114679276731,-14.120662620499289],[33.98180888230855,-14.120211295469542],[33.98245602433658,-14.119740023031145],[33.9830875801273,-14.119249268395402],[33.98370292635436,-14.118739516002169],[33.98430145570449,-14.118211269041291],[33.98488257747702,-14.117665048955502],[33.98544571816695,-14.117101394925342],[33.98599032203093,-14.116520863336532],[33.986515851635666,-14.11592402723039],[33.987021788388255,-14.11531147573781],[33.98750763304775,-14.114683813497367],[33.98797290621767,-14.114041660058113],[33.988417148818776,-14.113385649267682],[33.988839922541786,-14.112716428646282],[33.98924081027953,-14.112034658747207],[33.989619416538126,-14.111341012504512],[33.98997536782668,-14.110636174568477],[33.99030831302538,-14.109920840629504],[33.99061792373132,-14.109195716731183],[33.99090389458194,-14.108461518573131],[33.991165943555586,-14.107718970804317],[33.99140381224915,-14.1069688063076],[33.991617266132145,-14.106211765476147],[33.99180609477741,-14.105448595482487],[33.99197011206779,-14.104680049540873],[33.99210915637897,-14.103906886163735],[33.99222309073795,-14.10312986841291],[33.9923118029573,-14.10234976314643],[33.992375205744864,-14.1015673402616],[33.99241323678888,-14.100783371935059],[33.992425858818464,-14.099998631860696],[33.992413059639375,-14.099213894486045],[33.99237485214499,-14.09842993424798],[33.99231127430255,-14.097647524808465],[33.99222238911467,-14.096867438291088],[33.99210828455616,-14.096090444519152],[33.99196907348614,-14.095317310256053],[33.99180489353571,-14.094548798448736],[33.99161590697115,-14.093785667474915],[33.99140230053284,-14.093028670394848],[33.99116428525003,-14.092278554208395],[33.9909020962317,-14.09153605911807],[33.99061599243367,-14.090801917798833],[33.99030625640225,-14.090076854675337],[33.989973193994636,-14.089361585207346],[33.98961713407628,-14.088656815184008],[33.989238428195726,-14.087963240027715],[33.988837450237,-14.087281544108198],[33.98841459605008,-14.086612400067542],[33.987970283059674,-14.08595646815682],[33.987504949852855,-14.085314395584938],[33.9870190557458,-14.084686815880374],[33.98651308033015,-14.084074348266462],[33.985987522999416,-14.083477597050738],[33.98544290245595,-14.08289715102907],[33.98487975619886,-14.082333582905086],[33.98429863999345,-14.081787448725477],[33.98370012732278,-14.081259287331743],[33.983084808821665,-14.080749619828932],[33.98245329169397,-14.080258949071862],[33.98180619911348,-14.079787759169355],[33.98114416960911,-14.079336515006984],[33.980467856435126,-14.07890566178876],[33.97977792692676,-14.078495624598235],[33.97907506184201,-14.078106807979458],[33.97835995469037,-14.077739595538187],[33.97763331104888,-14.077394349563745],[33.97689584786641,-14.0770714106719],[33.97614829275673,-14.07677109746911],[33.975391383281185,-14.076493706238471],[33.97462586622148,-14.076239510647685],[33.9738524968435,-14.076008761479299],[33.973072038152736,-14.075801686383528],[33.97228526014222,-14.075618489653873],[33.97149293903346,-14.07545935202576],[33.97069585651131,-14.075324430498402],[33.96989479895357,-14.075213858180062],[33.96909055665579,-14.075127744156852],[33.968283923052425,-14.07506617338523],[33.96747569393479,-14.075029206608257],[33.96666666666667,-14.075016880295733]]]}}, {"type":"Feature","id":5,"properties":{"_id":"66958e15fb85d420982dd5c2","createdBy":"CjQQJHbrYXN2g3omNbbIuD3D3ZJ2","createdAt":"2024-07-15T21:01:09.423Z","updatedBy":"OPONcQnzWGOLiJSceNaf8pvx1fA2","updatedAt":"2024-07-18T14:37:26.158Z","name":"CTR LILONGWE","dataIngestion":false,"type":4,"icaoClass":2,"activity":0,"onDemand":false,"onRequest":false,"byNotam":false,"specialAgreement":false,"requestCompliance":false,"country":"MW","upperLimit":{"value":7500,"unit":1,"referenceDatum":1},"lowerLimit":{"value":0,"unit":1,"referenceDatum":0},"hoursOfOperation":{"operatingHours":[{"dayOfWeek":0,"startTime":"00:00","endTime":"00:00","byNotam":false,"sunrise":false,"sunset":false,"publicHolidaysExcluded":false},{"dayOfWeek":1,"startTime":"00:00","endTime":"00:00","byNotam":false,"sunrise":false,"sunset":false,"publicHolidaysExcluded":false},{"dayOfWeek":2,"startTime":"00:00","endTime":"00:00","byNotam":false,"sunrise":false,"sunset":false,"publicHolidaysExcluded":false},{"dayOfWeek":3,"startTime":"00:00","endTime":"00:00","byNotam":false,"sunrise":false,"sunset":false,"publicHolidaysExcluded":false},{"dayOfWeek":4,"startTime":"00:00","endTime":"00:00","byNotam":false,"sunrise":false,"sunset":false,"publicHolidaysExcluded":false},{"dayOfWeek":5,"startTime":"00:00","endTime":"00:00","byNotam":false,"sunrise":false,"sunset":false,"publicHolidaysExcluded":false},{"dayOfWeek":6,"startTime":"00:00","endTime":"00:00","byNotam":false,"sunrise":false,"sunset":false,"publicHolidaysExcluded":false}]},"deletable":true},"geometry":{"type":"Polygon","coordinates":[[[33.807783333333326,-13.4780084039431],[33.79702388040485,-13.478172540082959],[33.7862750010893,-13.478664787195774],[33.7755472587367,-13.479484661517889],[33.76485119618065,-13.480631357298462],[33.75419732550391,-13.482103747581824],[33.74359611783233,-13.483900385301768],[33.733057993166696,-13.486019504686755],[33.72259331026182,-13.488459022974746],[33.71221235656244,-13.491216542436005],[33.70192533820494,-13.494289352702106],[33.691742370094516,-13.49767443339887],[33.68167346606687,-13.501368457080854],[33.671728529143486,-13.505367792464641],[33.66191734188984,-13.509668507957937],[33.65224955688527,-13.514266375481167],[33.642734687313784,-13.519156874578046],[33.63338209768418,-13.524335196811272],[33.62420099468871,-13.529796250439245],[33.61520041820855,-13.535534665369466],[33.6063892324748,-13.54154479838399],[33.59777611739329,-13.547820738632009],[33.58936956004152,-13.554356313384517],[33.581177846345874,-13.561145094045562],[33.5732090529471,-13.56818040241455],[33.565471039261766,-13.575455317193667],[33.55797143974769,-13.58296268073434],[33.55071765638046,-13.590695106016385],[33.54371685134879,-13.59864498385326],[33.5369759399756,-13.606804490316684],[33.53050158387197,-13.615165594373556],[33.52430018433077,-13.623720065728003],[33.51837787596651,-13.63245948286113],[33.51274052060788,-13.64137524126085],[33.50739370144908,-13.65045856183399],[33.50234271746619,-13.659700499492688],[33.497592578103955,-13.669091951906909],[33.493147998238804,-13.678623668414723],[33.48901339342336,-13.68828625908188],[33.48519287541744,-13.698070203901967],[33.48169024801032,-13.707965862128383],[33.47850900313894,-13.717963481729143],[33.47565231730635,-13.728053208955453],[33.473123048304224,-13.73822509801481],[33.470923732243556,-13.748469120839319],[33.46905658089664,-13.758775176939777],[33.46752347935392,-13.769133103335983],[33.466325983998324,-13.779532684553617],[33.465465320799886,-13.789963662678012],[33.464942383932964,-13.800415747454956],[33.46475773471805,-13.81087862642874],[33.46491160088989,-13.821341975107464],[33.46540387619347,-13.831795467145673],[33.46623412030871,-13.842228784534303],[33.46740155910491,-13.852631627787899],[33.46890508522529,-13.862993726119074],[33.4707432590018,-13.873304847590108],[33.47291430969993,-13.88355480923167],[33.475416137093106,-13.893733487118556],[33.47824631336581,-13.903830826392468],[33.48140208534412,-13.913836851221788],[33.48488037705238,-13.923741674688413],[33.48867779259377,-13.933535508591733],[33.49279061935304,-13.943208673159901],[33.49721483151842,-13.952751606658612],[33.501946093920154,-13.962154874887723],[33.50697976618225,-13.971409180556073],[33.51231090718396,-13.980505372525029],[33.517934279827074,-13.989434454911375],[33.523844356104796,-13.998187596040246],[33.53003532246763,-14.006756137239009],[33.53650108548139,-14.015131601463093],[33.543235277772,-14.023305701744926],[33.55023126425177,-14.031270349457326],[33.55748214862096,-14.039017662382822],[33.56498078013867,-14.046539972580609],[33.5727197606564,-14.053829834043025],[33.5806914519076,-14.060880030133614],[33.58888798304595,-14.067683580799065],[33.59730125842502,-14.074233749547563],[33.6059229656117,-14.080524050186275],[33.61474458362517,-14.086548253310964],[33.62375739139348,-14.092300392540963],[33.632952476418964,-14.09777477049298],[33.6423207436438,-14.102965964487504],[33.65185292450675,-14.107868831981817],[33.661539586181775,-14.112478515723907],[33.671371140989024,-14.116790448621883],[33.68133785596858,-14.120800358323752],[33.691429862606924,-14.12450427150275],[33.70163716670626,-14.127898517843693],[33.71194965838615,-14.130979733726134],[33.7223571222073,-14.133744865600477],[33.73284924740662,-14.136191173053412],[33.74341563823318,-14.13831623155949],[33.75404582437378,-14.14011793491586],[33.76472927145757,-14.14159449735767],[33.7754553916283,-14.142744455351787],[33.78621355417331,-14.143566669067019],[33.79699309619781,-14.144060323519252],[33.807783333333326,-14.144224929390239],[33.81857357046885,-14.144060323519252],[33.82935311249335,-14.143566669067019],[33.84011127503836,-14.142744455351787],[33.85083739520908,-14.14159449735767],[33.86152084229287,-14.14011793491586],[33.87215102843348,-14.13831623155949],[33.88271741926003,-14.136191173053415],[33.89320954445936,-14.133744865600477],[33.903617008280506,-14.130979733726134],[33.913929499960396,-14.127898517843693],[33.924136804059735,-14.12450427150275],[33.93422881069808,-14.120800358323752],[33.94419552567763,-14.116790448621883],[33.954027080484884,-14.112478515723907],[33.96371374215991,-14.107868831981817],[33.97324592302286,-14.102965964487504],[33.98261419024769,-14.09777477049298],[33.99180927527317,-14.092300392540963],[34.000822083041484,-14.086548253310964],[34.00964370105496,-14.080524050186275],[34.01826540824163,-14.074233749547563],[34.02667868362071,-14.067683580799065],[34.03487521475906,-14.060880030133614],[34.042846906010254,-14.053829834043025],[34.05058588652799,-14.046539972580609],[34.058084518045696,-14.039017662382822],[34.06533540241488,-14.031270349457326],[34.07233138889466,-14.023305701744926],[34.07906558118527,-14.015131601463093],[34.08553134419902,-14.006756137239009],[34.091722310561856,-13.998187596040246],[34.097632386839585,-13.989434454911375],[34.1032557594827,-13.980505372525029],[34.108586900484404,-13.971409180556073],[34.113620572746505,-13.962154874887723],[34.11835183514824,-13.952751606658612],[34.12277604731362,-13.943208673159901],[34.12688887407289,-13.933535508591733],[34.130686289614275,-13.923741674688413],[34.13416458132253,-13.913836851221788],[34.13732035330085,-13.903830826392468],[34.14015052957355,-13.893733487118556],[34.14265235696673,-13.88355480923167],[34.14482340766485,-13.873304847590108],[34.146661581441364,-13.862993726119074],[34.14816510756175,-13.852631627787899],[34.14933254635795,-13.842228784534303],[34.15016279047318,-13.831795467145676],[34.15065506577676,-13.821341975107464],[34.15080893194861,-13.81087862642874],[34.15062428273369,-13.800415747454956],[34.15010134586677,-13.789963662678012],[34.14924068266833,-13.779532684553617],[34.14804318731274,-13.769133103335983],[34.14651008577002,-13.758775176939777],[34.1446429344231,-13.748469120839319],[34.142443618362435,-13.73822509801481],[34.13991434936031,-13.728053208955453],[34.13705766352772,-13.717963481729143],[34.13387641865634,-13.707965862128383],[34.13037379124922,-13.698070203901967],[34.126553273243296,-13.68828625908188],[34.122418668427855,-13.678623668414723],[34.117974088562704,-13.669091951906909],[34.11322394920046,-13.659700499492688],[34.10817296521758,-13.65045856183399],[34.10282614605878,-13.64137524126085],[34.097188790700145,-13.63245948286113],[34.09126648233588,-13.623720065728003],[34.08506508279469,-13.615165594373556],[34.07859072669106,-13.606804490316684],[34.07184981531786,-13.59864498385326],[34.064849010286196,-13.590695106016385],[34.05759522691897,-13.58296268073434],[34.050095627404886,-13.575455317193667],[34.04235761371956,-13.56818040241455],[34.03438882032078,-13.561145094045562],[34.02619710662514,-13.554356313384517],[34.01779054927337,-13.547820738632009],[34.009177434191855,-13.54154479838399],[34.00036624845811,-13.535534665369466],[33.99136567197795,-13.529796250439245],[33.982184568982476,-13.524335196811272],[33.97283197935287,-13.519156874578046],[33.96331710978138,-13.514266375481167],[33.95364932477682,-13.509668507957937],[33.943838137523166,-13.505367792464641],[33.93389320059978,-13.501368457080854],[33.92382429657214,-13.49767443339887],[33.91364132846172,-13.494289352702106],[33.90335431010422,-13.491216542436005],[33.89297335640483,-13.488459022974746],[33.88250867349996,-13.486019504686755],[33.87197054883433,-13.483900385301768],[33.86136934116274,-13.482103747581824],[33.850715470486,-13.480631357298462],[33.84001940792996,-13.479484661517889],[33.82929166557735,-13.478664787195774],[33.81854278626181,-13.478172540082959],[33.807783333333326,-13.4780084039431]]]}}, {"type":"Feature","id":6,"properties":{"_id":"669599a7fb85d420982e2161","createdBy":"CjQQJHbrYXN2g3omNbbIuD3D3ZJ2","createdAt":"2024-07-15T21:50:31.123Z","updatedBy":"eBT9qSrxquPVguazo7MwJzzaf2p1","updatedAt":"2024-08-17T17:44:37.902Z","name":"FWR6 LIWONDE NATIONAL PARK","dataIngestion":false,"type":1,"icaoClass":6,"activity":0,"onDemand":false,"onRequest":false,"byNotam":false,"specialAgreement":false,"requestCompliance":false,"country":"MW","upperLimit":{"value":1500,"unit":1,"referenceDatum":0},"lowerLimit":{"value":0,"unit":1,"referenceDatum":0},"hoursOfOperation":{"operatingHours":[{"dayOfWeek":0,"startTime":"00:00","endTime":"00:00","byNotam":false,"sunrise":false,"sunset":false,"publicHolidaysExcluded":false},{"dayOfWeek":1,"startTime":"00:00","endTime":"00:00","byNotam":false,"sunrise":false,"sunset":false,"publicHolidaysExcluded":false},{"dayOfWeek":2,"startTime":"00:00","endTime":"00:00","byNotam":false,"sunrise":false,"sunset":false,"publicHolidaysExcluded":false},{"dayOfWeek":3,"startTime":"00:00","endTime":"00:00","byNotam":false,"sunrise":false,"sunset":false,"publicHolidaysExcluded":false},{"dayOfWeek":4,"startTime":"00:00","endTime":"00:00","byNotam":false,"sunrise":false,"sunset":false,"publicHolidaysExcluded":false},{"dayOfWeek":5,"startTime":"00:00","endTime":"00:00","byNotam":false,"sunrise":false,"sunset":false,"publicHolidaysExcluded":false},{"dayOfWeek":6,"startTime":"00:00","endTime":"00:00","byNotam":false,"sunrise":false,"sunset":false,"publicHolidaysExcluded":false}]},"remarks":"Game Reserve - Except for the purpose of landing or taking off or in an emergency, no person shall fly any aircraft at an altitude of less than 1500ft above ground except with the prior permission of the Chief Game Warden.","deletable":true},"geometry":{"type":"Polygon","coordinates":[[[35.2334287548792,-15.0167627548792],[35.283333,-15.066667],[35.383333,-15.05],[35.416667,-15],[35.4,-14.883333],[35.45,-14.666667],[35.333333,-14.766667],[35.333333,-14.716667],[35.283333,-14.7],[35.266667,-14.75],[35.2836204640781,-14.7839079454047],[35.2830192,-14.8050537],[35.2915325,-14.8138366],[35.2944293,-14.8344763],[35.2912214,-14.8420264],[35.2939627,-14.8618311],[35.3000297,-14.8701919],[35.2976157,-14.8787466],[35.2876555,-14.8831813],[35.2915111,-14.908141],[35.2848163,-14.9331879],[35.2745166,-14.9496078],[35.2750316,-14.9698407],[35.2619853,-14.9751474],[35.2431026,-14.9945488],[35.2334287548792,-15.0167627548792]]]}}, {"type":"Feature","id":7,"properties":{"_id":"66958c07fb85d420982dc5fc","createdBy":"CjQQJHbrYXN2g3omNbbIuD3D3ZJ2","createdAt":"2024-07-15T20:52:23.338Z","updatedBy":"eBT9qSrxquPVguazo7MwJzzaf2p1","updatedAt":"2024-08-17T17:44:32.188Z","name":"CHILEKA TMA","dataIngestion":false,"type":7,"icaoClass":2,"activity":0,"onDemand":false,"onRequest":false,"byNotam":false,"specialAgreement":false,"requestCompliance":false,"country":"MW","upperLimit":{"value":145,"unit":6,"referenceDatum":2},"lowerLimit":{"value":7500,"unit":1,"referenceDatum":1},"hoursOfOperation":{"operatingHours":[{"dayOfWeek":0,"startTime":"04:00","endTime":"17:00","byNotam":false,"sunrise":false,"sunset":false,"publicHolidaysExcluded":false},{"dayOfWeek":1,"startTime":"04:00","endTime":"17:00","byNotam":false,"sunrise":false,"sunset":false,"publicHolidaysExcluded":false},{"dayOfWeek":2,"startTime":"04:00","endTime":"17:00","byNotam":false,"sunrise":false,"sunset":false,"publicHolidaysExcluded":false},{"dayOfWeek":3,"startTime":"04:00","endTime":"17:00","byNotam":false,"sunrise":false,"sunset":false,"publicHolidaysExcluded":false},{"dayOfWeek":4,"startTime":"04:00","endTime":"17:00","byNotam":false,"sunrise":false,"sunset":false,"publicHolidaysExcluded":false},{"dayOfWeek":5,"startTime":"04:00","endTime":"17:00","byNotam":false,"sunrise":false,"sunset":false,"publicHolidaysExcluded":false},{"dayOfWeek":6,"startTime":"04:00","endTime":"17:00","byNotam":false,"sunrise":false,"sunset":false,"publicHolidaysExcluded":false}],"remarks":"Outside these hours, services are available on request (O/R)"},"frequencies":[{"value":"124.900","primary":true,"unit":2,"name":"CHILEKA APPROACH","remarks":"English","_id":"66bf8243530a056d09adbce3"}],"deletable":true},"geometry":{"type":"Polygon","coordinates":[[[35.08331666666667,-14.290283333333333],[33.983333333333334,-14.922216666666667],[34.1751,-15.2446],[34.16338581540835,-15.264519050507907],[34.15042273580214,-15.287497434521002],[34.138211424277735,-15.310856552411042],[34.12676411421337,-15.33457347893844],[34.1160923013813,-15.358624930166007],[34.10620673188896,-15.382987285948499],[34.09711739079642,-15.407636612774926],[34.08883349142351,-15.432548686943104],[34.08136346536015,-15.457699018045401],[34.07471495319266,-15.48306287274433],[34.068894795958336,-15.508615298816208],[34.06390902734031,-15.534331149440815],[34.05976286661408,-15.560185107714625],[34.05646071235655,-15.586151711364778],[34.054006136927974,-15.612205377640812],[34.05240188173658,-15.638320428360668],[34.051649853295004,-15.664471115087421],[34.05175112007723,-15.690631644412752],[34.052705910183846,-15.71677620332301],[34.05451360982298,-15.742878984623498],[34.057172762613426,-15.76891421239638],[34.060681069715955,-15.794856167467362],[34.0650353907977,-15.820679212856286],[34.070231745834306,-15.846357819186467],[34.076265317753055,-15.87186659002758],[34.08313045591997,-15.897180287146712],[34.09082068047269,-15.92227385564229],[34.09932868750003,-15.947122448935255],[34.10864635506863,-15.971701453592175],[34.118764750095565,-15.995986513954646],[34.12967413606534,-16.019953556549638],[34.141363981588604,-16.043578814255305],[34.15382296979869,-16.066838850196977],[34.16703900858144,-16.089710581348065],[34.18099924163248,-16.11217130181088],[34.195690060335075,-16.134198705752382],[34.21109711645095,-16.155770909970247],[34.22720533561479,-16.17686647606473],[34.24399893162274,-16.19746443219218],[34.2614614215035,-16.217544294376317],[34.27957564136004,-16.237086087353678],[34.29832376296839,-16.25607036493014],[34.31768731111916,-16.27447822982568],[34.337647181686336,-16.292291352985032],[34.35818366040647,-16.309491992332493],[34.37927644235075,-16.32606301094936],[34.4009046520709,-16.341987894653318],[34.42304686439921,-16.35725076895951],[34.4456811258815,-16.37183641540362],[34.468784976821205,-16.38573028720808],[34.492335473911396,-16.398918524272986],[34.51630921343083,-16.41138796747422],[34.54068235497892,-16.42312617225185],[34.56543064572384,-16.434121421472764],[34.590529445136895,-16.444362737552197],[34.615953750185405,-16.453839893819744],[34.64167822095578,-16.462543425116152],[34.66767720667737,-16.470464637608277],[34.69392477211719,-16.477595617810252],[34.72039472431488,-16.48392924080004],[34.74706063962643,-16.48945917762135],[34.7738958910451,-16.494179901861994],[34.80087367576686,-16.4980866954006],[34.82796704296776,-16.501175653314682],[34.85514892175975,-16.50344368794414],[34.88239214929173,-16.50488853210511],[34.9096694989615,-16.50550874145029],[34.936953708705055,-16.505303695972838],[34.96421750932864,-16.504273600651995],[34.99143365284957,-16.502419485239642],[35.018574940811234,-16.499743203188025],[35.045614252538286,-16.49624742972002],[35.07252457329773,-16.491935659044252],[35.09927902233199,-16.486812200718504],[35.12585088073027,-16.480882175165878],[35.15221361910472,-16.47415150834919],[35.178340925038476,-16.466626925610075],[35.204206730272816,-16.458315944680344],[35.22978523760149,-16.449226867874103],[35.2550509474404,-16.439368773470072],[35.279978684041915,-16.42875150629457],[35.304543621323205,-16.41738566751654],[35.328721308279206,-16.40528260366688],[35.35248769395121,-16.39245439489526],[35.375819151922954,-16.378913842478497],[35.39869250431709,-16.364674455595303],[35.42108504526554,-16.349750437383193],[35.44297456382835,-16.334156670293957],[35.46433936633652,-16.31790870076494],[35.4851582981352,-16.301022723224104],[35.505410764704884,-16.283515563447544],[35.52507675213895,-16.265404661288667],[35.544136846957144,-16.246708052799057],[35.562572255235665,-16.22744435176154],[35.58036482103553,-16.207632730656474],[35.59749704411195,-16.187292901082905],[35.6139520968887,-16.16644509365673],[35.62971384068249,-16.145110037408337],[35.6447668411633,-16.123308938702785],[35.65909638303809,-16.1010634597058],[35.67268848394609,-16.07839569641939],[35.685529907555164,-16.055328156311067],[35.697608175849666,-16.031883735560996],[35.70891158060151,-16.008085695951703],[35.71942919401707,-15.98395764142507],[35.7291508785536,-15.959523494331664],[35.73806729589995,-15.934807471397507],[35.74616991511752,-15.90983405943361],[35.75345101993789,-15.884627990813568],[35.75990371521525,-15.859214218744738],[35.76552193253222,-15.833617892358415],[35.77030043495854,-15.807864331644561],[35.7742348209636,-15.781979002256493],[35.777321527483814,-15.755987490211005],[35.77955783214751,-15.729915476509333],[35.78094185466028,-15.70378871170416],[35.78147255735484,-15.677632990437887],[35.781149744910124,-15.651474125977213],[35.779974063245106,-15.625337924768859],[35.77794699759354,-15.59925016104113],[35.7750708697666,-15.573236551475857],[35.771348834611075,-15.547322729974981],[35.766784875671206,-15.521534222545792],[35.76138380006321,-15.495896422328633],[35.75515123257192,-15.470434564790608],[35.74809360897965,-15.445173703108479],[35.74021816863777,-15.420138683763712],[35.73153294629228,-15.395354122372266],[35.72204676317505,-15.370844379771388],[35.711769217372684,-15.346633538385364],[35.700710673485894,-15.32274537889173],[35.688882251592204,-15.299203357209244],[35.676295815525606,-15.276030581828275],[35.66296396048704,-15.253249791504148],[35.6489,-15.230883333333333],[35.6489,-15.230883333333333],[35.08331666666667,-14.290283333333333]]]}}, {"type":"Feature","id":8,"properties":{"_id":"6697070e9e3c415617fb1ffa","createdBy":"CjQQJHbrYXN2g3omNbbIuD3D3ZJ2","createdAt":"2024-07-16T23:49:34.351Z","updatedBy":"OPONcQnzWGOLiJSceNaf8pvx1fA2","updatedAt":"2024-07-18T14:37:26.273Z","name":"LILONGWE FIR FWLL3","dataIngestion":false,"type":10,"icaoClass":6,"activity":0,"onDemand":false,"onRequest":false,"byNotam":false,"specialAgreement":false,"requestCompliance":false,"country":"MW","upperLimit":{"value":999,"unit":6,"referenceDatum":2},"lowerLimit":{"value":245,"unit":6,"referenceDatum":2},"hoursOfOperation":{"operatingHours":[{"dayOfWeek":0,"startTime":"00:00","endTime":"00:00","byNotam":false,"sunrise":false,"sunset":false,"publicHolidaysExcluded":false},{"dayOfWeek":1,"startTime":"00:00","endTime":"00:00","byNotam":false,"sunrise":false,"sunset":false,"publicHolidaysExcluded":false},{"dayOfWeek":2,"startTime":"00:00","endTime":"00:00","byNotam":false,"sunrise":false,"sunset":false,"publicHolidaysExcluded":false},{"dayOfWeek":3,"startTime":"00:00","endTime":"00:00","byNotam":false,"sunrise":false,"sunset":false,"publicHolidaysExcluded":false},{"dayOfWeek":4,"startTime":"00:00","endTime":"00:00","byNotam":false,"sunrise":false,"sunset":false,"publicHolidaysExcluded":false},{"dayOfWeek":5,"startTime":"00:00","endTime":"00:00","byNotam":false,"sunrise":false,"sunset":false,"publicHolidaysExcluded":false},{"dayOfWeek":6,"startTime":"00:00","endTime":"00:00","byNotam":false,"sunrise":false,"sunset":false,"publicHolidaysExcluded":false}]},"deletable":true},"geometry":{"type":"Polygon","coordinates":[[[33.4024842228079,-10.7954685749158],[33.407222,-10.793889],[33.413056,-10.793056],[33.417778,-10.794167],[33.421667,-10.797222],[33.426389,-10.799722],[33.430278,-10.802778],[33.435,-10.805278],[33.440556,-10.807222],[33.4475,-10.807778],[33.453611,-10.807778],[33.463889,-10.804444],[33.471389,-10.798333],[33.475278,-10.7875],[33.478333,-10.783611],[33.482778,-10.781389],[33.495556,-10.781111],[33.501111,-10.780278],[33.506389,-10.778611],[33.510556,-10.776389],[33.514444,-10.773333],[33.517778,-10.769444],[33.519444,-10.764167],[33.520833,-10.758056],[33.523333,-10.753333],[33.528333,-10.751667],[33.535278,-10.7525],[33.539722,-10.75],[33.542222,-10.745556],[33.543056,-10.738611],[33.5458698,-10.7334671],[33.5527482,-10.727442],[33.5566457,-10.7232364],[33.557772,-10.718136],[33.5594482,-10.7135881],[33.562697,-10.708831],[33.5670569,-10.7055105],[33.5763216,-10.6939241],[33.5798893,-10.6905181],[33.581022,-10.687067],[33.5832947,-10.6831289],[33.5856933,-10.6822577],[33.5877478,-10.6804083],[33.588745,-10.676942],[33.5903919,-10.675716],[33.5950161,-10.6686485],[33.596841,-10.663462],[33.596854,-10.659971],[33.59792,-10.658188],[33.603999,-10.653926],[33.605398,-10.653535],[33.608367,-10.654252],[33.611746,-10.658107],[33.613788,-10.662932],[33.616499,-10.662737],[33.618819,-10.661068],[33.620016,-10.657774],[33.62513,-10.652465],[33.630723,-10.647905],[33.632427,-10.643968],[33.63709,-10.639446],[33.639906,-10.639223],[33.64087,-10.638145],[33.640791,-10.634619],[33.642386,-10.632102],[33.6450081,-10.6307053],[33.646567,-10.6288702],[33.646225,-10.626342],[33.646758,-10.624234],[33.648205,-10.622631],[33.653287,-10.620197],[33.656858,-10.621184],[33.660566,-10.619015],[33.665391,-10.617757],[33.667355,-10.61674],[33.670078,-10.613117],[33.67273,-10.611845],[33.674752,-10.607437],[33.678903,-10.60845],[33.681578,-10.60726],[33.683311,-10.608296],[33.685267,-10.604557],[33.687134,-10.594841],[33.695143,-10.592581],[33.696549,-10.5884968],[33.700027,-10.586737],[33.701542,-10.585224],[33.706222,-10.57768],[33.705509,-10.573522],[33.707782,-10.571745],[33.709293,-10.567412],[33.7050909,-10.5688275],[33.70156,-10.566401],[33.700489,-10.566698],[33.699478,-10.570386],[33.69579,-10.570624],[33.693648,-10.573241],[33.691685,-10.57336],[33.690971,-10.571754],[33.685379,-10.574609],[33.684368,-10.576632],[33.682167,-10.577643],[33.678954,-10.577405],[33.678062,-10.574609],[33.678062,-10.571695],[33.67943,-10.568185],[33.6779489,-10.5616535],[33.6783805,-10.5602483],[33.6811695,-10.5559634],[33.683428,-10.553375],[33.681822,-10.552958],[33.680436,-10.554191],[33.679029,-10.553181],[33.67701,-10.553433],[33.676902,-10.551955],[33.674305,-10.55109],[33.6740568,-10.5479346],[33.671709,-10.546146],[33.6715219,-10.5447574],[33.673187,-10.541819],[33.6726229,-10.5376544],[33.674662,-10.5377909],[33.6765856,-10.5369001],[33.6761441,-10.5326294],[33.676721,-10.529163],[33.674774,-10.529091],[33.673692,-10.530137],[33.672863,-10.528009],[33.6701648,-10.5285153],[33.669762,-10.531471],[33.668644,-10.531435],[33.666372,-10.535149],[33.6613834,-10.5325072],[33.6577819,-10.5294588],[33.6486624,-10.5242058],[33.6409848,-10.5144294],[33.6369336,-10.5104842],[33.6329682,-10.4985385],[33.6324876,-10.4860184],[33.6322096,-10.4730563],[33.6360986,-10.4625003],[33.6335986,-10.4580563],[33.6258206,-10.4519443],[33.6227656,-10.4483333],[33.6180436,-10.4455563],[33.6141546,-10.4425003],[33.5983206,-10.4238893],[33.5866546,-10.4147223],[33.5835986,-10.4108333],[33.5794316,-10.4077783],[33.5763766,-10.4041673],[33.5724876,-10.4011113],[33.5699876,-10.3966673],[33.5669316,-10.3927783],[33.5644316,-10.3886113],[33.5627656,-10.3775003],[33.5633206,-10.3705563],[33.5619316,-10.3655563],[33.5585986,-10.3616673],[33.5563766,-10.3575003],[33.5530436,-10.3538893],[33.5469316,-10.3463893],[33.5444316,-10.3419443],[33.5427656,-10.3308333],[33.5438766,-10.3172223],[33.5447096,-10.3102783],[33.5458206,-10.2966673],[33.5472096,-10.2905563],[33.5477656,-10.2836113],[33.5491546,-10.2777783],[33.5502656,-10.2716673],[33.5522096,-10.2661113],[33.5572096,-10.2569443],[33.5591546,-10.2516673],[33.5605436,-10.2455563],[33.5610986,-10.2388893],[33.5594316,-10.2277783],[33.5583206,-10.2219443],[33.5552656,-10.2122223],[33.5519316,-10.2083333],[33.5480436,-10.2052783],[33.5435986,-10.2027783],[33.5380436,-10.2008333],[33.5333206,-10.1983333],[33.5238766,-10.1872223],[33.5204574000754,-10.1845360579062],[33.4024842228079,-10.7954685749158]]]}}, {"type":"Feature","id":9,"properties":{"_id":"669592c9fb85d420982dfb3c","createdBy":"CjQQJHbrYXN2g3omNbbIuD3D3ZJ2","createdAt":"2024-07-15T21:21:13.662Z","updatedBy":"OPONcQnzWGOLiJSceNaf8pvx1fA2","updatedAt":"2024-07-18T14:37:26.308Z","name":"MTA ZOMBA EAST","dataIngestion":false,"type":25,"icaoClass":6,"activity":0,"onDemand":false,"onRequest":false,"byNotam":false,"specialAgreement":false,"requestCompliance":false,"country":"MW","upperLimit":{"value":110,"unit":6,"referenceDatum":2},"lowerLimit":{"value":0,"unit":1,"referenceDatum":0},"hoursOfOperation":{"operatingHours":[{"dayOfWeek":0,"startTime":"00:00","endTime":"00:00","byNotam":false,"sunrise":false,"sunset":false,"publicHolidaysExcluded":false},{"dayOfWeek":1,"startTime":"00:00","endTime":"00:00","byNotam":false,"sunrise":false,"sunset":false,"publicHolidaysExcluded":false},{"dayOfWeek":2,"startTime":"00:00","endTime":"00:00","byNotam":false,"sunrise":false,"sunset":false,"publicHolidaysExcluded":false},{"dayOfWeek":3,"startTime":"00:00","endTime":"00:00","byNotam":false,"sunrise":false,"sunset":false,"publicHolidaysExcluded":false},{"dayOfWeek":4,"startTime":"00:00","endTime":"00:00","byNotam":false,"sunrise":false,"sunset":false,"publicHolidaysExcluded":false},{"dayOfWeek":5,"startTime":"00:00","endTime":"00:00","byNotam":false,"sunrise":false,"sunset":false,"publicHolidaysExcluded":false},{"dayOfWeek":6,"startTime":"00:00","endTime":"00:00","byNotam":false,"sunrise":false,"sunset":false,"publicHolidaysExcluded":false}],"remarks":"Non-participating flights will not be allowed to operate into this area unless clearance is obtained from Chileka Approach."},"deletable":true},"geometry":{"type":"Polygon","coordinates":[[[35.5,-15],[35.5,-15.5],[35.75,-15.5],[35.75,-15],[35.5,-15]]]}}, {"type":"Feature","id":10,"properties":{"_id":"66958fb4fb85d420982de538","createdBy":"CjQQJHbrYXN2g3omNbbIuD3D3ZJ2","createdAt":"2024-07-15T21:08:04.479Z","updatedBy":"OPONcQnzWGOLiJSceNaf8pvx1fA2","updatedAt":"2024-07-18T14:37:26.354Z","name":"TMA LILONGWE","dataIngestion":false,"type":7,"icaoClass":2,"activity":0,"onDemand":false,"onRequest":false,"byNotam":false,"specialAgreement":false,"requestCompliance":false,"country":"MW","upperLimit":{"value":145,"unit":6,"referenceDatum":2},"lowerLimit":{"value":7500,"unit":1,"referenceDatum":1},"frequencies":[{"value":"128.000","primary":true,"unit":2,"name":"LILONGWE APP","_id":"66958fb4fb85d420982de539"}],"hoursOfOperation":{"operatingHours":[{"dayOfWeek":0,"startTime":"00:00","endTime":"00:00","byNotam":false,"sunrise":false,"sunset":false,"publicHolidaysExcluded":false},{"dayOfWeek":1,"startTime":"00:00","endTime":"00:00","byNotam":false,"sunrise":false,"sunset":false,"publicHolidaysExcluded":false},{"dayOfWeek":2,"startTime":"00:00","endTime":"00:00","byNotam":false,"sunrise":false,"sunset":false,"publicHolidaysExcluded":false},{"dayOfWeek":3,"startTime":"00:00","endTime":"00:00","byNotam":false,"sunrise":false,"sunset":false,"publicHolidaysExcluded":false},{"dayOfWeek":4,"startTime":"00:00","endTime":"00:00","byNotam":false,"sunrise":false,"sunset":false,"publicHolidaysExcluded":false},{"dayOfWeek":5,"startTime":"00:00","endTime":"00:00","byNotam":false,"sunrise":false,"sunset":false,"publicHolidaysExcluded":false},{"dayOfWeek":6,"startTime":"00:00","endTime":"00:00","byNotam":false,"sunrise":false,"sunset":false,"publicHolidaysExcluded":false}]},"deletable":true},"geometry":{"type":"Polygon","coordinates":[[[33.983333333333334,-14.922216666666667],[35.08331666666667,-14.290283333333333],[34.5488,-13.39225],[34.541739933508,-13.373016290040162],[34.5272012752992,-13.35084556612842],[34.51195681556307,-13.32912915019319],[34.496021691328494,-13.307888345270658],[34.4794117045804,-13.2871439826311],[34.46214330643016,-13.266916401726986],[34.44423358070955,-13.247225430631133],[34.42570022700471,-13.228090366982324],[34.40656154314645,-13.209529959455306],[34.38683640717429,-13.191562389771603],[34.36654425879112,-13.174205255267],[34.34570508032624,-13.15747555203118],[34.324339377224625,-13.141389658634282],[34.30246815808039,-13.125963320454757],[34.280112914232944,-13.111211634622284],[34.257295598944474,-13.097149035588933],[34.23403860617741,-13.083789281341275],[34.21036474899125,-13.071145440265473],[34.18629723757778,-13.059229878676861],[34.161859656954356,-13.048054249024888],[34.13707594433489,-13.03762947878378],[34.11197036619841,-13.02796576003856],[34.08656749507532,-13.019072539775557],[34.06089218607146,-13.010958510885796],[34.03496955315053,-13.003631603889223],[34.00882494519512,-12.997098979386854],[33.982483921867335,-12.99136702124747],[33.955972229289365,-12.98644133053482],[33.929315775565264,-12.982326720180549],[33.90254060616463,-12.979027210407532],[33.87567287918925,-12.976546024907565],[33.84873884054399,-12.974885587776766],[33.82176479903284,-12.974047521211325],[33.79477710140155,-12.974032643965602],[33.76780210734794,-12.974840970573952],[33.740866164521194,-12.976471711336899],[33.71399558353142,-12.978923273071713],[33.68721661299073,-12.982193260626728],[33.660555414606996,-12.986278479158056],[33.634038038351655,-12.991174937166784],[33.60769039772252,-12.99687785029392],[33.58153824512293,-13.003381645869878],[33.55560714737803,-13.010679968214502],[33.529922461409434,-13.018765684683016],[33.504509310088764,-13.02763089245265],[33.47939255829128,-13.037266926044055],[33.45459678916979,-13.04766436557091],[33.43014628066972,-13.058813045710599],[33.40606498230547,-13.07070206538809],[33.382376492218526,-13.083319798164599],[33.35910403453703,-13.096653903321991],[33.33627043705719,-13.110691337633199],[33.31389810926575,-13.12541836780844],[33.29200902072339,-13.140820583606292],[33.27062467982816,-13.156882911598224],[33.24976611297813,-13.173589629574456],[33.22945384415209,-13.190924381578574],[33.20970787492693,-13.208870193557695],[33.19054766495005,-13.227409489614395],[33.171992112885036,-13.246524108846165],[33.15405953784821,-13.266195322757465],[33.136767661353936,-13.286403853229087],[33.12013358978567,-13.307129891028913],[33.10417379740991,-13.328353114847605],[33.08890410994971,-13.350052710842439],[33.07433968873389,-13.372207392671793],[33.060495015438235,-13.39479542200245],[33.04738387743411,-13.417794629471436],[33.03501935375983,-13.441182436083507],[33.02341380172978,-13.464935875025109],[33.01257884419568,-13.48903161387513],[33.00252535747421,-13.513445977192339],[32.993263459954626,-13.538154969459038],[32.98480250139963,-13.56313429836],[32.9771510529524,-13.58835939837543],[32.970316897862034,-13.61380545466632],[32.96430702293921,-13.639447427230161],[32.95912761075367,-13.6652600753047],[32.95478403258408,-13.691217981997024],[32.95128084213072,-13.71729557911508],[32.94862177000078,-13.74346717217822],[32.94680971897529,-13.76970696558335],[32.9458467600664,-13.795989087902761],[32.94573412937285,-13.822287617289621],[32.94647222574093,-13.848576606966827],[32.94806060923764,-13.874830110774699],[32.95049800044195,-13.901022208752844],[32.95378228055933,-13.927127032731292],[32.957910492364235,-13.953118791905915],[32.96287884197405,-13.97897179837298],[32.96868270145766,-14.004660492597553],[32.975316612280686,-14.030159468790462],[32.98277428958877,-14.055443500168407],[32.991048627329405,-14.080487564071744],[33.00013170421186,-14.10526686691456],[33.010014790504016,-14.129756868941573],[33.020688355663836,-14.15393330876644],[33.03214207680241,-14.17777222766622],[33.044364847974414,-14.201249993606675],[33.05734479029107,-14.224343324973407],[33.07106926284944,-14.247029313983756],[33.085524874471105,-14.269285449754806],[33.10069749624215,-14.291089641002898],[33.11657227484535,-14.3124202383503],[33.13313364667459,-14.33325605621507],[33.150365352720065,-14.353576394260356],[33.16825045421249,-14.373361058379713],[33.1867713490126,-14.392590381195498],[33.205909788732015,-14.41124524204767],[33.22564689656984,-14.429307086450828],[33.24596318584872,-14.446757944997852],[33.266838579232896,-14.463580451688847],[33.28825242860972,-14.479757861664845],[33.31018353561514,-14.495274068326093],[33.332610172782694,-14.51011361981544],[33.355510105294435,-14.524261734848034],[33.37886061331138,-14.53770431786908],[33.40263851486009,-14.550427973522135],[33.42682018925096,-14.562420020411288],[33.4513816010032,-14.573668504141043],[33.47629832425023,-14.584162209618823],[33.50154556759879,-14.593890672605525],[33.52709819941401,-14.602844190500688],[33.5529307735021,-14.611013832349371],[33.579017555161535,-14.618391448059043],[33.605332547573084,-14.624969676815438],[33.63184951849816,-14.630741954687414],[33.65854202725488,-14.635702521411705],[33.685383451940204,-14.639846426349447],[33.712347016866424,-14.643169533607416],[33.73940582017985,-14.645668526317719],[33.766532861628995,-14.647340910070875],[33.7937010704496,-14.648185015498152],[33.820883333333335,-14.6482],[33.820883333333335,-14.6482],[33.983333333333334,-14.922216666666667]]]}}, {"type":"Feature","id":11,"properties":{"_id":"66959d54fb85d420982e38e6","createdBy":"CjQQJHbrYXN2g3omNbbIuD3D3ZJ2","createdAt":"2024-07-15T22:06:12.828Z","updatedBy":"OPONcQnzWGOLiJSceNaf8pvx1fA2","updatedAt":"2024-07-18T14:37:26.393Z","name":"FWP11 MZUZU","dataIngestion":false,"type":3,"icaoClass":6,"activity":0,"onDemand":false,"onRequest":false,"byNotam":false,"specialAgreement":false,"requestCompliance":false,"country":"MW","upperLimit":{"value":6000,"unit":1,"referenceDatum":0},"lowerLimit":{"value":0,"unit":1,"referenceDatum":0},"hoursOfOperation":{"operatingHours":[{"dayOfWeek":0,"startTime":"00:00","endTime":"00:00","byNotam":false,"sunrise":false,"sunset":false,"publicHolidaysExcluded":false},{"dayOfWeek":1,"startTime":"00:00","endTime":"00:00","byNotam":false,"sunrise":false,"sunset":false,"publicHolidaysExcluded":false},{"dayOfWeek":2,"startTime":"00:00","endTime":"00:00","byNotam":false,"sunrise":false,"sunset":false,"publicHolidaysExcluded":false},{"dayOfWeek":3,"startTime":"00:00","endTime":"00:00","byNotam":false,"sunrise":false,"sunset":false,"publicHolidaysExcluded":false},{"dayOfWeek":4,"startTime":"00:00","endTime":"00:00","byNotam":false,"sunrise":false,"sunset":false,"publicHolidaysExcluded":false},{"dayOfWeek":5,"startTime":"00:00","endTime":"00:00","byNotam":false,"sunrise":false,"sunset":false,"publicHolidaysExcluded":false},{"dayOfWeek":6,"startTime":"00:00","endTime":"00:00","byNotam":false,"sunrise":false,"sunset":false,"publicHolidaysExcluded":false}]},"remarks":"Residence of HE The President of the Republic of Malawi","deletable":true},"geometry":{"type":"Polygon","coordinates":[[[34.04685,-11.474566666666666],[34.052416666666666,-11.46735],[34.052400967422926,-11.467332712515015],[34.05271851139905,-11.466911582554534],[34.05302240032018,-11.466480884875736],[34.05331233431766,-11.466041044567982],[34.05358802730004,-11.465592495742214],[34.053849207235324,-11.465135681102357],[34.05409561641922,-11.464671051508269],[34.054327011729264,-11.464199065530655],[34.054543164864576,-11.463720188998348],[34.054743862570916,-11.463234894538461],[34.05492890685089,-11.462743661109826],[34.05509811515907,-11.462246973530197],[34.05525132058189,-11.461745321997672],[34.05538837200207,-11.461239201606825],[34.05550913424743,-11.46072911185999],[34.05561348822398,-11.460215556174253],[34.055701331033106,-11.459699041384535],[34.05577257607279,-11.459180077243362],[34.05582715312274,-11.458659175917713],[34.0558650084133,-11.458136851483555],[34.05588610467819,-11.457613619418453],[34.055890421190874,-11.457089996092847],[34.0558779537847,-11.456566498260443],[34.055848714856616,-11.456043642548215],[34.05580273335457,-11.455521944946597],[34.05574005474856,-11.455001920300255],[34.05566074098544,-11.45448408180005],[34.05556487042739,-11.453968940476607],[34.055452537774265,-11.453457004696052],[34.05532385396973,-11.45294877965838],[34.05517894609154,-11.452444766898953],[34.05501795722571,-11.451945463793631],[34.054841046325016,-11.451451363068022],[34.05464838805189,-11.45096295231132],[34.05444017260565,-11.450480713495223],[34.054216605534656,-11.450005122498416],[34.053977907533074,-11.449536648637059],[34.053724314222954,-11.449075754201768],[34.053456075921375,-11.448622894001527],[34.053173457393314,-11.448178514915016],[34.05287673759008,-11.447743055449731],[34.05256620937392,-11.4473169453094],[34.05224217922885,-11.446900604970091],[34.05190496695805,-11.446494445265412],[34.05155490536818,-11.44609886698125],[34.051192339940876,-11.445714260460411],[34.05081762849172,-11.445341005217585],[34.050431140817125,-11.444979469564991],[34.05003325832935,-11.44463001024907],[34.04962437368014,-11.444292972098605],[34.04920489037324,-11.44396868768459],[34.048775222366274,-11.443657476992211],[34.04833579366232,-11.44335964710522],[34.0478870378915,-11.44307549190306],[34.04742939788325,-11.44280529177101],[34.04696332522944,-11.442549313323646],[34.04648927983884,-11.442307809141866],[34.04600772948346,-11.4420810175238],[34.045519149337146,-11.441869162249775],[34.045024021506855,-11.441672452361603],[34.04452283455709,-11.441491081956434],[34.04401608302806,-11.441325229995309],[34.0435042669479,-11.441175060126682],[34.04298789133944,-11.441040720525018],[34.04246746572219,-11.440922343744662],[34.0419435036098,-11.440820046589112],[34.04141652200358,-11.44073392999583],[34.04088704088266,-11.440664078936699],[34.040355582691156,-11.440610562334221],[34.03982267182299,-11.440573432993544],[34.03928883410464,-11.440552727550395],[34.03875459627665,-11.440548466434942],[34.03822048547415,-11.440560653851644],[34.037687028707005,-11.440589277775123],[34.03715475234006,-11.440634309961995],[34.036624181574076,-11.440695705978749],[34.03609583992778,-11.440773405245547],[34.03557024872158,-11.440867331095985],[34.03504792656337,-11.440977390852687],[34.034529388837186,-11.441103475918707],[34.03401514719479,-11.441245461884627],[34.033505709051184,-11.441403208651252],[34.03300157708404,-11.441576560567782],[34.03250324873803,-11.441765346585303],[34.03201121573412,-11.441969380425494],[34.031525963584606,-11.442188460764328],[34.031047971114205,-11.442422371430636],[34.03057770998778,-11.442670881619305],[34.030115644245086,-11.442933746118896],[34.02966222984296,-11.443210705553508],[34.029217914205624,-11.443501486638581],[34.02878313578322,-11.443805802450441],[34.02835832361927,-11.444123352709287],[34.027943896927425,-11.444453824075367],[34.02754026467777,-11.444796890458028],[34.02714782519337,-11.445152213337348],[34.02676696575717,-11.445519442098055],[34.02639806222988,-11.445898214375333],[34.026041478679005,-11.446288156412281],[34.02569756701954,-11.446688883428575],[34.02536666666666,-11.4471],[34.02536666666666,-11.4471],[34.019816666666664,-11.454316666666667],[34.019817634707074,-11.454332712233155],[34.01950004356218,-11.45475377253772],[34.01919610279933,-11.455184401840224],[34.018906112404146,-11.455624175204298],[34.018630358600376,-11.456072658668386],[34.01836911356723,-11.456529409673873],[34.018122635170585,-11.456993977501654],[34.01789116670833,-11.457465903716791],[34.017674936670076,-11.45794472262079],[34.01747415851139,-11.458429961711053],[34.01728903044293,-11.458921142147036],[34.01711973523454,-11.459417779222678],[34.016966440034615,-11.459919382844653],[34.016829296204875,-11.460425458015898],[34.016708439170635,-11.460935505324027],[34.016603988286874,-11.461449021434111],[34.016516046720106,-11.461965499585299],[34.01644470134621,-11.462484430090901],[34.01639002266439,-11.463005300841292],[34.01635206472719,-11.463527597809282],[34.01633086508684,-11.464050805557338],[34.0163264447578,-11.46457440774625],[34.01633880819567,-11.46509788764467],[34.016367943292416,-11.46562072863907],[34.01641382138796,-11.46614241474358],[34.01647639729809,-11.466662431109212],[34.0165556093587,-11.467180264532008],[34.01665137948627,-11.467695403959532],[34.01676361325458,-11.46820734099528],[34.016892199987566,-11.46871557040046],[34.01703701286819,-11.469219590592688],[34.017197909063256,-11.469718904141061],[34.01737472986409,-11.470213018257162],[34.01756730084284,-11.470701445281488],[34.01777543202435,-11.471183703164813],[34.0179989180733,-11.471659315944047],[34.018237538496706,-11.472127814212076],[34.018491057861176,-11.47258873558114],[34.01875922602506,-11.47304162513932],[34.01904177838516,-11.473486035899608],[34.0193384361376,-11.473921529241196],[34.01964890655285,-11.474347675342504],[34.019972883264494,-11.474764053605536],[34.02031004657139,-11.475170253071113],[34.020660063753134,-11.475565872824625],[34.02102258939834,-11.475950522391862],[34.021397265745414,-11.476323822124547],[34.02178372303565,-11.47668540357517],[34.0221815798781,-11.477034909860796],[34.02259044362599,-11.477371996015442],[34.023009910764245,-11.477696329330689],[34.023439567307776,-11.478007589684216],[34.0238789892101,-11.478305469855883],[34.024327742781985,-11.478589675831106],[34.02478538511953,-11.478859927091179],[34.02525146454139,-11.479115956890272],[34.02572552103478,-11.479357512518842],[34.02620708670957,-11.479584355553184],[34.02669568626029,-11.479796262090867],[34.027190837435406,-11.479993022971847],[34.0276920515135,-11.480174443985003],[34.028198833785844,-11.480340346059947],[34.028710684044924,-11.48049056544385],[34.029227097078326,-11.480624953863156],[34.02974756316765,-11.480743378670006],[34.030271568591914,-11.480845722973246],[34.03079859613476,-11.48093188575385],[34.03132812559531,-11.481001781964698],[34.03185963430187,-11.481055342614555],[34.03239259762809,-11.48109251483621],[34.032926489511055,-11.481113261938683],[34.033460782970856,-11.481117563443465],[34.03399495063098,-11.48110541510474],[34.034528465239134,-11.48107682891357],[34.035060800188,-11.481031833086067],[34.03559143003524,-11.480970472035523],[34.03611983102245,-11.480892806328539],[34.03664548159236,-11.480798912625225],[34.03716786290396,-11.480688883603479],[34.037686459344826,-11.480562827867473],[34.03820075904035,-11.480420869840392],[34.03871025435917,-11.48026314964156],[34.03921444241448,-11.480089822948068],[34.03971282556068,-11.479901060841039],[34.04020491188466,-11.479697049636659],[34.04069021569163,-11.479477990702202],[34.04116825798467,-11.479244100257185],[34.041638566937685,-11.478995609159814],[34.04210067836121,-11.478732762679037],[34.0425541361608,-11.478455820252341],[34.04299849278726,-11.478165055229542],[34.04343330967852,-11.477860754602885],[34.04385815769255,-11.477543218723632],[34.044272617531,-11.477212761005486],[34.04467628015312,-11.47686970761511],[34.04506874717949,-11.476514397150087],[34.04544963128521,-11.476147180304544],[34.04581855658219,-11.475768419522915],[34.04617515899012,-11.475378488642061],[34.0465190865957,-11.474977772522147],[34.04685,-11.474566666666666]]]}}, {"type":"Feature","id":12,"properties":{"_id":"66959fc3fb85d420982e4715","createdBy":"CjQQJHbrYXN2g3omNbbIuD3D3ZJ2","createdAt":"2024-07-15T22:16:35.105Z","updatedBy":"eBT9qSrxquPVguazo7MwJzzaf2p1","updatedAt":"2024-08-17T17:44:43.755Z","name":"LILONGWE CONTROL AREA","dataIngestion":false,"type":26,"icaoClass":0,"activity":0,"onDemand":false,"onRequest":false,"byNotam":false,"specialAgreement":false,"requestCompliance":false,"country":"MW","upperLimit":{"value":999,"unit":6,"referenceDatum":0},"lowerLimit":{"value":145,"unit":6,"referenceDatum":0},"hoursOfOperation":{"operatingHours":[{"dayOfWeek":0,"startTime":"00:00","endTime":"00:00","byNotam":false,"sunrise":false,"sunset":false,"publicHolidaysExcluded":false},{"dayOfWeek":1,"startTime":"00:00","endTime":"00:00","byNotam":false,"sunrise":false,"sunset":false,"publicHolidaysExcluded":false},{"dayOfWeek":2,"startTime":"00:00","endTime":"00:00","byNotam":false,"sunrise":false,"sunset":false,"publicHolidaysExcluded":false},{"dayOfWeek":3,"startTime":"00:00","endTime":"00:00","byNotam":false,"sunrise":false,"sunset":false,"publicHolidaysExcluded":false},{"dayOfWeek":4,"startTime":"00:00","endTime":"00:00","byNotam":false,"sunrise":false,"sunset":false,"publicHolidaysExcluded":false},{"dayOfWeek":5,"startTime":"00:00","endTime":"00:00","byNotam":false,"sunrise":false,"sunset":false,"publicHolidaysExcluded":false},{"dayOfWeek":6,"startTime":"00:00","endTime":"00:00","byNotam":false,"sunrise":false,"sunset":false,"publicHolidaysExcluded":false}]},"frequencies":[{"value":"128.000","primary":true,"unit":2,"name":"LILONGWE APPROACH","remarks":"English","_id":"66bf5a8c692604f0c5525357"},{"value":"124.700","primary":false,"unit":2,"name":"LILONGWE RADAR","remarks":"English","_id":"66bf5a8c692604f0c5525358"}],"deletable":true},"geometry":{"type":"Polygon","coordinates":[[[33.8075137095393,-14.9999988594022],[34.0735153982791,-15.8568198829565],[34.0739331914017,-15.8586861610274],[34.0773662488269,-15.8728285428621],[34.0810529486612,-15.8869110129423],[34.084992228602,-15.9009293129572],[34.0891829492739,-15.9148792031344],[34.09362389451,-15.9287564635338],[34.0983137716576,-15.9425568953375],[34.1032512119076,-15.9562763221333],[34.1084347706485,-15.9699105911937],[34.1138629278445,-15.9834555747477],[34.119534088437,-15.9969071712472],[34.1254465827712,-16.0102613066254],[34.1315986670458,-16.0235139355492],[34.137988523787,-16.0366610426627],[34.1446142623467,-16.0496986438234],[34.1514739194237,-16.0626227873295],[34.1585654596094,-16.0754295551388],[34.1658867759567,-16.0881150640776],[34.1734356905728,-16.1006754670405],[34.1812099552347,-16.1131069541803],[34.1892072520291,-16.1254057540863],[34.1974251940143,-16.1375681349533],[34.205861325906,-16.1495904057381],[34.214513124786,-16.161468917305],[34.2233780008325,-16.1732000635592],[34.2324532980746,-16.1847802825674],[34.2417362951681,-16.1962060576661],[34.2512242061936,-16.2074739185564],[34.2609141814772,-16.2185804423856],[34.2708033084321,-16.2295222548142],[34.2808886124229,-16.2402960310694],[34.2911670576501,-16.2508984969835],[34.3016355480563,-16.261326430017],[34.3122909282537,-16.2715766602673],[34.3231299844712,-16.2816460714604],[34.3341494455225,-16.2915316019272],[34.3453459837945,-16.3012302455635],[34.3567162162545,-16.310739052773],[34.3682567054781,-16.3200551313925],[34.3799639606952,-16.3291756476012],[34.3918344388556,-16.3380978268105],[34.4038645457128,-16.3468189545368],[34.416050636926,-16.3553363772556],[34.4283890191799,-16.3636475032365],[34.4408759513223,-16.3717498033598],[34.4535076455181,-16.379640811913],[34.466280268421,-16.3873181273682],[34.479189942361,-16.3947794131395],[34.4922327465476,-16.40202239832],[34.5054047182893,-16.4090448783981],[34.5187018542274,-16.4158447159539],[34.5321201115852,-16.4224198413334],[34.5456554094315,-16.4287682533026],[34.5593036299571,-16.434888019679],[34.573060619766,-16.4407772779422],[34.5869221911783,-16.4464342358223],[34.6008841235464,-16.4518571718654],[34.6149421645832,-16.4570444359779],[34.6290920317016,-16.4619944499472],[34.6433294133648,-16.4667057079397],[34.6576499704479,-16.4711767769765],[34.6720493376093,-16.4754062973851],[34.6865231246711,-16.4793929832279],[34.7010669180096,-16.4831356227075],[34.7156762819538,-16.4866330785484],[34.7303467601917,-16.4898842883538],[34.7450738771848,-16.49288826494],[34.7598531395891,-16.4956440966458],[34.7746800376827,-16.4981509476177],[34.7895500467995,-16.5004080580708],[34.8044586287681,-16.502414744526],[34.8194012333557,-16.5041704000218],[34.834373299716,-16.5056744943019],[34.8493702578415,-16.5069265739783],[34.8643875300183,-16.5079262626694],[34.8794205322842,-16.5086732611139],[34.8944646758883,-16.5091673472592],[34.9095153687528,-16.5094083763257],[34.9245680169352,-16.5093962808455],[34.9396180260915,-16.5091310706773],[34.9546608029387,-16.5086128329954],[34.9696917567175,-16.5078417322548],[34.9847063006527,-16.5068180101305],[34.9996998534128,-16.5055419854336],[35.0146678405667,-16.5040140540005],[35.0296056960378,-16.50223468856],[35.0445088635546,-16.5002044385731],[35.0593727980972,-16.4979239300509],[35.0741929673398,-16.4953938653456],[35.0889648530874,-16.4926150229194],[35.1036839527076,-16.4895882570873],[35.1183457805561,-16.4863144977368],[35.132945869395,-16.4827947500233],[35.1474797718049,-16.4790300940415],[35.1619430615889,-16.4750216844734],[35.1763313351677,-16.4707707502119],[35.1906402129674,-16.466278593962],[35.2048653407969,-16.4615465918178],[35.2190023912162,-16.456576192817],[35.2330470648942,-16.4513689184721],[35.2469950919562,-16.4459263622787],[35.2608422333197,-16.4402501892021],[35.2745842820191,-16.4343421351404],[35.2882170645181,-16.4282040063664],[35.3017364420095,-16.4218376789471],[35.3151383117019,-16.4152450981419],[35.3284186080932,-16.4084282777786],[35.3415733042306,-16.4013892996093],[35.3545984129551,-16.3941303126447],[35.3674899881327,-16.3866535324674],[35.3802441258693,-16.3789612405259],[35.3928569657113,-16.3710557834073],[35.4053246918291,-16.3629395720907],[35.4176435341851,-16.3546150811811],[35.4298097696849,-16.3460848481236],[35.4418197233112,-16.3373514723993],[35.4536697692408,-16.3284176147015],[35.4653563319434,-16.3192859960947],[35.4768758872631,-16.3099593971544],[35.4882249634804,-16.3004406570903],[35.4994001423569,-16.2907326728508],[35.5103980601599,-16.2808383982118],[35.5212154086684,-16.2707608428475],[35.5318489361592,-16.2605030713853],[35.5422954483737,-16.2500682024452],[35.5525518094635,-16.239459407662],[35.5626149429175,-16.2286799106937],[35.5724818324663,-16.217732986214],[35.5821495229676,-16.2066219588898],[35.5916151212695,-16.1953502023453],[35.6008757970531,-16.1839211381116],[35.6099287836532,-16.1723382345626],[35.6187713788579,-16.1606050058378],[35.6274009456857,-16.1487250107524],[35.6358149131418,-16.1367018516947],[35.6440107769506,-16.1245391735112],[35.6519861002673,-16.1122406623805],[35.6584213131877,-16.1019221124887],[35.6602366,-16.1022642],[35.6614628,-16.1001031],[35.6643098,-16.1001296],[35.6679116,-16.0992503],[35.66998,-16.0975315],[35.6734441,-16.0958339],[35.6750385,-16.0991338],[35.6752186,-16.1009373],[35.6784734,-16.0991814],[35.6784734,-16.0962603],[35.6829995,-16.1002276],[35.6848825,-16.1008129],[35.6847607,-16.1019331],[35.6814847,-16.1031858],[35.6822818,-16.1054422],[35.6847793,-16.1051615],[35.6862253,-16.1029792],[35.6886962,-16.1034454],[35.6930926,-16.1025608],[35.6954136,-16.1003086],[35.6972066,-16.1011825],[35.6968941,-16.1029067],[35.6981176,-16.1029808],[35.7012401,-16.100057],[35.7031178,-16.0998901],[35.7041745,-16.1026762],[35.7075913,-16.1024144],[35.7094842,-16.101453],[35.7122909,-16.1012067],[35.7120505,-16.1004241],[35.7086261,-16.0997349],[35.7077462,-16.0981379],[35.7097702,-16.09609],[35.7117595,-16.0958659],[35.7108745,-16.0942351],[35.7133141,-16.0915914],[35.7152369,-16.0925581],[35.7196276,-16.0920821],[35.7204384,-16.0888829],[35.7222718,-16.0875322],[35.723397,-16.0878761],[35.7262007,-16.085771],[35.7279903,-16.0855307],[35.7293728,-16.0838741],[35.7318777,-16.0841094],[35.7354349,-16.0821811],[35.7373371,-16.0802264],[35.7389517,-16.0762108],[35.7419358,-16.0779998],[35.7450571,-16.0769023],[35.7447351,-16.0761341],[35.7481436,-16.0761475],[35.750992,-16.0743748],[35.7520884,-16.0756604],[35.7576096,-16.0745801],[35.7600346,-16.074479],[35.762655,-16.0712344],[35.7627489,-16.0699428],[35.7665387,-16.068909],[35.7672821,-16.0674639],[35.7649462,-16.06535],[35.7665421,-16.0624922],[35.7661856,-16.0608829],[35.7696179,-16.0574149],[35.7712021,-16.0551421],[35.7726393,-16.0543688],[35.776024,-16.0559647],[35.7798713,-16.0544887],[35.7811243,-16.0515619],[35.7835737,-16.0498739],[35.7850754,-16.0502446],[35.7857557,-16.048687],[35.7890834,-16.0476085],[35.7910737,-16.0483831],[35.7907678,-16.0471794],[35.7931893,-16.0464269],[35.7932252,-16.0432427],[35.7977629,-16.0415459],[35.8005527,-16.0417613],[35.8011177,-16.040361],[35.8047824,-16.0397949],[35.8060822,-16.0381134],[35.8080219,-16.039224],[35.8095248,-16.0381627],[35.8099712,-16.0364473],[35.8118452,-16.0349788],[35.8131254,-16.0350884],[35.8132498,-16.0312012],[35.8143226,-16.0296857],[35.8165942,-16.0296916],[35.817533,-16.0270317],[35.8162816,-16.025103],[35.8184092,-16.0201573],[35.8187227,-16.0182796],[35.817637,-16.0179439],[35.8161388,-16.0150403],[35.8180218,-16.0148008],[35.8191646,-16.0127135],[35.8170636,-16.010858],[35.8188696,-16.0094847],[35.8184484,-16.0068914],[35.8190463,-16.004837],[35.8171672,-15.9998801],[35.817771,-15.9967772],[35.816319,-15.9955505],[35.8135828,-15.9960011],[35.8129584,-15.9973132],[35.8106478,-15.9961498],[35.810895,-15.995274],[35.8085833,-15.9947321],[35.8079933,-15.9927951],[35.8066366,-15.992499],[35.807224,-15.9888784],[35.8063362,-15.9872792],[35.8071844,-15.9864414],[35.8070823,-15.9836322],[35.8057764,-15.982049],[35.8072574,-15.9813531],[35.8061556,-15.9773679],[35.8073838,-15.9750348],[35.8070641,-15.9706645],[35.805989,-15.9705767],[35.8069163,-15.9668437],[35.8058897,-15.9613786],[35.8080313,-15.9587721],[35.8063203,-15.9587259],[35.8060162,-15.9553213],[35.8087712,-15.9506581],[35.8086597,-15.9485071],[35.8111839,-15.9451963],[35.8098459,-15.9419846],[35.81075,-15.9413943],[35.8110189,-15.9371803],[35.8133836,-15.9350206],[35.8125979,-15.9339444],[35.8143161,-15.9260892],[35.817325,-15.8843028],[35.819308,-15.8494891],[35.8226421,-15.7946868],[35.8267521,-15.7315685],[35.8401588,-15.5772658],[35.8424749,-15.5528334],[35.8446913,-15.5284943],[35.8510432,-15.4500335],[35.8513697,-15.4415867],[35.8523223,-15.4342306],[35.853111,-15.4191381],[35.8422372,-15.3700874],[35.7900652,-15.1699635],[35.8680359,-15.0020207],[35.8781366,-14.9817779],[35.9185731,-14.8953503],[35.8721121,-14.8953629],[35.8720982,-14.6756206],[35.8589469,-14.6599875],[35.7696107,-14.5541696],[35.6154064,-14.3714765],[35.5206288,-14.2592275],[35.4867849,-14.1706567],[35.2274394,-13.8810134],[35.161829,-13.7945809],[35.0895755,-13.6993081],[34.997222,-13.6116602],[34.9270556,-13.5464621],[34.8668983,-13.4831105],[34.860338,-13.4694953],[34.869318,-13.4284298],[34.8591212,-13.4206452],[34.8678701,-13.4089815],[34.8696116,-13.4006902],[34.854818,-13.3869998],[34.8448617,-13.3813037],[34.8337412,-13.368499],[34.8217678,-13.3634156],[34.8016578,-13.3475308],[34.792868,-13.3373225],[34.7903484,-13.3271344],[34.7948599,-13.3065043],[34.8065302,-13.27666],[34.8053634,-13.2611413],[34.8158529,-13.2399772],[34.8161772,-13.2248546],[34.80725,-13.21875],[34.811157,-13.2141979],[34.8030353,-13.1933232],[34.80364,-13.1766847],[34.7977768,-13.1634321],[34.7964424,-13.136662],[34.8132706,-13.107275],[34.8079061,-13.094153],[34.811283,-13.0903936],[34.8060527,-13.0693959],[34.799427,-13.062879],[34.8007822,-13.0524779],[34.7961245,-13.0505646],[34.7839101,-13.0165601],[34.7762726,-13.0122004],[34.7767377,-13.0029094],[34.7620189,-12.9745539],[34.7645601,-12.9620854],[34.7591919,-12.9357683],[34.7603938,-12.9216739],[34.7552383,-12.9147341],[34.7572955,-12.8979415],[34.7625583,-12.8884328],[34.772265,-12.8815295],[34.7709588,-12.8640307],[34.7770111,-12.8568729],[34.7791287,-12.8417802],[34.7860387,-12.8319466],[34.7891293,-12.8184431],[34.7867113,-12.7939294],[34.7957987,-12.7771497],[34.7947446,-12.7706506],[34.8111516,-12.7521258],[34.8171567,-12.7376808],[34.8163739,-12.7085373],[34.8205769,-12.6988862],[34.8125464,-12.695414],[34.8093384,-12.7046086],[34.8008868,-12.7001396],[34.8090649,-12.6858421],[34.7989529,-12.6480406],[34.7940928,-12.6412334],[34.770771,-12.629283],[34.76853,-12.6110266],[34.7758511,-12.5975062],[34.7677039,-12.5747049],[34.7542419,-12.5578269],[34.7572392,-12.5496062],[34.7439261,-12.5396479],[34.7325508,-12.5360792],[34.7129036,-12.5189304],[34.7112112,-12.5076512],[34.7033979,-12.5012514],[34.7043447,-12.4883635],[34.698405,-12.4822264],[34.7010657,-12.4586665],[34.6890789,-12.4408119],[34.6840981,-12.4273906],[34.6927267,-12.4300099],[34.7040644,-12.4243469],[34.7086591,-12.4153281],[34.7027233,-12.3938527],[34.7094972,-12.3695015],[34.6998855,-12.3470816],[34.7012401,-12.3276196],[34.7134978,-12.2939497],[34.7123578,-12.2854663],[34.7223866,-12.2702365],[34.7199672,-12.262523],[34.7231913,-12.2492236],[34.7109738,-12.2308986],[34.7118589,-12.2199884],[34.7004783,-12.1989571],[34.6996522,-12.1877034],[34.7224724,-12.1670746],[34.7442198,-12.1532067],[34.7566786,-12.1407253],[34.7608253,-12.1276165],[34.7709721,-12.1261453],[34.7769856,-12.1149148],[34.7959998,-12.1120943],[34.8107144,-12.0967654],[34.8105159,-12.0808192],[34.8144682,-12.0724215],[34.840444,-12.0736693],[34.8621833,-12.0638648],[34.8744276,-12.0525989],[34.8899925,-12.0256008],[34.882029,-12.0018139],[34.8942921,-11.9803311],[34.8961253,-11.9476565],[34.900209,-11.9407694],[34.9028067,-11.9198185],[34.8999569,-11.9082199],[34.9064317,-11.8991652],[34.9226926,-11.8857966],[34.9284258,-11.8738756],[34.9305837,-11.8558051],[34.9377371,-11.8412295],[34.9537057,-11.7817218],[34.9506238,-11.7627793],[34.9493846,-11.7355712],[34.9546176,-11.711231],[34.962042,-11.7004312],[34.9673045,-11.6637132],[34.9672481,-11.6499799],[34.9620581,-11.621807],[34.956699,-11.6152336],[34.961696,-11.6042855],[34.9648771,-11.5804436],[34.9602529,-11.57548],[34.9592096,-11.5741057],[34.963882,-11.5511784],[34.9595502,-11.537153],[34.9612722,-11.5279653],[34.9583459,-11.5105641],[34.9546096,-11.506351],[34.9558166,-11.4915322],[34.9473301,-11.4766364],[34.9305837,-11.4623813],[34.9339847,-11.4528468],[34.9263887,-11.4382999],[34.9222138,-11.4225403],[34.9280262,-11.3983517],[34.912051,-11.3847132],[34.8662442,-11.356306],[34.8444352,-11.3459474],[34.8305396032,-11.3360775432882],[33.6425,-11.5036111111111],[32.5131031137727,-14.2547517131194],[32.5137997671536,-14.2567504929477],[32.5218636418273,-14.2786304374782],[32.5303172187986,-14.3003703055047],[32.5391580534051,-14.3219635088452],[32.5483835816362,-14.3434035016045],[32.5579911207613,-14.3646837821873],[32.5679778699977,-14.3857978953022],[32.578340911216,-14.4067394339535],[32.5890772096852,-14.4275020414222],[32.6001836148554,-14.4480794132348],[32.61165686118,-14.4684652991195],[32.6234935689761,-14.4886535049479],[32.6356902453234,-14.5086378946642],[32.648243285002,-14.5284123921983],[32.6611489714685,-14.5479709833639],[32.67440347787,-14.5673077177412],[32.6880028680973,-14.5864167105417],[32.7019430978754,-14.6052921444566],[32.7162200158923,-14.6239282714865],[32.730829364966,-14.642319414753],[32.7457667832483,-14.6604599702906],[32.7610278054672,-14.6783444088187],[32.7766078642054,-14.6959672774925],[32.7925022912166,-14.7133232016339],[32.8087063187784,-14.7304068864387],[32.8252150810814,-14.7472131186626],[32.8420236156547,-14.7637367682832],[32.8591268648272,-14.7799727901384],[32.8765196772245,-14.7959162255401],[32.8941968093007,-14.8115622038633],[32.9121529269055,-14.8269059441083],[32.9303826068849,-14.8419427564376],[32.9488803387164,-14.8566680436852],[32.9676405261774,-14.8710773028385],[32.9866574890473,-14.8851661264915],[33.0059254648406,-14.89893020427],[33.0254386105736,-14.9123653242263],[33.0451910045619,-14.9254673742047],[33.0651766482486,-14.938232343176],[33.0853894680629,-14.9506563225413],[33.1058233173091,-14.9627355074031],[33.1264719780835,-14.9744661978053],[33.1473291632209,-14.9858447999394],[33.1683885182681,-14.9968678273183],[33.1744170316241,-14.9998927540386],[33.8075137095393,-14.9999988594022]]]}}, {"type":"Feature","id":13,"properties":{"_id":"66959a5efb85d420982e259e","createdBy":"CjQQJHbrYXN2g3omNbbIuD3D3ZJ2","createdAt":"2024-07-15T21:53:34.324Z","updatedBy":"OPONcQnzWGOLiJSceNaf8pvx1fA2","updatedAt":"2024-07-18T14:37:26.545Z","name":"FWR7 LENGWE NATIONAL PARK","dataIngestion":false,"type":1,"icaoClass":6,"activity":0,"onDemand":false,"onRequest":false,"byNotam":false,"specialAgreement":false,"requestCompliance":false,"country":"MW","upperLimit":{"value":1500,"unit":1,"referenceDatum":0},"lowerLimit":{"value":0,"unit":1,"referenceDatum":0},"hoursOfOperation":{"operatingHours":[{"dayOfWeek":0,"startTime":"00:00","endTime":"00:00","byNotam":false,"sunrise":false,"sunset":false,"publicHolidaysExcluded":false},{"dayOfWeek":1,"startTime":"00:00","endTime":"00:00","byNotam":false,"sunrise":false,"sunset":false,"publicHolidaysExcluded":false},{"dayOfWeek":2,"startTime":"00:00","endTime":"00:00","byNotam":false,"sunrise":false,"sunset":false,"publicHolidaysExcluded":false},{"dayOfWeek":3,"startTime":"00:00","endTime":"00:00","byNotam":false,"sunrise":false,"sunset":false,"publicHolidaysExcluded":false},{"dayOfWeek":4,"startTime":"00:00","endTime":"00:00","byNotam":false,"sunrise":false,"sunset":false,"publicHolidaysExcluded":false},{"dayOfWeek":5,"startTime":"00:00","endTime":"00:00","byNotam":false,"sunrise":false,"sunset":false,"publicHolidaysExcluded":false},{"dayOfWeek":6,"startTime":"00:00","endTime":"00:00","byNotam":false,"sunrise":false,"sunset":false,"publicHolidaysExcluded":false}]},"remarks":"Game Reserve - Except for the purpose of landing or taking off or in an emergency, no person shall fly any aircraft at an altitude of less than 1500ft above ground except with the prior permission of the Chief Game Warden.","deletable":true},"geometry":{"type":"Polygon","coordinates":[[[34.75,-16.2],[34.7,-16.216666666666665],[34.78333333333333,-16.283333333333335],[34.833333333333336,-16.316666666666666],[34.88333333333333,-16.3],[34.86666666666667,-16.25],[34.75,-16.2]]]}}, {"type":"Feature","id":14,"properties":{"_id":"66959cd5fb85d420982e35b1","createdBy":"CjQQJHbrYXN2g3omNbbIuD3D3ZJ2","createdAt":"2024-07-15T22:04:05.990Z","updatedBy":"OPONcQnzWGOLiJSceNaf8pvx1fA2","updatedAt":"2024-07-18T14:37:26.554Z","name":"FWP10 LILONGWE","dataIngestion":false,"type":3,"icaoClass":2,"activity":0,"onDemand":false,"onRequest":false,"byNotam":false,"specialAgreement":false,"requestCompliance":false,"country":"MW","upperLimit":{"value":6000,"unit":1,"referenceDatum":0},"lowerLimit":{"value":0,"unit":1,"referenceDatum":0},"hoursOfOperation":{"operatingHours":[{"dayOfWeek":0,"startTime":"00:00","endTime":"00:00","byNotam":false,"sunrise":false,"sunset":false,"publicHolidaysExcluded":false},{"dayOfWeek":1,"startTime":"00:00","endTime":"00:00","byNotam":false,"sunrise":false,"sunset":false,"publicHolidaysExcluded":false},{"dayOfWeek":2,"startTime":"00:00","endTime":"00:00","byNotam":false,"sunrise":false,"sunset":false,"publicHolidaysExcluded":false},{"dayOfWeek":3,"startTime":"00:00","endTime":"00:00","byNotam":false,"sunrise":false,"sunset":false,"publicHolidaysExcluded":false},{"dayOfWeek":4,"startTime":"00:00","endTime":"00:00","byNotam":false,"sunrise":false,"sunset":false,"publicHolidaysExcluded":false},{"dayOfWeek":5,"startTime":"00:00","endTime":"00:00","byNotam":false,"sunrise":false,"sunset":false,"publicHolidaysExcluded":false},{"dayOfWeek":6,"startTime":"00:00","endTime":"00:00","byNotam":false,"sunrise":false,"sunset":false,"publicHolidaysExcluded":false}]},"remarks":"Residence of HE The President of the Republic of Malawi","deletable":true},"geometry":{"type":"Polygon","coordinates":[[[33.76345,-14.013233333333334],[33.82201666666667,-13.993083333333333],[33.82203382068485,-13.993083285574038],[33.82256356201238,-13.99297102675372],[33.82308940740262,-13.992842676390081],[33.823610837806754,-13.992698361176267],[33.82412733853667,-13.992538223563889],[33.824638399773335,-13.992362421622317],[33.825143517070266,-13.992171128882559],[33.82564219185177,-13.991964534165868],[33.826133931905225,-13.991742841397246],[33.82661825186729,-13.991506269404018],[33.82709467370304,-13.991255051699731],[33.82756272717813,-13.990989436253498],[33.82802195032307,-13.990709685245118],[33.82847188988931,-13.990416074806117],[33.82891210179682,-13.990108894747063],[33.829342151572455,-13.989788448271327],[33.829761614778924,-13.989455051675659],[33.830170077433735,-13.989109034037826],[33.83056713641785,-13.988750736891625],[33.83095239987359,-13.988380513889611],[33.83132548759138,-13.987998730453866],[33.83168603138495,-13.98760576341514],[33.832033675454696,-13.987202000640746],[33.83236807673873,-13.986787840651566],[33.832688905251395,-13.986363692228514],[33.83299584440876,-13.985929974008934],[33.833288591340946,-13.985487114073225],[33.83356685719086,-13.98503554952216],[33.83383036739905,-13.984575726045339],[33.83407886197445,-13.984108097481133],[33.8343120957507,-13.983633125368616],[33.83452983862785,-13.9831512784919],[33.83473187579917,-13.982663032417332],[33.83491800796276,-13.982168869023992],[33.835088051517964,-13.981669276027993],[33.835241838746164,-13.981164746501012],[33.83537921797598,-13.980655778383564],[33.83550005373251,-13.980142873993472],[33.83560422687065,-13.979626539530019],[33.83569163469226,-13.979107284574301],[33.835762191047095,-13.97858562158626],[33.835815826417374,-13.978062065398854],[33.83585248798593,-13.97753713270994],[33.83587213968792,-13.977011341572306],[33.83587476224592,-13.976485210882384],[33.835860353188515,-13.97595925986815],[33.83582892685227,-13.975434007576697],[33.83578051436711,-13.974909972362028],[33.83571516362517,-13.974387671373515],[33.83563293923303,-13.973867620045581],[33.83553392244758,-13.973350331589078],[33.835418211095316,-13.972836316484884],[33.83528591947541,-13.972326081980196],[33.83513717824649,-13.971820131588029],[33.83497213429728,-13.971318964590425],[33.834790950601246,-13.970823075545836],[33.834593806055395,-13.97033295380117],[33.83438089530337,-13.969849083009038],[33.83415242854301,-13.969371940650563],[33.833908631318614,-13.96890199756435],[33.83364974429802,-13.968439717481987],[33.83337602303487,-13.967985556570573],[33.833087737716134,-13.96753996298274],[33.832785172895235,-13.967103376414554],[33.83246862721105,-13.966676227671806],[33.832138413093,-13.966258938245055],[33.83179485645259,-13.965851919893895],[33.83143829636165,-13.96545557424078],[33.831069084717605,-13.965070292374936],[33.83068758589616,-13.964696454466594],[33.830294176391654,-13.964334429392027],[33.82988924444552,-13.96398457436976],[33.82947318966314,-13.96364723460825],[33.82904642261954,-13.96332274296541],[33.82860936445431,-13.963011419620381],[33.82816244645608,-13.962713571757725],[33.82770610963701,-13.962429493264503],[33.827240804297794,-13.962159464440472],[33.826766989583355,-13.961903751721627],[33.82628513303006,-13.961662607417484],[33.82579571010448,-13.961436269462261],[33.82529920373446,-13.961224961180255],[33.824796103832796,-13.96102889106561],[33.824286906814116,-13.960848252576726],[33.823772115105214,-13.960683223945503],[33.82325223664969,-13.960533968001576],[33.822727784406915,-13.960400632011766],[33.82219927584631,-13.96028334753486],[33.82166723243695,-13.96018223029189],[33.821132179133436,-13.960097380052035],[33.82059464385822,-13.960028880534226],[33.82005515698106,-13.959976799324615],[33.819514250796026,-13.959941187809925],[33.81897245899666,-13.959922081126784],[33.81843031614975,-13.959919498127073],[33.81788835716821,-13.959933441359343],[33.81734711678367,-13.959963897066311],[33.8168071290192,-13.960010835198402],[33.81626892666278,-13.960074209443404],[33.815733040741904,-13.960153957272112],[33.8152,-13.96025],[33.8152,-13.96025],[33.75321666666667,-13.964],[33.75242350519504,-13.964167957174977],[33.751635078983306,-13.964360146937503],[33.7508532610518,-13.964576272524404],[33.750078822737436,-13.964816120712854],[33.749312528103424,-13.965079454875344],[33.74855513318613,-13.965366015212911],[33.74780738524971,-13.965675519011217],[33.7470700220494,-13.966007660919203],[33.74634377110425,-13.966362113250094],[33.74562934897968,-13.966738526304377],[33.744927460581074,-13.967136528714533],[33.74423879845858,-13.967555727811101],[33.743564042124206,-13.967995710009756],[33.74290385738168,-13.968456041219014],[33.742258895669735,-13.96893626726819],[33.74162979341961,-13.969435914355083],[33.74101717142718,-13.969954489513134],[33.74042163424054,-13.97049148109739],[33.739843769563535,-13.971046359288964],[33.739284147675825,-13.97161857661739],[33.73874332087013,-13.972207568500407],[33.7382218229071,-13.972812753800643],[33.73772016848848,-13.973433535398618],[33.737238852748916,-13.974069300781542],[33.73677835076716,-13.974719422647299],[33.736339117096854,-13.975383259523037],[33.735921585317584,-13.976060156397764],[33.735526167606565,-13.976749445368297],[33.73515325433142,-13.977450446297963],[33.73480321366431,-13.978162467487392],[33.73447639121809,-13.978884806356712],[33.7341731097045,-13.979616750138542],[33.733893668615046,-13.980357576581019],[33.73363834392467,-13.98110655466023],[33.73340738781861,-13.98186294530132],[33.73320102844267,-13.98262600210757],[33.73301946967727,-13.983394972096729],[33.732862890935245,-13.984169096443855],[33.73273144698393,-13.984947611229975],[33.732625267791434,-13.985729748195789],[33.7325444583974,-13.986514735499682],[33.73248909880835,-13.98730179847931],[33.732459243917695,-13.988090160416004],[33.732454923450554,-13.988879043301203],[33.73247614193339,-13.98966766860426],[33.73252287868847,-13.990455258040708],[33.732595087853284,-13.99124103434037],[33.73269269842475,-13.992024222014507],[33.732815614328246,-13.992804048121195],[33.73296371451146,-13.993579743028254],[33.73313685306284,-13.99435054117293],[33.733334859354606,-13.995115681817595],[33.73355753821021,-13.995874409800706],[33.733804670096056,-13.996625976282298],[33.73407601133723,-13.997369639483251],[33.734371294357146,-13.998104665417664],[33.73469022794083,-13.998830328617474],[33.73503249752151,-13.999545912848784],[33.73539776549034,-14.000250711819042],[33.73578567152892,-14.000944029874468],[33.73619583296428,-14.001625182686965],[33.73662784514591,-14.002293497929891],[33.73708128184467,-14.002948315942032],[33.737555695672874,-14.003588990379011],[33.738050618525506,-14.00421488885167],[33.73856556204179,-14.004825393550595],[33.7391000180869,-14.00541990185634],[33.73965345925318,-14.005997826934609],[33.740225339380565,-14.006558598315905],[33.7408150940954,-14.00710166245901],[33.741422141367494,-14.007626483297766],[33.742045882084476,-14.008132542770618],[33.74268570064322,-14.008619341332375],[33.74334096555753,-14.009086398447693],[33.744011030081616,-14.009533253065806],[33.74469523284861,-14.009959464076],[33.74539289852368,-14.010364610743403],[33.7461033384709,-14.01074829312468],[33.74682585143334,-14.011110132463147],[33.747559724225724,-14.011449771562999],[33.74830423243877,-14.011766875142238],[33.74905864115481,-14.012061130163936],[33.74982220567375,-14.012332246145542],[33.75059417224876,-14.0125799554459],[33.751373778830896,-14.012804013529708],[33.75216025582201,-14.013004199209146],[33.75295282683513,-14.013180314862437],[33.75375070946153,-14.013332186629114],[33.75455311604385,-14.013459664581838],[33.755359254454326,-14.01356262287453],[33.756168328877614,-14.013640959866738],[33.756979540597015,-14.013694598224074],[33.75779208878388,-14.013723484994628],[33.75860517128888,-14.0137275916613],[33.75941798543467,-14.013706914169976],[33.760229728809115,-14.013661472933538],[33.761039600058176,-14.013591312811684],[33.76184679967779,-14.013496503066609],[33.76265053080394,-14.013377137294558],[33.76345,-14.013233333333334]]]}}, {"type":"Feature","id":15,"properties":{"_id":"66959c1efb85d420982e2fde","createdBy":"CjQQJHbrYXN2g3omNbbIuD3D3ZJ2","createdAt":"2024-07-15T22:01:02.510Z","updatedBy":"OPONcQnzWGOLiJSceNaf8pvx1fA2","updatedAt":"2024-07-18T14:37:26.565Z","name":"FWP9 ZOMBA","dataIngestion":false,"type":3,"icaoClass":6,"activity":0,"onDemand":false,"onRequest":false,"byNotam":false,"specialAgreement":false,"requestCompliance":false,"country":"MW","upperLimit":{"value":6000,"unit":1,"referenceDatum":0},"lowerLimit":{"value":0,"unit":1,"referenceDatum":0},"hoursOfOperation":{"operatingHours":[{"dayOfWeek":0,"startTime":"00:00","endTime":"00:00","byNotam":false,"sunrise":false,"sunset":false,"publicHolidaysExcluded":false},{"dayOfWeek":1,"startTime":"00:00","endTime":"00:00","byNotam":false,"sunrise":false,"sunset":false,"publicHolidaysExcluded":false},{"dayOfWeek":2,"startTime":"00:00","endTime":"00:00","byNotam":false,"sunrise":false,"sunset":false,"publicHolidaysExcluded":false},{"dayOfWeek":3,"startTime":"00:00","endTime":"00:00","byNotam":false,"sunrise":false,"sunset":false,"publicHolidaysExcluded":false},{"dayOfWeek":4,"startTime":"00:00","endTime":"00:00","byNotam":false,"sunrise":false,"sunset":false,"publicHolidaysExcluded":false},{"dayOfWeek":5,"startTime":"00:00","endTime":"00:00","byNotam":false,"sunrise":false,"sunset":false,"publicHolidaysExcluded":false},{"dayOfWeek":6,"startTime":"00:00","endTime":"00:00","byNotam":false,"sunrise":false,"sunset":false,"publicHolidaysExcluded":false}]},"remarks":"Residence of HE The President of the Republic of Malawi","deletable":true},"geometry":{"type":"Polygon","coordinates":[[[35.31333333333334,-15.346972507060972],[35.312248324381535,-15.346988941317164],[35.31116438569012,-15.347038227874872],[35.3100825864653,-15.347120318117453],[35.309003993805895,-15.347235131070386],[35.307929671652246,-15.347382553481033],[35.30686067973824,-15.34756243993017],[35.305798072547375,-15.34777461297527],[35.304742898274036,-15.348018863325244],[35.303696197790885,-15.348294950046625],[35.30265900362348,-15.348602600800898],[35.30163233893301,-15.34894151211276],[35.30061721650823,-15.349311349669083],[35.29961463776757,-15.349711748648218],[35.298625591772364,-15.350142314079418],[35.29765105425219,-15.350602621231928],[35.296691986643324,-15.351092216033392],[35.295749335141096,-15.351610615517236],[35.294824029767256,-15.352157308298471],[35.293916983453265,-15.35273175507753],[35.29302909114015,-15.353333389171627],[35.29216122889619,-15.35396161707313],[35.29131425305302,-15.354615819034327],[35.290488999361074,-15.355295349678144],[35.28968628216527,-15.355999538634084],[35.288906893601656,-15.356727691198856],[35.28815160281589,-15.357479089020964],[35.28742115520422,-15.358252990808689],[35.28671627167784,-15.359048633060675],[35.28603764795124,-15.359865230818425],[35.285385953855304,-15.360701978440012],[35.28476183267585,-15.361558050394192],[35.284165900518204,-15.362432602074179],[35.28359874569853,-15.363324770630228],[35.28306092816239,-15.364233675820296],[35.28255297893132,-15.365158420877822],[35.28207539957763,-15.366098093395953],[35.2816286617284,-15.367051766227096],[35.2812132065987,-15.368018498397172],[35.280829444554925,-15.368997336033518],[35.28047775470835,-15.369987313305504],[35.280158484539434,-15.3709874533771],[35.2798719495534,-15.371996769370252],[35.27961843296711,-15.373014265338279],[35.27939818542788,-15.37403893724825],[35.279211424764284,-15.375069773971386],[35.27905833576936,-15.376105758280552],[35.27893907001634,-15.37714586785379],[35.27885374570706,-15.378189076282935],[35.27880244755344,-15.379234354086378],[35.27878522669175,-15.380280669724849],[35.278802100630294,-15.381326990619343],[35.27885305322994,-15.382372284170106],[35.27893803471811,-15.383415518775726],[35.279056961735876,-15.384455664851282],[35.27920971741822,-15.385491695844557],[35.27939615150735,-15.386522589249347],[35.27961608049906,-15.387547327614822],[35.27986928782195,-15.388564899549936],[35.28015552404922,-15.389574300721947],[35.280474507143055,-15.390574534848016],[35.28082592273121,-15.3915646146789],[35.281209424415586,-15.39254356297381],[35.281624634112426,-15.393510413465405],[35.282071142423966,-15.394464211814057],[35.28254850904098,-15.395404016550327],[35.28305626317599,-15.396328900004821],[35.283593904026624,-15.397237949224486],[35.28416090126866,-15.398130266874357],[35.28475669557842,-15.399004972123976],[35.28538069918377,-15.399861201517536],[35.28603229644338,-15.400698109826905],[35.28671084445361,-15.40151487088668],[35.28741567368238,-15.402310678410451],[35.2881460886295,-15.40308474678748],[35.288901368512704,-15.403836311858948],[35.28968076797875,-15.404564631673079],[35.29048351783897,-15.405268987218328],[35.29130882582839,-15.405948683133946],[35.29215587738781,-15.406603048397189],[35.29302383646798,-15.407231436986496],[35.2939118463551,-15.407833228520003],[35.2948190305169,-15.40840782886873],[35.295744493468284,-15.408954670743825],[35.29668732165596,-15.409473214257313],[35.297646584360834,-15.409962947455787],[35.298621334617636,-15.410423386826482],[35.29961061015052,-15.410854077775241],[35.30061343432404,-15.41125459507594],[35.301628817108245,-15.411624543290875],[35.30265575605716,-15.411963557161682],[35.3036932372997,-15.41227130197047],[35.30474023654168,-15.412547473870756],[35.3057957200785,-15.412791800187856],[35.30685864581697,-15.413004039688495],[35.30792796430555,-15.413183982819316],[35.30900261977188,-15.413331451914095],[35.310081551166675,-15.413446301369367],[35.31116369321272,-15.413528417788438],[35.312247977458256,-15.413577720093471],[35.31333333333334,-15.41359415960569],[35.314418689208416,-15.413577720093471],[35.315502973453945,-15.413528417788438],[35.3165851155,-15.413446301369367],[35.31766404689479,-15.413331451914095],[35.318738702361124,-15.413183982819316],[35.31980802084969,-15.413004039688495],[35.32087094658817,-15.412791800187856],[35.32192643012499,-15.412547473870756],[35.322973429366975,-15.41227130197047],[35.3240109106095,-15.411963557161682],[35.32503784955843,-15.411624543290875],[35.32605323234263,-15.41125459507594],[35.32705605651614,-15.410854077775241],[35.32804533204904,-15.410423386826482],[35.32902008230584,-15.409962947455787],[35.32997934501072,-15.409473214257313],[35.33092217319839,-15.408954670743825],[35.331847636149774,-15.40840782886873],[35.332754820311564,-15.407833228520003],[35.33364283019869,-15.407231436986496],[35.33451078927886,-15.406603048397189],[35.335357840838284,-15.405948683133946],[35.3361831488277,-15.405268987218328],[35.33698589868792,-15.404564631673079],[35.33776529815396,-15.403836311858948],[35.33852057803717,-15.40308474678748],[35.33925099298429,-15.402310678410451],[35.339955822213064,-15.40151487088668],[35.34063437022329,-15.400698109826905],[35.3412859674829,-15.399861201517536],[35.34190997108824,-15.399004972123976],[35.34250576539801,-15.398130266874357],[35.34307276264005,-15.397237949224486],[35.34361040349068,-15.396328900004821],[35.344118157625694,-15.395404016550327],[35.34459552424271,-15.394464211814057],[35.34504203255425,-15.393510413465405],[35.345457242251086,-15.39254356297381],[35.345840743935454,-15.3915646146789],[35.34619215952362,-15.390574534848016],[35.34651114261745,-15.389574300721947],[35.34679737884472,-15.388564899549936],[35.347050586167605,-15.387547327614822],[35.34727051515932,-15.386522589249347],[35.34745694924845,-15.385491695844557],[35.3476097049308,-15.384455664851282],[35.34772863194856,-15.383415518775726],[35.347813613436735,-15.382372284170106],[35.34786456603638,-15.381326990619343],[35.34788143997492,-15.380280669724849],[35.34786421911324,-15.379234354086378],[35.347812920959605,-15.378189076282935],[35.34772759665033,-15.37714586785379],[35.3476083308973,-15.376105758280552],[35.34745524190239,-15.375069773971386],[35.3472684812388,-15.37403893724825],[35.34704823369956,-15.373014265338279],[35.34679471711327,-15.371996769370252],[35.34650818212723,-15.3709874533771],[35.34618891195833,-15.369987313305504],[35.34583722211175,-15.368997336033518],[35.34545346006797,-15.368018498397172],[35.345038004938274,-15.367051766227096],[35.34459126708904,-15.366098093395953],[35.34411368773535,-15.365158420877822],[35.34360573850428,-15.364233675820296],[35.343067920968146,-15.363324770630228],[35.34250076614847,-15.362432602074179],[35.341904833990824,-15.361558050394192],[35.34128071281137,-15.360701978440012],[35.340629018715426,-15.359865230818425],[35.33995039498883,-15.359048633060675],[35.33924551146245,-15.358252990808689],[35.33851506385078,-15.357479089020964],[35.33775977306502,-15.356727691198856],[35.3369803845014,-15.355999538634084],[35.3361776673056,-15.355295349678144],[35.33535241361365,-15.354615819034327],[35.33450543777048,-15.35396161707313],[35.333637575526524,-15.353333389171627],[35.33274968321341,-15.35273175507753],[35.33184263689941,-15.352157308298471],[35.33091733152558,-15.351610615517236],[35.32997468002335,-15.351092216033392],[35.32901561241447,-15.350602621231928],[35.32804107489431,-15.350142314079418],[35.327052028899104,-15.349711748648218],[35.32604945015844,-15.349311349669083],[35.32503432773366,-15.34894151211276],[35.32400766304319,-15.348602600800898],[35.32297046887579,-15.348294950046625],[35.32192376839264,-15.348018863325244],[35.3208685941193,-15.34777461297527],[35.31980598692843,-15.34756243993017],[35.318736995014426,-15.347382553481033],[35.31766267286078,-15.347235131070386],[35.31658408020137,-15.347120318117453],[35.315502280976546,-15.347038227874872],[35.31441834228514,-15.346988941317164],[35.31333333333334,-15.346972507060972]]]}}, {"type":"Feature","id":16,"properties":{"_id":"669594eefb85d420982e0c83","createdBy":"CjQQJHbrYXN2g3omNbbIuD3D3ZJ2","createdAt":"2024-07-15T21:30:22.987Z","updatedBy":"OPONcQnzWGOLiJSceNaf8pvx1fA2","updatedAt":"2024-07-18T14:37:26.617Z","name":"FWR3 SALIMA PARACHUTE JUMPING","dataIngestion":false,"type":1,"icaoClass":6,"activity":1,"onDemand":false,"onRequest":false,"byNotam":false,"specialAgreement":false,"requestCompliance":false,"country":"MW","upperLimit":{"value":3500,"unit":1,"referenceDatum":0},"lowerLimit":{"value":0,"unit":1,"referenceDatum":0},"hoursOfOperation":{"operatingHours":[{"dayOfWeek":0,"startTime":"00:00","endTime":"00:00","byNotam":false,"sunrise":false,"sunset":false,"publicHolidaysExcluded":false},{"dayOfWeek":1,"startTime":"00:00","endTime":"00:00","byNotam":false,"sunrise":false,"sunset":false,"publicHolidaysExcluded":false},{"dayOfWeek":2,"startTime":"00:00","endTime":"00:00","byNotam":false,"sunrise":false,"sunset":false,"publicHolidaysExcluded":false},{"dayOfWeek":3,"startTime":"00:00","endTime":"00:00","byNotam":false,"sunrise":false,"sunset":false,"publicHolidaysExcluded":false},{"dayOfWeek":4,"startTime":"00:00","endTime":"00:00","byNotam":false,"sunrise":false,"sunset":false,"publicHolidaysExcluded":false},{"dayOfWeek":5,"startTime":"00:00","endTime":"00:00","byNotam":false,"sunrise":false,"sunset":false,"publicHolidaysExcluded":false},{"dayOfWeek":6,"startTime":"00:00","endTime":"00:00","byNotam":false,"sunrise":false,"sunset":false,"publicHolidaysExcluded":false}],"remarks":"PJE day light hours only"},"remarks":"Pilots using aerodrome should exercise extreme caution when approaching to land on Rwy 18 and when climbing out after take-off on Rwy 36.","deletable":true},"geometry":{"type":"Polygon","coordinates":[[[34.550000000000004,-13.708350213629064],[34.549192252205074,-13.708362539978083],[34.548385301305416,-13.708399506864394],[34.54757994341086,-13.708461077817772],[34.54677697306113,-13.708547192094436],[34.545977182442726,-13.708657764736927],[34.5451813606081,-13.708792686657853],[34.54439029269793,-13.708951824747398],[34.54360475916723,-13.709135022004531],[34.542825535016,-13.709342097691747],[34.54205338902537,-13.70957284751321],[34.541289082999725,-13.709827043816125],[34.540533371015705,-13.710104435815136],[34.53978699867888,-13.710404749839515],[34.53905070238861,-13.710727689602917],[34.538325208612044,-13.71107293649545],[34.537611233167894,-13.711440149897722],[34.53690948052055,-13.71182896751662],[34.53622064308544,-13.712239005742438],[34.535545400546276,-13.712669860027043],[34.53488441918466,-13.713121105282674],[34.53423835122297,-13.71359229630101],[34.533607834181105,-13.714082968192075],[34.532993490247485,-13.714592636842571],[34.53239592566538,-13.715120799393148],[34.531815730134646,-13.715666934734202],[34.531253476230006,-13.716230504019636],[34.530709718835894,-13.716810951198191],[34.530184994598876,-13.717407703561669],[34.529679821397984,-13.718020172309672],[34.5291946978334,-13.718647753130183],[34.528730102734244,-13.719289826795478],[34.528286494685744,-13.71994575977275],[34.527864311576295,-13.72061490484889],[34.527463970164945,-13.721296601768746],[34.52708586566967,-13.721990177886275],[34.526730371376786,-13.72269494882795],[34.52639783827203,-13.72341021916777],[34.52608859469356,-13.724135283113132],[34.52580294600727,-13.724869425201032],[34.52554117430471,-13.725611921003786],[34.52530353812395,-13.72636203784362],[34.52509027219366,-13.72711903551544],[34.524901587200574,-13.727882167017054],[34.52473766958079,-13.728650679286117],[34.52459868133481,-13.729423813943088],[34.52448475986679,-13.730200808039479],[34.52439601784798,-13.730980894810601],[34.52433254310457,-13.731763304432157],[34.52429439853001,-13.732547264779837],[34.52428162202201,-13.733332002191242],[34.524294226444084,-13.73411674222935],[34.52433219961184,-13.734900710446777],[34.52439550430408,-13.735683133150062],[34.52448407829842,-13.736463238163273],[34.52459783443183,-13.737240255590114],[34.52473666068553,-13.738013418573827],[34.52490042029468,-13.738781964054127],[34.525088951882374,-13.739545133520403],[34.52530206961794,-13.740302173760483],[34.52553956339949,-13.741052337604177],[34.525801199060346,-13.741794884660889],[34.52608671859934,-13.74252908205057],[34.52639584043459,-13.74325420512728],[34.52672825968068,-13.743969538194657],[34.5270836484488,-13.744674375212542],[34.52746165616966,-13.745368020494153],[34.52786190993888,-13.746049789393007],[34.528284014884356,-13.746719008979],[34.52872755455554,-13.747375018702918],[34.52919209133386,-13.748017171048765],[34.529677166864275,-13.748644832173227],[34.53018230250724,-13.749257382531646],[34.53070699981077,-13.749854217489933],[34.531250741002154,-13.750434747921728],[34.53181298949876,-13.750998400790268],[34.532393190437475,-13.751544619714423],[34.532990771222295,-13.752072865518238],[34.53360514208935,-13.75258261676355],[34.53423569668912,-13.753073370265042],[34.53488181268494,-13.753544641587332],[34.53554285236737,-13.753995965523526],[34.536218163283834,-13.754426896554786],[34.536907078882884,-13.754837009290465],[34.53760891917235,-13.755225898888376],[34.5383229913909,-13.755593181454744],[34.53904859069221,-13.755938494423495],[34.53978500084114,-13.756261496914469],[34.54053149492119,-13.75656187007021],[34.54128733605251,-13.756839317371014],[34.54205177811987,-13.7570935649279],[34.542824066509716,-13.757324361753234],[34.5436034388557,-13.757531480008721],[34.54438912579182,-13.757714715230529],[34.54518035171264,-13.75787388653132],[34.54597633553958,-13.758008836778995],[34.54677629149263,-13.758119432751943],[34.54757942986684,-13.758205565270702],[34.54838495781262,-13.758267149305812],[34.549192080119106,-13.758304124061874],[34.550000000000004,-13.7583164530376],[34.5508079198809,-13.758304124061874],[34.55161504218738,-13.758267149305812],[34.55242057013316,-13.758205565270702],[34.553223708507375,-13.758119432751943],[34.55402366446042,-13.758008836778995],[34.55481964828736,-13.75787388653132],[34.555610874208185,-13.757714715230529],[34.55639656114431,-13.757531480008721],[34.557175933490285,-13.757324361753234],[34.55794822188013,-13.7570935649279],[34.55871266394749,-13.756839317371014],[34.55946850507881,-13.75656187007021],[34.56021499915886,-13.756261496914469],[34.56095140930779,-13.755938494423495],[34.5616770086091,-13.755593181454744],[34.56239108082765,-13.755225898888376],[34.56309292111712,-13.754837009290465],[34.56378183671617,-13.754426896554786],[34.56445714763264,-13.753995965523526],[34.565118187315065,-13.753544641587332],[34.56576430331088,-13.753073370265042],[34.56639485791065,-13.75258261676355],[34.567009228777714,-13.752072865518238],[34.56760680956253,-13.751544619714423],[34.56818701050124,-13.750998400790268],[34.56874925899785,-13.750434747921728],[34.569293000189234,-13.749854217489933],[34.56981769749276,-13.749257382531646],[34.57032283313573,-13.748644832173227],[34.57080790866615,-13.748017171048765],[34.571272445444464,-13.747375018702918],[34.571715985115645,-13.746719008979],[34.572138090061124,-13.746049789393007],[34.57253834383034,-13.745368020494153],[34.57291635155121,-13.744674375212542],[34.57327174031932,-13.743969538194657],[34.57360415956541,-13.74325420512728],[34.573913281400664,-13.74252908205057],[34.574198800939655,-13.741794884660889],[34.57446043660051,-13.741052337604177],[34.57469793038206,-13.740302173760483],[34.574911048117634,-13.739545133520403],[34.57509957970532,-13.738781964054127],[34.575263339314475,-13.738013418573827],[34.57540216556817,-13.737240255590114],[34.57551592170158,-13.736463238163273],[34.57560449569592,-13.735683133150062],[34.57566780038816,-13.734900710446777],[34.575705773555924,-13.73411674222935],[34.57571837797799,-13.733332002191242],[34.57570560146999,-13.732547264779837],[34.57566745689544,-13.731763304432157],[34.575603982152025,-13.730980894810601],[34.575515240133214,-13.730200808039479],[34.57540131866519,-13.729423813943088],[34.57526233041922,-13.728650679286117],[34.57509841279943,-13.727882167017054],[34.57490972780634,-13.72711903551544],[34.57469646187605,-13.72636203784362],[34.57445882569529,-13.725611921003786],[34.574197053992734,-13.724869425201032],[34.57391140530644,-13.724135283113132],[34.573602161727976,-13.72341021916777],[34.573269628623216,-13.72269494882795],[34.57291413433033,-13.721990177886275],[34.57253602983506,-13.721296601768746],[34.57213568842371,-13.72061490484889],[34.57171350531426,-13.71994575977275],[34.57126989726576,-13.719289826795478],[34.570805302166605,-13.718647753130183],[34.57032017860202,-13.718020172309672],[34.569815005401125,-13.717407703561669],[34.56929028116411,-13.716810951198191],[34.568746523769995,-13.716230504019636],[34.568184269865355,-13.715666934734202],[34.567604074334625,-13.715120799393148],[34.56700650975252,-13.714592636842571],[34.566392165818904,-13.714082968192075],[34.565761648777034,-13.71359229630101],[34.565115580815345,-13.713121105282674],[34.564454599453725,-13.712669860027043],[34.56377935691456,-13.712239005742438],[34.56309051947945,-13.71182896751662],[34.56238876683211,-13.711440149897722],[34.56167479138796,-13.71107293649545],[34.560949297611394,-13.710727689602917],[34.560213001321124,-13.710404749839515],[34.559466628984296,-13.710104435815136],[34.55871091700028,-13.709827043816125],[34.55794661097463,-13.70957284751321],[34.557174464984,-13.709342097691747],[34.55639524083277,-13.709135022004531],[34.55560970730207,-13.708951824747398],[34.554818639391904,-13.708792686657853],[34.554022817557275,-13.708657764736927],[34.55322302693887,-13.708547192094436],[34.55242005658915,-13.708461077817772],[34.551614698694586,-13.708399506864394],[34.55080774779493,-13.708362539978083],[34.550000000000004,-13.708350213629064]]]}}, {"type":"Feature","id":17,"properties":{"_id":"66959799fb85d420982e1be1","createdBy":"CjQQJHbrYXN2g3omNbbIuD3D3ZJ2","createdAt":"2024-07-15T21:41:45.215Z","updatedBy":"eBT9qSrxquPVguazo7MwJzzaf2p1","updatedAt":"2024-08-17T17:44:26.289Z","name":"FWR5 KASUNGU NATIONAL PARK","dataIngestion":false,"type":1,"icaoClass":6,"activity":0,"onDemand":false,"onRequest":false,"byNotam":false,"specialAgreement":false,"requestCompliance":false,"country":"MW","upperLimit":{"value":1500,"unit":1,"referenceDatum":0},"lowerLimit":{"value":0,"unit":1,"referenceDatum":0},"hoursOfOperation":{"operatingHours":[{"dayOfWeek":0,"startTime":"00:00","endTime":"00:00","byNotam":false,"sunrise":false,"sunset":false,"publicHolidaysExcluded":false},{"dayOfWeek":1,"startTime":"00:00","endTime":"00:00","byNotam":false,"sunrise":false,"sunset":false,"publicHolidaysExcluded":false},{"dayOfWeek":2,"startTime":"00:00","endTime":"00:00","byNotam":false,"sunrise":false,"sunset":false,"publicHolidaysExcluded":false},{"dayOfWeek":3,"startTime":"00:00","endTime":"00:00","byNotam":false,"sunrise":false,"sunset":false,"publicHolidaysExcluded":false},{"dayOfWeek":4,"startTime":"00:00","endTime":"00:00","byNotam":false,"sunrise":false,"sunset":false,"publicHolidaysExcluded":false},{"dayOfWeek":5,"startTime":"00:00","endTime":"00:00","byNotam":false,"sunrise":false,"sunset":false,"publicHolidaysExcluded":false},{"dayOfWeek":6,"startTime":"00:00","endTime":"00:00","byNotam":false,"sunrise":false,"sunset":false,"publicHolidaysExcluded":false}]},"remarks":"Game Reserve - Except for the purpose of landing or taking off or in an emergency, no person shall fly any aircraft at an altitude of less than 1500ft above ground except with the prior permission of the Chief Game Warden.","deletable":true},"geometry":{"type":"Polygon","coordinates":[[[32.9315676454431,-13.3425624211359],[33.216667,-13.2],[33.35,-13],[33.35,-12.9],[33.3,-12.9],[33.3157923416676,-12.5368045855635],[33.3157817427338,-12.5368106564145],[33.3131131,-12.5383392],[33.3028361,-12.5413942],[33.2939471,-12.5463942],[33.2850581,-12.5508393],[33.2809857,-12.5486286],[33.2718876,-12.548461],[33.2667378,-12.5521474],[33.2665661,-12.5551634],[33.2588414,-12.5613629],[33.2511166,-12.5730913],[33.2442501,-12.5816359],[33.237727,-12.5873322],[33.2356671,-12.5916881],[33.2318905,-12.5952063],[33.2229641,-12.5973841],[33.2133511,-12.6037502],[33.2022559,-12.6071758],[33.1953894,-12.6205774],[33.1947028,-12.6266078],[33.1888663,-12.6359881],[33.1799399,-12.6376632],[33.1778799,-12.6333081],[33.1795966,-12.6252677],[33.1816565,-12.6202423],[33.1813132,-12.6135416],[33.1782233,-12.6101912],[33.1723868,-12.6071758],[33.1589972,-12.6021502],[33.1528174,-12.5984645],[33.1456076,-12.5994698],[33.1287848,-12.6034904],[33.1219183,-12.6061707],[33.1157385,-12.6101912],[33.1078421,-12.6098562],[33.1026923,-12.6075109],[33.0970021,-12.6041723],[33.0929436,-12.5977429],[33.0881371,-12.5970727],[33.0764641,-12.598413],[33.0695021,-12.5947283],[33.0639471,-12.5941723],[33.0575581,-12.5944503],[33.0486691,-12.5991723],[33.0458911,-12.6036174],[33.0433911,-12.6083393],[33.0395021,-12.6188944],[33.0370021,-12.6236174],[33.0350581,-12.6288944],[33.0325581,-12.6336174],[33.0306131,-12.6388944],[33.0281131,-12.6436174],[33.0261691,-12.6488944],[33.0023064,-12.6741245],[32.9978432,-12.6895321],[32.9892601,-12.6955609],[32.9878868,-12.703599],[32.9782738,-12.7200095],[32.9762139,-12.7253678],[32.9525246,-12.7615333],[32.9370751,-12.7682301],[32.944158,-12.7844967],[32.9481063,-12.8096063],[32.9537711,-12.8271815],[32.9460463,-12.8464292],[32.954801,-12.8608221],[32.9656157,-12.8705285],[32.9705939,-12.8804019],[32.9758403,-12.8862379],[32.9932532,-12.8862588],[33.0045828,-12.8880995],[33.0174574,-12.8922829],[33.0203528,-12.9038505],[33.0170913,-12.9540433],[33.013658,-12.957891],[33.0121131,-12.9704375],[33.0038733,-12.9900087],[32.9897971,-13.0370067],[32.9927154,-13.0592482],[32.9860206,-13.0778091],[32.9839606,-13.1122517],[32.983789,-13.1401702],[32.992372,-13.1662468],[33.0081649,-13.1934905],[33.0067916,-13.210203],[32.9915137,-13.2257446],[32.9887671,-13.2305906],[32.9868789,-13.2357708],[32.9842241,-13.2394517],[32.981729,-13.2454625],[32.9789471,-13.2486188],[32.9769904,-13.2539339],[32.9744904,-13.2586569],[32.9725464,-13.263934],[32.9672684,-13.273101],[32.9639354,-13.2769899],[32.9486574,-13.28949],[32.9433794,-13.2986571],[32.9394904,-13.30949],[32.9383794,-13.3156011],[32.9330366,-13.3205593],[32.93029,-13.3252365],[32.9299467,-13.331918],[32.9316633,-13.3422739],[32.9315713943667,-13.3425511133244],[32.9315676454431,-13.3425624211359]]]}}, {"type":"Feature","id":18,"properties":{"_id":"66958acbfb85d420982dbcd7","createdBy":"CjQQJHbrYXN2g3omNbbIuD3D3ZJ2","createdAt":"2024-07-15T20:47:07.639Z","updatedBy":"OPONcQnzWGOLiJSceNaf8pvx1fA2","updatedAt":"2024-07-18T14:37:26.683Z","name":"CHILEKA","dataIngestion":false,"type":4,"icaoClass":2,"activity":0,"onDemand":false,"onRequest":false,"byNotam":false,"specialAgreement":false,"requestCompliance":false,"country":"MW","upperLimit":{"value":7500,"unit":1,"referenceDatum":1},"lowerLimit":{"value":0,"unit":1,"referenceDatum":0},"hoursOfOperation":{"operatingHours":[{"dayOfWeek":0,"startTime":"00:00","endTime":"00:00","byNotam":false,"sunrise":false,"sunset":false,"publicHolidaysExcluded":false},{"dayOfWeek":1,"startTime":"00:00","endTime":"00:00","byNotam":false,"sunrise":false,"sunset":false,"publicHolidaysExcluded":false},{"dayOfWeek":2,"startTime":"00:00","endTime":"00:00","byNotam":false,"sunrise":false,"sunset":false,"publicHolidaysExcluded":false},{"dayOfWeek":3,"startTime":"00:00","endTime":"00:00","byNotam":false,"sunrise":false,"sunset":false,"publicHolidaysExcluded":false},{"dayOfWeek":4,"startTime":"00:00","endTime":"00:00","byNotam":false,"sunrise":false,"sunset":false,"publicHolidaysExcluded":false},{"dayOfWeek":5,"startTime":"00:00","endTime":"00:00","byNotam":false,"sunrise":false,"sunset":false,"publicHolidaysExcluded":false},{"dayOfWeek":6,"startTime":"00:00","endTime":"00:00","byNotam":false,"sunrise":false,"sunset":false,"publicHolidaysExcluded":false}]},"deletable":true},"geometry":{"type":"Polygon","coordinates":[[[34.916533333333334,-15.339641737276434],[34.90568367748798,-15.339805840322342],[34.8948446774497,-15.340297988283321],[34.884026978708135,-15.34111769778527],[34.873241206127595,-15.3422641637249],[34.86249795365789,-15.343736260049575],[34.851807774073585,-15.34553254084806],[34.84118116875085,-15.347651241751237],[34.830628577491424,-15.350090281641403],[34.82016036840296,-15.352847264668693],[34.809786827845016,-15.355919482572713],[34.799518150450126,-15.359303917307225],[34.78936442922882,-15.362997243965545],[34.779335645768136,-15.36699583400389],[34.769441660532266,-15.371295758759752],[34.759692203274746,-15.37589279326204],[34.750096863570725,-15.380782420329465],[34.740665081478376,-15.385959834953418],[34.73140613833822,-15.391419948961271],[34.72232914771868,-15.39715739595578],[34.71344304651678,-15.403166536526058],[34.70475658622211,-15.409441463725258],[34.69627832435249,-15.415976008809897],[34.68801661606938,-15.422763747235523],[34.67997960598122,-15.429798004903084],[34.67217522014234,-15.437071864650271],[34.66461115825549,-15.444578172981746],[34.65729488608515,-15.452309547031986],[34.6502336280895,-15.460258381754183],[34.64343436027787,-15.468416857328624],[34.63690380330106,-15.476776946783444],[34.630648415781174,-15.48533042382068],[34.62467438788783,-15.494068870840318],[34.618987635167194,-15.502983687154643],[34.61359379263002,-15.512066097385318],[34.608498209105015,-15.521307160035112],[34.603705941863176,-15.530697776226242],[34.59922175151887,-15.540228698597048],[34.595050097213026,-15.54989054034849],[34.591195132083655,-15.559673784431942],[34.587660699028575,-15.569568792869429],[34.58445032676513,-15.579565816197483],[34.58156722619122,-15.589655003025511],[34.57901428705193,-15.599826409699537],[34.57679407491558,-15.610070010062016],[34.57490882846287,-15.620375705298287],[34.57336045709242,-15.630733333860206],[34.57215053884592,-15.641132681457282],[34.57128031865546,-15.651563491105678],[34.570750706915696,-15.662015473225257],[34.57056227838292,-15.672478315774848],[34.57071527140301,-15.682941694415842],[34.571209587469696,-15.693395282694087],[34.57204479111452,-15.7038287622302],[34.57322011012934,-15.714231832908096],[34.57473443612202,-15.724594223051877],[34.57658632540551,-15.734905699580807],[34.57877400022034,-15.745156078132469],[34.58129535029018,-15.755335233143892],[34.58414793470951,-15.76543310788073],[34.58732898416263,-15.77543972440432],[34.590835403472326,-15.785345193466812],[34.59466377447671,-15.795139724324224],[34.598810359231756,-15.804813634457716],[34.603271103537544,-15.814357359193158],[34.60804164078497,-15.823761461209298],[34.61311729612006,-15.833016639924878],[34.61849309092231,-15.842113740755158],[34.62416374759311,-15.851043764228343],[34.63012369465027,-15.85979787495273],[34.63636707212389,-15.868367410425233],[34.64288773724881,-15.87674388967236],[34.64967927044848,-15.884919021714689],[34.65673498160449,-15.892884713846112],[34.66404791660614,-15.900633079719311],[34.6716108641736,-15.908156447229073],[34.679416362948245,-15.91544736618526],[34.68745670884329,-15.92249861576745],[34.69572396264754,-15.92930321175347],[34.70420995787472,-15.935854413514297],[34.712906308850734,-15.942145730767928],[34.7218044190307,-15.948170930085299],[34.73089548953738,-15.953924041141176],[34.7401705279125,-15.959399362703659],[34.74962035707189,-15.964591468355904],[34.75923562445548,-15.969495211943972],[34.76900681136264,-15.974105732745095],[34.778924242463255,-15.97841846035094],[34.78897809547474,-15.982429119260534],[34.7991584109948,-15.98613373317816],[34.809455102479845,-15.98952862901151],[34.81985796635848,-15.992610440565919],[34.830356692269405,-15.995376111930705],[34.840940873413146,-15.997822900554045],[34.85160001700642,-15.999948380003016],[34.862323554828166,-16.001750442405992],[34.87310085384618,-16.003227300574654],[34.88392122691282,-16.004377489803392],[34.894773943518516,-16.005199869344228],[34.90564824059168,-16.005693623555548],[34.916533333333334,-16.005858262723574],[34.92741842607497,-16.005693623555548],[34.938292723148145,-16.005199869344228],[34.94914543975384,-16.004377489803392],[34.95996581282048,-16.003227300574654],[34.970743111838495,-16.001750442405992],[34.98146664966024,-15.999948380003016],[34.992125793253514,-15.997822900554045],[35.002709974397256,-15.995376111930705],[35.01320870030818,-15.992610440565919],[35.023611564186815,-15.98952862901151],[35.03390825567186,-15.98613373317816],[35.04408857119192,-15.982429119260534],[35.0541424242034,-15.97841846035094],[35.06405985530402,-15.974105732745095],[35.07383104221118,-15.969495211943972],[35.08344630959476,-15.964591468355904],[35.092896138754156,-15.959399362703659],[35.10217117712928,-15.953924041141176],[35.11126224763596,-15.948170930085299],[35.12016035781593,-15.942145730767928],[35.12885670879194,-15.935854413514292],[35.13734270401911,-15.92930321175347],[35.14560995782336,-15.92249861576745],[35.15365030371841,-15.91544736618526],[35.16145580249306,-15.908156447229073],[35.16901875006052,-15.900633079719311],[35.17633168506217,-15.892884713846112],[35.18338739621818,-15.884919021714689],[35.19017892941784,-15.87674388967236],[35.196699594542764,-15.868367410425233],[35.20294297201639,-15.85979787495273],[35.208902919073545,-15.851043764228343],[35.21457357574435,-15.842113740755158],[35.2199493705466,-15.833016639924878],[35.225025025881685,-15.823761461209298],[35.229795563129116,-15.814357359193158],[35.234256307434904,-15.804813634457716],[35.23840289218995,-15.795139724324224],[35.242231263194334,-15.785345193466812],[35.24573768250403,-15.77543972440432],[35.24891873195715,-15.76543310788073],[35.25177131637648,-15.755335233143896],[35.25429266644632,-15.745156078132469],[35.25648034126115,-15.734905699580807],[35.25833223054463,-15.724594223051877],[35.25984655653732,-15.714231832908096],[35.26102187555213,-15.7038287622302],[35.26185707919696,-15.693395282694087],[35.26235139526364,-15.682941694415842],[35.26250438828374,-15.672478315774848],[35.262315959750964,-15.662015473225257],[35.2617863480112,-15.651563491105678],[35.26091612782074,-15.641132681457282],[35.25970620957424,-15.630733333860206],[35.25815783820379,-15.620375705298287],[35.25627259175107,-15.610070010062016],[35.25405237961473,-15.599826409699537],[35.251499440475435,-15.589655003025511],[35.24861633990154,-15.579565816197483],[35.245405967638085,-15.569568792869429],[35.241871534583,-15.559673784431942],[35.238016569453634,-15.54989054034849],[35.233844915147785,-15.540228698597048],[35.229360724803485,-15.530697776226242],[35.224568457561645,-15.521307160035112],[35.21947287403664,-15.512066097385318],[35.214079031499466,-15.502983687154643],[35.208392278778824,-15.494068870840318],[35.202418250885486,-15.48533042382068],[35.1961628633656,-15.476776946783444],[35.18963230638879,-15.468416857328624],[35.18283303857716,-15.460258381754183],[35.175771780581506,-15.452309547031986],[35.168455508411164,-15.444578172981746],[35.16089144652431,-15.437071864650271],[35.15308706068544,-15.429798004903084],[35.14505005059728,-15.422763747235523],[35.13678834231417,-15.415976008809897],[35.12831008044455,-15.409441463725258],[35.11962362014988,-15.403166536526058],[35.11073751894798,-15.39715739595578],[35.10166052832844,-15.391419948961271],[35.09240158518828,-15.385959834953418],[35.082969803095935,-15.380782420329465],[35.07337446339191,-15.37589279326204],[35.063625006134394,-15.371295758759752],[35.053731020898525,-15.36699583400389],[35.04370223743784,-15.362997243965545],[35.033548516216534,-15.359303917307225],[35.02327983882164,-15.355919482572713],[35.0129062982637,-15.352847264668693],[35.00243808917523,-15.350090281641403],[34.9918854979158,-15.347651241751237],[34.981258892593075,-15.34553254084806],[34.97056871300877,-15.343736260049575],[34.959825460539065,-15.3422641637249],[34.94903968795852,-15.34111769778527],[34.93822198921696,-15.340297988283321],[34.927382989178675,-15.339805840322342],[34.916533333333334,-15.339641737276434]]]}}, {"type":"Feature","id":19,"properties":{"_id":"669705309e3c415617fb1aa4","createdBy":"CjQQJHbrYXN2g3omNbbIuD3D3ZJ2","createdAt":"2024-07-16T23:41:36.237Z","updatedBy":"OPONcQnzWGOLiJSceNaf8pvx1fA2","updatedAt":"2024-07-18T14:37:26.755Z","name":"LILONGWE FIR FWLL2","dataIngestion":false,"type":10,"icaoClass":6,"activity":0,"onDemand":false,"onRequest":false,"byNotam":false,"specialAgreement":false,"requestCompliance":false,"country":"MW","upperLimit":{"value":999,"unit":6,"referenceDatum":2},"lowerLimit":{"value":0,"unit":1,"referenceDatum":1},"hoursOfOperation":{"operatingHours":[{"dayOfWeek":0,"startTime":"00:00","endTime":"00:00","byNotam":false,"sunrise":false,"sunset":false,"publicHolidaysExcluded":false},{"dayOfWeek":1,"startTime":"00:00","endTime":"00:00","byNotam":false,"sunrise":false,"sunset":false,"publicHolidaysExcluded":false},{"dayOfWeek":2,"startTime":"00:00","endTime":"00:00","byNotam":false,"sunrise":false,"sunset":false,"publicHolidaysExcluded":false},{"dayOfWeek":3,"startTime":"00:00","endTime":"00:00","byNotam":false,"sunrise":false,"sunset":false,"publicHolidaysExcluded":false},{"dayOfWeek":4,"startTime":"00:00","endTime":"00:00","byNotam":false,"sunrise":false,"sunset":false,"publicHolidaysExcluded":false},{"dayOfWeek":5,"startTime":"00:00","endTime":"00:00","byNotam":false,"sunrise":false,"sunset":false,"publicHolidaysExcluded":false},{"dayOfWeek":6,"startTime":"00:00","endTime":"00:00","byNotam":false,"sunrise":false,"sunset":false,"publicHolidaysExcluded":false}]},"deletable":true},"geometry":{"type":"Polygon","coordinates":[[[33.5204574000754,-10.1845360579062],[33.6328769670052,-9.60236330833469],[33.6281175,-9.6040589],[33.626339,-9.6024372],[33.623857,-9.5973522],[33.6226629,-9.596818],[33.6165265,-9.5996811],[33.6111388,-9.5949353],[33.6091491,-9.5937609],[33.6082383,-9.5908387],[33.605548,-9.5889943],[33.6008469,-9.5899476],[33.5960397,-9.585676],[33.5942012,-9.5827426],[33.59374,-9.5804645],[33.5893587,-9.5837404],[33.5875494,-9.5816891],[33.5880184,-9.5800038],[33.5865553,-9.5792881],[33.5859766,-9.5805141],[33.5821512,-9.5840976],[33.5799989,-9.5855351],[33.5753913,-9.5860284],[33.5715619,-9.5877601],[33.5709196,-9.5898803],[33.5686407,-9.5894669],[33.5666592,-9.5904073],[33.5618868,-9.5890524],[33.5596799,-9.5879264],[33.5573959,-9.5893218],[33.5555533,-9.5892182],[33.5541129,-9.5874313],[33.5502077,-9.590396],[33.549868,-9.5916955],[33.5508557,-9.5955909],[33.5494419,-9.5984786],[33.5466737,-9.6001177],[33.5444872,-9.6006891],[33.5444312,-9.6038045],[33.5426656,-9.6062085],[33.5424047,-9.6096619],[33.5392269,-9.6100817],[33.5377333,-9.6110716],[33.5369514,-9.6130927],[33.5345736,-9.612308],[33.5323947,-9.6129988],[33.5316731,-9.6160313],[33.5287291,-9.6163675],[33.526381,-9.618169],[33.5236021,-9.619043],[33.5228106,-9.6213757],[33.5209087,-9.6219959],[33.5174161,-9.6216862],[33.5168942,-9.6236618],[33.5134727,-9.6244211],[33.5105064,-9.6260406],[33.5080045,-9.6261053],[33.5056525,-9.623229],[33.5029862,-9.6227831],[33.4987233,-9.6206389],[33.4972371,-9.6187926],[33.4931971,-9.619128],[33.4902712,-9.6232325],[33.4865755,-9.624307],[33.482751,-9.6233986],[33.4779654,-9.6200577],[33.4748872,-9.6202563],[33.4732293,-9.6192957],[33.4706334,-9.6205266],[33.4669575,-9.6180844],[33.4648173,-9.6159645],[33.4635689,-9.6161697],[33.4602794,-9.6147922],[33.4566512,-9.6169521],[33.4550012,-9.6157157],[33.4503563,-9.616221],[33.4469934,-9.6134372],[33.4432591,-9.6142523],[33.4422449,-9.6126053],[33.4390396,-9.6124539],[33.4389504,-9.6095231],[33.4352696,-9.6053859],[33.4302146,-9.6015712],[33.430223,-9.5981634],[33.425958,-9.598072],[33.4249915,-9.5966301],[33.4252714,-9.5945176],[33.4240302,-9.5929954],[33.4219546,-9.5945752],[33.420524,-9.5939009],[33.4203358,-9.5919437],[33.4231709,-9.5869626],[33.4224131,-9.5852138],[33.4216752,-9.5799914],[33.425187,-9.5785789],[33.4255907,-9.5774404],[33.4213701,-9.5715383],[33.418289,-9.5658691],[33.4158921,-9.563558],[33.413938,-9.5600168],[33.4125719,-9.5587468],[33.4125915,-9.5572393],[33.4109864,-9.5566433],[33.4054428,-9.5525519],[33.4031756,-9.5497322],[33.3990233,-9.5484906],[33.3981987,-9.5463724],[33.3986156,-9.5436908],[33.3971234,-9.5410693],[33.3950798,-9.5400561],[33.3952409,-9.5390922],[33.3933738,-9.5368223],[33.3947855,-9.5359137],[33.3941549,-9.5346199],[33.3918725,-9.5334452],[33.3903397,-9.5335347],[33.386383,-9.5376209],[33.3838901,-9.5355396],[33.3814972,-9.5355105],[33.3819198,-9.532189],[33.3808809,-9.5291525],[33.3774477,-9.5286446],[33.3733862,-9.5252416],[33.3725241,-9.5232898],[33.3710338,-9.5235183],[33.3690023,-9.5258477],[33.3642899,-9.5270975],[33.3621064,-9.524571],[33.35819,-9.522313],[33.3582093,-9.5205074],[33.3554202,-9.5192028],[33.3553011,-9.5168264],[33.3543526,-9.515641],[33.3499686,-9.5145275],[33.3511666,-9.5094903],[33.3498279,-9.506823],[33.3463464,-9.5063256],[33.3454146,-9.5042319],[33.3433268,-9.5023179],[33.3404683,-9.5039762],[33.3380302,-9.5009842],[33.3384436,-9.4977642],[33.3347001,-9.4937163],[33.3319135,-9.4913351],[33.3311635,-9.4894043],[33.3294629,-9.4889231],[33.3257506,-9.4860067],[33.3234544,-9.4863113],[33.32239,-9.4878765],[33.3166136,-9.4898964],[33.3140824,-9.4913307],[33.3119477,-9.4860139],[33.3070844,-9.483753],[33.3048728,-9.4840029],[33.3049523,-9.4850796],[33.3008521,-9.4863184],[33.2994416,-9.4876577],[33.2968289,-9.4864448],[33.2929397,-9.4882191],[33.2928831,-9.4913477],[33.2902939,-9.4902416],[33.2870104,-9.4896707],[33.2864298,-9.4905025],[33.2881028,-9.494096],[33.2855546,-9.4935881],[33.2810336,-9.4959201],[33.2814761,-9.4981854],[33.2805646,-9.4996519],[33.2782364,-9.5008227],[33.2762346,-9.5005318],[33.2755721,-9.4991512],[33.2731763,-9.5008823],[33.2702509,-9.4991583],[33.2691871,-9.4964924],[33.2669145,-9.4964209],[33.2645742,-9.4990629],[33.2634496,-9.4945167],[33.2626325,-9.4934714],[33.2552302,-9.4918628],[33.2541053,-9.4883421],[33.2521154,-9.4870067],[33.2496776,-9.4885782],[33.2466551,-9.4894954],[33.2453456,-9.4880454],[33.2438241,-9.4897517],[33.2421442,-9.4897822],[33.2408495,-9.4914244],[33.2407401,-9.4937681],[33.2362265,-9.493968],[33.2341817,-9.4949637],[33.2309508,-9.4939309],[33.2271933,-9.4936207],[33.2274735,-9.4949835],[33.2244989,-9.4959928],[33.2228947,-9.4977392],[33.2229668,-9.5000451],[33.2204308,-9.5022877],[33.219111,-9.5010051],[33.2167125,-9.5020482],[33.2151407,-9.5036619],[33.2155118,-9.5047353],[33.2134402,-9.5058946],[33.2139835,-9.5089471],[33.211026,-9.509517],[33.209014,-9.5062462],[33.2064117,-9.5056673],[33.2025615,-9.5058026],[33.2007551,-9.5064753],[33.1962996,-9.5029016],[33.1932405,-9.5024886],[33.1942597,-9.4999927],[33.1924638,-9.4991207],[33.1909606,-9.4971938],[33.1878275,-9.4979168],[33.1882757,-9.4961277],[33.1860539,-9.4959156],[33.1852582,-9.4977282],[33.1801594,-9.4973949],[33.1786028,-9.4990836],[33.1774267,-9.4969962],[33.1771224,-9.4981697],[33.174623,-9.4964398],[33.1726297,-9.4983484],[33.1725921,-9.4965274],[33.1706843,-9.4952392],[33.1697748,-9.4965072],[33.1689789,-9.4950392],[33.168014,-9.4967264],[33.1660275,-9.4963588],[33.1645402,-9.4970906],[33.1617981,-9.4951583],[33.1593705,-9.4951516],[33.1555138,-9.4934149],[33.1518315,-9.4945749],[33.1500501,-9.494521],[33.1491885,-9.4931282],[33.1476568,-9.49357],[33.1463643,-9.4921368],[33.1449181,-9.4933744],[33.1436491,-9.4922732],[33.1412304,-9.4880619],[33.139155,-9.4876829],[33.136962,-9.4857854],[33.1362838,-9.4871596],[33.1347227,-9.4854743],[33.1319146,-9.4846509],[33.132609,-9.4830214],[33.1302113,-9.482133],[33.1299267,-9.4831719],[33.1248322,-9.4821133],[33.1236216,-9.4806958],[33.1240012,-9.4765878],[33.1226963,-9.4764897],[33.1235334,-9.4736187],[33.1231137,-9.4722608],[33.1210891,-9.4720973],[33.1207672,-9.4710815],[33.1185928,-9.4712592],[33.1190468,-9.4697732],[33.1172622,-9.4662968],[33.1149195,-9.4666428],[33.1112855,-9.4655033],[33.1124305,-9.4646087],[33.1101081,-9.4633092],[33.1087752,-9.4613551],[33.104757,-9.4596043],[33.1024866,-9.4603739],[33.1002161,-9.4590329],[33.0989073,-9.4558755],[33.094977,-9.4522275],[33.093672,-9.4540169],[33.0931298,-9.4520293],[33.0913996,-9.4528567],[33.0898197,-9.4521986],[33.0909705,-9.451177],[33.0899364,-9.4495136],[33.085981,-9.4504439],[33.0852613,-9.4485968],[33.0841865,-9.4497878],[33.0829811,-9.4491451],[33.0842743,-9.4478502],[33.0820448,-9.4471345],[33.0804686,-9.4456429],[33.080361,-9.442881],[33.0788163,-9.4431722],[33.0771667,-9.441896],[33.0760606,-9.4426824],[33.0736558,-9.4418673],[33.0726406,-9.4390237],[33.0706049,-9.4395135],[33.070489,-9.4405666],[33.067256,-9.4392958],[33.0664954,-9.43683],[33.0648573,-9.4358771],[33.0614175,-9.4351011],[33.0607071,-9.4306623],[33.0590688,-9.4305895],[33.0560433,-9.4272026],[33.0537259,-9.425996],[33.0519663,-9.422842],[33.0482085,-9.4217836],[33.0485111,-9.4193163],[33.0471035,-9.4184602],[33.0411302,-9.4175711],[33.0397569,-9.4163222],[33.0407869,-9.4154754],[33.0399071,-9.4137608],[33.0386411,-9.4141206],[33.0386626,-9.4118767],[33.0345856,-9.4105431],[33.0346715,-9.4093153],[33.033008,-9.4093247],[33.0315476,-9.4076431],[33.0278317,-9.4052741],[33.0219914,-9.4001446],[33.0192727,-9.3931695],[33.0110723,-9.3838482],[33.0099351,-9.3776538],[33.0044632,-9.3716948],[32.9973994,-9.368312],[32.9927054,-9.368301],[32.9876246,-9.372192],[32.9678945,-9.3896021],[32.9664631,-9.3935047],[32.9537022,-9.4012963],[32.9533477,-9.4040138],[32.9524362,-9.4046729],[32.9456551,-9.4137727],[32.9403985,-9.4187924],[32.9438526,-9.4248226],[32.9448402,-9.4379283],[32.9475433,-9.4867547],[32.9538738,-9.4901861],[32.9734648,-9.4787362],[32.9843783,-9.4810277],[32.9866013,-9.4874167],[32.9888233,-9.4918607],[32.9941013,-9.4951947],[33.0004903,-9.4949167],[33.0066013,-9.4963057],[33.0110453,-9.4988057],[33.0143783,-9.5024167],[33.0160453,-9.5074167],[33.0166013,-9.5138057],[33.0154903,-9.5199167],[33.0104903,-9.5288057],[33.0071563,-9.5326947],[33.0046563,-9.5374167],[33.0027123,-9.5426947],[33.0016013,-9.5488057],[32.9988233,-9.5532497],[32.9938233,-9.5624167],[32.9932673,-9.5693607],[32.9949343,-9.5804727],[32.9952123,-9.5990837],[32.9946563,-9.6046387],[32.9921563,-9.6165837],[32.9929903,-9.6221387],[32.9963991,-9.6261077],[33.0016268,-9.6277608],[33.0124598,-9.6316498],[33.0185708,-9.6330388],[33.0241268,-9.6319268],[33.0280158,-9.6288718],[33.0310708,-9.6252608],[33.0349598,-9.6219268],[33.0394038,-9.6197048],[33.0430158,-9.6166498],[33.0480158,-9.6149828],[33.0544038,-9.6149828],[33.0605158,-9.6160938],[33.0644038,-9.6194268],[33.0669038,-9.6235938],[33.0716268,-9.6324828],[33.0724598,-9.6380388],[33.0771818,-9.6527608],[33.0835708,-9.6602608],[33.0874598,-9.6633158],[33.0927378,-9.6652608],[33.0996818,-9.6658158],[33.1041268,-9.6635938],[33.1066268,-9.6588718],[33.1074598,-9.6522048],[33.1080158,-9.6452608],[33.1080158,-9.6391498],[33.1091268,-9.6255388],[33.1099598,-9.6185938],[33.1110708,-9.6049828],[33.1110708,-9.5988718],[33.1116268,-9.5922048],[33.1135708,-9.5866498],[33.1177378,-9.5872048],[33.1224598,-9.5897048],[33.1302378,-9.5958158],[33.1346818,-9.5983158],[33.1402378,-9.6002608],[33.1466268,-9.6002608],[33.1516268,-9.5985938],[33.1602378,-9.5938718],[33.1657928,-9.5944268],[33.1735708,-9.6005388],[33.1782928,-9.6030388],[33.1839103,-9.6049769],[33.185589,-9.6042576],[33.1957928,-9.6027608],[33.2007928,-9.6010938],[33.2060708,-9.6030388],[33.2094038,-9.6066498],[33.2141268,-9.6152608],[33.2235708,-9.6266498],[33.2274598,-9.6297048],[33.2288488,-9.6347048],[33.2299598,-9.6402608],[33.2316268,-9.6513718],[33.2385708,-9.6644268],[33.2396818,-9.6699828],[33.2382928,-9.6835938],[33.2382928,-9.6897048],[33.2391268,-9.6952608],[33.2424598,-9.7052608],[33.2471818,-9.7141498],[33.2496818,-9.7183158],[33.2527378,-9.7219268],[33.2552378,-9.7263718],[33.2582928,-9.7302608],[33.2677378,-9.7474828],[33.2707928,-9.7513718],[33.2732928,-9.7555388],[33.2763488,-9.7594268],[33.2841268,-9.7655388],[33.2905468,-9.7721523],[33.2956967,-9.7802724],[33.2991299,-9.7861932],[33.2969038,-9.7927608],[33.3063488,-9.8041498],[33.3141268,-9.8102608],[33.3188488,-9.8127608],[33.3227378,-9.8158158],[33.3280158,-9.8177608],[33.3344038,-9.8188718],[33.3405158,-9.8188718],[33.3449598,-9.8166498],[33.3499598,-9.8149828],[33.3546818,-9.8160938],[33.3585708,-9.8191498],[33.3619038,-9.8230388],[33.3635708,-9.8277608],[33.3644038,-9.8335938],[33.3635708,-9.8402608],[33.3660708,-9.8447048],[33.3691268,-9.8483158],[33.3716268,-9.8527608],[33.3777378,-9.8599828],[33.3802378,-9.8644268],[33.3835708,-9.8744268],[33.3844038,-9.8799828],[33.3860708,-9.8849828],[33.3869038,-9.8905388],[33.3885708,-9.8955388],[33.3910708,-9.9122048],[33.3891268,-9.9174828],[33.3846818,-9.9199828],[33.3791268,-9.9208158],[33.3739737,-9.9205447],[33.3695512,-9.9219878],[33.3636442,-9.9247258],[33.3599239,-9.9279385],[33.3548519,-9.9338534],[33.3520701,-9.9417132],[33.3510488,-9.9472227],[33.3544038,-9.9522048],[33.3527378,-9.9574828],[33.3513488,-9.9635938],[33.3494038,-9.9688718],[33.3469038,-9.9735938],[33.3449598,-9.9788718],[33.3399598,-9.9880388],[33.3369038,-9.9919268],[33.3341268,-9.9963718],[33.3266268,-10.0102608],[33.3246818,-10.0155388],[33.3216268,-10.0194268],[33.3196818,-10.0247048],[33.3146818,-10.0338718],[33.3132804,-10.0399831],[33.3135986,-10.0461113],[33.3152656,-10.0511113],[33.3174876,-10.0555563],[33.3213766,-10.0586113],[33.3352656,-10.0661113],[33.3416546,-10.0736113],[33.3510986,-10.0786113],[33.3572096,-10.0783333],[33.3641546,-10.0791673],[33.3705436,-10.0788893],[33.3766546,-10.0802783],[33.3822096,-10.0822223],[33.3866546,-10.0847223],[33.3899876,-10.0883333],[33.3944316,-10.0908333],[33.3999876,-10.0927783],[33.4047096,-10.0952783],[33.4077656,-10.0988893],[33.4155436,-10.1050003],[33.4202656,-10.1075003],[33.4255436,-10.1094443],[33.4294316,-10.1125003],[33.4327656,-10.1163893],[33.4349876,-10.1205563],[33.4366546,-10.1255563],[33.4397096,-10.1300003],[33.4422096,-10.1344443],[33.4452656,-10.1380563],[33.4491546,-10.1411113],[33.4524876,-10.1450003],[33.4563766,-10.1480563],[33.4624876,-10.1555563],[33.4672096,-10.1580563],[33.4727656,-10.1597223],[33.4849876,-10.1625003],[33.4944316,-10.1672223],[33.5083206,-10.1747223],[33.5122096,-10.1780563],[33.5204574000754,-10.1845360579062]]]}}, {"type":"Feature","id":20,"properties":{"_id":"669596d2fb85d420982e1b4f","createdBy":"CjQQJHbrYXN2g3omNbbIuD3D3ZJ2","createdAt":"2024-07-15T21:38:26.038Z","updatedBy":"eBT9qSrxquPVguazo7MwJzzaf2p1","updatedAt":"2024-08-17T17:44:50.151Z","name":"FWR4 NYIKA NATIONAL PARK","dataIngestion":false,"type":1,"icaoClass":6,"activity":0,"onDemand":false,"onRequest":false,"byNotam":false,"specialAgreement":false,"requestCompliance":false,"country":"MW","upperLimit":{"value":1500,"unit":1,"referenceDatum":0},"lowerLimit":{"value":0,"unit":1,"referenceDatum":0},"hoursOfOperation":{"operatingHours":[{"dayOfWeek":0,"startTime":"00:00","endTime":"00:00","byNotam":false,"sunrise":false,"sunset":false,"publicHolidaysExcluded":false},{"dayOfWeek":1,"startTime":"00:00","endTime":"00:00","byNotam":false,"sunrise":false,"sunset":false,"publicHolidaysExcluded":false},{"dayOfWeek":2,"startTime":"00:00","endTime":"00:00","byNotam":false,"sunrise":false,"sunset":false,"publicHolidaysExcluded":false},{"dayOfWeek":3,"startTime":"00:00","endTime":"00:00","byNotam":false,"sunrise":false,"sunset":false,"publicHolidaysExcluded":false},{"dayOfWeek":4,"startTime":"00:00","endTime":"00:00","byNotam":false,"sunrise":false,"sunset":false,"publicHolidaysExcluded":false},{"dayOfWeek":5,"startTime":"00:00","endTime":"00:00","byNotam":false,"sunrise":false,"sunset":false,"publicHolidaysExcluded":false},{"dayOfWeek":6,"startTime":"00:00","endTime":"00:00","byNotam":false,"sunrise":false,"sunset":false,"publicHolidaysExcluded":false}]},"remarks":"Game Reserve - Except for the purpose of landing or taking off or in an emergency, no person shall fly any aircraft at an altitude of less than 1500ft above ground except with the prior permission of the Chief Game Warden.","deletable":true},"geometry":{"type":"Polygon","coordinates":[[[33.5708019115974,-10.7008270021671],[33.65,-10.716667],[33.783333,-10.666667],[33.8,-10.716667],[33.833333,-10.7],[33.966667,-10.733333],[34,-10.633333],[33.933333,-10.6],[33.866667,-10.45],[33.783333,-10.383333],[33.733333,-10.416667],[33.75,-10.466667],[33.7,-10.533333],[33.700489,-10.566698],[33.70156,-10.566401],[33.7050909,-10.5688275],[33.709293,-10.567412],[33.707782,-10.571745],[33.705509,-10.573522],[33.706222,-10.57768],[33.701542,-10.585224],[33.700027,-10.586737],[33.696549,-10.5884968],[33.695143,-10.592581],[33.687134,-10.594841],[33.685267,-10.604557],[33.683311,-10.608296],[33.681578,-10.60726],[33.678903,-10.60845],[33.674752,-10.607437],[33.67273,-10.611845],[33.670078,-10.613117],[33.667355,-10.61674],[33.665391,-10.617757],[33.660566,-10.619015],[33.656858,-10.621184],[33.653287,-10.620197],[33.648205,-10.622631],[33.646758,-10.624234],[33.646225,-10.626342],[33.646567,-10.6288702],[33.6450081,-10.6307053],[33.642386,-10.632102],[33.640791,-10.634619],[33.64087,-10.638145],[33.639906,-10.639223],[33.63709,-10.639446],[33.632427,-10.643968],[33.630723,-10.647905],[33.62513,-10.652465],[33.620016,-10.657774],[33.618819,-10.661068],[33.616499,-10.662737],[33.613788,-10.662932],[33.611746,-10.658107],[33.608367,-10.654252],[33.605398,-10.653535],[33.603999,-10.653926],[33.59792,-10.658188],[33.596854,-10.659971],[33.596841,-10.663462],[33.5950161,-10.6686485],[33.5903919,-10.675716],[33.588745,-10.676942],[33.5877478,-10.6804083],[33.5856933,-10.6822577],[33.5832947,-10.6831289],[33.581022,-10.687067],[33.5798893,-10.6905181],[33.5763216,-10.6939241],[33.5708019115974,-10.7008270021671]]]}}, {"type":"Feature","id":21,"properties":{"_id":"6697219b9e3c415617fc782d","createdBy":"CjQQJHbrYXN2g3omNbbIuD3D3ZJ2","createdAt":"2024-07-17T01:42:52.012Z","updatedBy":"OPONcQnzWGOLiJSceNaf8pvx1fA2","updatedAt":"2024-08-13T07:06:55.489Z","name":"LILONGWE FIR FWLL1","dataIngestion":false,"type":10,"icaoClass":6,"activity":0,"onDemand":false,"onRequest":false,"byNotam":false,"specialAgreement":false,"requestCompliance":false,"country":"MW","upperLimit":{"value":999,"unit":6,"referenceDatum":2},"lowerLimit":{"value":0,"unit":1,"referenceDatum":0},"hoursOfOperation":{"operatingHours":[{"dayOfWeek":0,"startTime":"00:00","endTime":"00:00","byNotam":false,"sunrise":false,"sunset":false,"publicHolidaysExcluded":false},{"dayOfWeek":1,"startTime":"00:00","endTime":"00:00","byNotam":false,"sunrise":false,"sunset":false,"publicHolidaysExcluded":false},{"dayOfWeek":2,"startTime":"00:00","endTime":"00:00","byNotam":false,"sunrise":false,"sunset":false,"publicHolidaysExcluded":false},{"dayOfWeek":3,"startTime":"00:00","endTime":"00:00","byNotam":false,"sunrise":false,"sunset":false,"publicHolidaysExcluded":false},{"dayOfWeek":4,"startTime":"00:00","endTime":"00:00","byNotam":false,"sunrise":false,"sunset":false,"publicHolidaysExcluded":false},{"dayOfWeek":5,"startTime":"00:00","endTime":"00:00","byNotam":false,"sunrise":false,"sunset":false,"publicHolidaysExcluded":false},{"dayOfWeek":6,"startTime":"00:00","endTime":"00:00","byNotam":false,"sunrise":false,"sunset":false,"publicHolidaysExcluded":false}]},"frequencies":[{"value":"120.600","primary":true,"unit":2,"name":"LILONGWE INFORMATION","remarks":"English","_id":"66ba7310e380fdd3956b134a"}],"deletable":true},"geometry":{"type":"Polygon","coordinates":[[[35.6584213131877,-16.1019221124887],[35.6602366,-16.1022642],[35.6614628,-16.1001031],[35.6643098,-16.1001296],[35.6679116,-16.0992503],[35.66998,-16.0975315],[35.6734441,-16.0958339],[35.6750385,-16.0991338],[35.6752186,-16.1009373],[35.6784734,-16.0991814],[35.6784734,-16.0962603],[35.6829995,-16.1002276],[35.6848825,-16.1008129],[35.6847607,-16.1019331],[35.6814847,-16.1031858],[35.6822818,-16.1054422],[35.6847793,-16.1051615],[35.6862253,-16.1029792],[35.6886962,-16.1034454],[35.6930926,-16.1025608],[35.6954136,-16.1003086],[35.6972066,-16.1011825],[35.6968941,-16.1029067],[35.6981176,-16.1029808],[35.7012401,-16.100057],[35.7031178,-16.0998901],[35.7041745,-16.1026762],[35.7075913,-16.1024144],[35.7094842,-16.101453],[35.7122909,-16.1012067],[35.7120505,-16.1004241],[35.7086261,-16.0997349],[35.7077462,-16.0981379],[35.7097702,-16.09609],[35.7117595,-16.0958659],[35.7108745,-16.0942351],[35.7133141,-16.0915914],[35.7152369,-16.0925581],[35.7196276,-16.0920821],[35.7204384,-16.0888829],[35.7222718,-16.0875322],[35.723397,-16.0878761],[35.7262007,-16.085771],[35.7279903,-16.0855307],[35.7293728,-16.0838741],[35.7318777,-16.0841094],[35.7354349,-16.0821811],[35.7373371,-16.0802264],[35.7389517,-16.0762108],[35.7419358,-16.0779998],[35.7450571,-16.0769023],[35.7447351,-16.0761341],[35.7481436,-16.0761475],[35.750992,-16.0743748],[35.7520884,-16.0756604],[35.7576096,-16.0745801],[35.7600346,-16.074479],[35.762655,-16.0712344],[35.7627489,-16.0699428],[35.7665387,-16.068909],[35.7672821,-16.0674639],[35.7649462,-16.06535],[35.7665421,-16.0624922],[35.7661856,-16.0608829],[35.7696179,-16.0574149],[35.7712021,-16.0551421],[35.7726393,-16.0543688],[35.776024,-16.0559647],[35.7798713,-16.0544887],[35.7811243,-16.0515619],[35.7835737,-16.0498739],[35.7850754,-16.0502446],[35.7857557,-16.048687],[35.7890834,-16.0476085],[35.7910737,-16.0483831],[35.7907678,-16.0471794],[35.7931893,-16.0464269],[35.7932252,-16.0432427],[35.7977629,-16.0415459],[35.8005527,-16.0417613],[35.8011177,-16.040361],[35.8047824,-16.0397949],[35.8060822,-16.0381134],[35.8080219,-16.039224],[35.8095248,-16.0381627],[35.8099712,-16.0364473],[35.8118452,-16.0349788],[35.8131254,-16.0350884],[35.8132498,-16.0312012],[35.8143226,-16.0296857],[35.8165942,-16.0296916],[35.817533,-16.0270317],[35.8162816,-16.025103],[35.8184092,-16.0201573],[35.8187227,-16.0182796],[35.817637,-16.0179439],[35.8161388,-16.0150403],[35.8180218,-16.0148008],[35.8191646,-16.0127135],[35.8170636,-16.010858],[35.8188696,-16.0094847],[35.8184484,-16.0068914],[35.8190463,-16.004837],[35.8171672,-15.9998801],[35.817771,-15.9967772],[35.816319,-15.9955505],[35.8135828,-15.9960011],[35.8129584,-15.9973132],[35.8106478,-15.9961498],[35.810895,-15.995274],[35.8085833,-15.9947321],[35.8079933,-15.9927951],[35.8066366,-15.992499],[35.807224,-15.9888784],[35.8063362,-15.9872792],[35.8071844,-15.9864414],[35.8070823,-15.9836322],[35.8057764,-15.982049],[35.8072574,-15.9813531],[35.8061556,-15.9773679],[35.8073838,-15.9750348],[35.8070641,-15.9706645],[35.805989,-15.9705767],[35.8069163,-15.9668437],[35.8058897,-15.9613786],[35.8080313,-15.9587721],[35.8063203,-15.9587259],[35.8060162,-15.9553213],[35.8087712,-15.9506581],[35.8086597,-15.9485071],[35.8111839,-15.9451963],[35.8098459,-15.9419846],[35.81075,-15.9413943],[35.8110189,-15.9371803],[35.8133836,-15.9350206],[35.8125979,-15.9339444],[35.8143161,-15.9260892],[35.817325,-15.8843028],[35.819308,-15.8494891],[35.8226421,-15.7946868],[35.8267521,-15.7315685],[35.8401588,-15.5772658],[35.8424749,-15.5528334],[35.8446913,-15.5284943],[35.8510432,-15.4500335],[35.8513697,-15.4415867],[35.8523223,-15.4342306],[35.853111,-15.4191381],[35.8422372,-15.3700874],[35.7900652,-15.1699635],[35.8680359,-15.0020207],[35.8781366,-14.9817779],[35.9185731,-14.8953503],[35.8721121,-14.8953629],[35.8720982,-14.6756206],[35.8589469,-14.6599875],[35.7696107,-14.5541696],[35.6154064,-14.3714765],[35.5206288,-14.2592275],[35.4867849,-14.1706567],[35.2274394,-13.8810134],[35.161829,-13.7945809],[35.0895755,-13.6993081],[34.997222,-13.6116602],[34.9270556,-13.5464621],[34.8668983,-13.4831105],[34.8680526,-13.4819904],[34.8683095,-13.4796236],[34.8665526,-13.4777508],[34.8669099,-13.4755666],[34.8650372,-13.4743939],[34.860338,-13.4694953],[34.8609732,-13.4629843],[34.8618722,-13.4616672],[34.8618605,-13.457307],[34.8632508,-13.454825],[34.8627892,-13.4537596],[34.8643203,-13.4464943],[34.8655736,-13.4453374],[34.8652571,-13.4424939],[34.8660618,-13.4419982],[34.8660161,-13.4392704],[34.8674249,-13.4354161],[34.8686862,-13.4342683],[34.8685643,-13.4315474],[34.869318,-13.4284298],[34.8675961,-13.4269088],[34.8620934,-13.4235508],[34.8591212,-13.4206452],[34.8591578,-13.4177984],[34.8611587,-13.4156486],[34.8654556,-13.4127004],[34.8678701,-13.4089815],[34.8700247,-13.4026394],[34.8696116,-13.4006902],[34.8651981,-13.3964037],[34.8588037,-13.3919314],[34.854818,-13.3869998],[34.8476457,-13.3824387],[34.8448617,-13.3813037],[34.8440526,-13.3792674],[34.8417878,-13.3776165],[34.8401159,-13.3744374],[34.8362253,-13.3732808],[34.8346695,-13.3710496],[34.8353049,-13.3700516],[34.8337412,-13.368499],[34.832097,-13.3689504],[34.8302557,-13.3667689],[34.828691,-13.3663705],[34.8288435,-13.3637052],[34.8279047,-13.3632277],[34.8259976,-13.3652005],[34.8217678,-13.3634156],[34.8210812,-13.3618811],[34.8182715,-13.3605204],[34.8137426,-13.3564844],[34.8114118,-13.3537886],[34.8126081,-13.3518496],[34.8111148,-13.349761],[34.8090595,-13.349527],[34.8073895,-13.3505856],[34.8054841,-13.349908],[34.8037702,-13.3480003],[34.8016578,-13.3475308],[34.797,-13.341],[34.7949699,-13.340351],[34.792868,-13.3373225],[34.7911745,-13.3314147],[34.7903484,-13.3271344],[34.7892541,-13.3265393],[34.7913676,-13.3210165],[34.7921482,-13.3212567],[34.7926937,-13.3186795],[34.7946721,-13.3169814],[34.7933519,-13.3149994],[34.7948974,-13.3083418],[34.7948599,-13.3065043],[34.7970473,-13.3021195],[34.7981697,-13.3011951],[34.7978747,-13.2993],[34.7997898,-13.2977913],[34.7991621,-13.296058],[34.8035931,-13.292628],[34.8014688,-13.288984],[34.8033874,-13.2828267],[34.8065302,-13.27666],[34.8055408,-13.2742918],[34.8059776,-13.2693739],[34.8051998,-13.2675987],[34.8059884,-13.262803],[34.8053634,-13.2611413],[34.8074228,-13.2579106],[34.8078606,-13.2538769],[34.8102638,-13.2513262],[34.8102021,-13.2496945],[34.8119804,-13.2455354],[34.8137292,-13.2438331],[34.8158529,-13.2399772],[34.8160826,-13.2351965],[34.8147833,-13.2336479],[34.8147768,-13.2316299],[34.8160922,-13.2302954],[34.8155,-13.227624],[34.8167073,-13.2267118],[34.8161772,-13.2248546],[34.8141675,-13.2231125],[34.8087658,-13.2207805],[34.80725,-13.21875],[34.8076701,-13.2176264],[34.811157,-13.2141979],[34.8115528,-13.2122011],[34.8106261,-13.2094948],[34.807815,-13.2085133],[34.8058972,-13.2067298],[34.8072061,-13.2059804],[34.805896,-13.2037021],[34.8068064,-13.2018336],[34.8046339,-13.1982665],[34.8045864,-13.1956358],[34.8030353,-13.1933232],[34.8038989,-13.18944],[34.8030027,-13.1884687],[34.8028314,-13.1858022],[34.8043616,-13.1818875],[34.80364,-13.1766847],[34.8009067,-13.1755377],[34.7996986,-13.1714349],[34.8003155,-13.1683933],[34.7994829,-13.1657203],[34.7977768,-13.1634321],[34.7984272,-13.1601116],[34.7976226,-13.1580587],[34.7977084,-13.1546581],[34.7970244,-13.1517381],[34.7984818,-13.1492582],[34.7968876,-13.1400027],[34.7977205,-13.1373478],[34.7964424,-13.136662],[34.7978908,-13.1321614],[34.7991782,-13.1317879],[34.799071,-13.1297139],[34.8023272,-13.124683],[34.805401,-13.1216947],[34.8088449,-13.1151981],[34.810701,-13.1151772],[34.8123144,-13.1090476],[34.8132706,-13.107275],[34.8127288,-13.1023011],[34.8099312,-13.098918],[34.8094618,-13.0958132],[34.8079061,-13.094153],[34.811283,-13.0903936],[34.811039,-13.0855499],[34.8076218,-13.0818218],[34.8072575,-13.0744104],[34.806034,-13.0730407],[34.8060527,-13.0693959],[34.8035932,-13.0671986],[34.8035583,-13.0637707],[34.8010746,-13.0617092],[34.799427,-13.062879],[34.7986525,-13.061589],[34.7991192,-13.0585267],[34.8016175,-13.058636],[34.8023513,-13.0556212],[34.8007822,-13.0524779],[34.7961245,-13.0505646],[34.7950637,-13.0468288],[34.7933525,-13.045065],[34.79096,-13.0412004],[34.7898718,-13.0367971],[34.7919229,-13.0345031],[34.7917271,-13.0311792],[34.7895089,-13.0288574],[34.7881517,-13.0291462],[34.7870236,-13.0275348],[34.787351,-13.0259855],[34.7859818,-13.0227647],[34.7837211,-13.0207326],[34.7839101,-13.0165601],[34.7805315,-13.0174363],[34.7791718,-13.0167204],[34.7762726,-13.0122004],[34.7759718,-13.0107358],[34.7769388,-13.0083143],[34.7771452,-13.0054803],[34.7760898,-13.0039175],[34.7767377,-13.0029094],[34.7745395,-13.0020671],[34.7728605,-12.9992439],[34.772965,-12.9961189],[34.7722114,-12.9931549],[34.7705805,-12.9915687],[34.7704341,-12.9899502],[34.7679761,-12.9864409],[34.7658283,-12.9866141],[34.7639571,-12.9853075],[34.7633873,-12.9811585],[34.7644195,-12.9800701],[34.7647119,-12.9775937],[34.7635129,-12.9774734],[34.7620189,-12.9745539],[34.762078,-12.9683906],[34.7642049,-12.9666237],[34.7645601,-12.9620854],[34.7623251,-12.9592543],[34.7620216,-12.956346],[34.7634512,-12.9552612],[34.7625178,-12.9507469],[34.7626412,-12.9469958],[34.7607958,-12.9456953],[34.7615334,-12.9433623],[34.7604203,-12.942233],[34.7612625,-12.9393471],[34.7591919,-12.9357683],[34.759739,-12.9321503],[34.759205,-12.9305827],[34.759841,-12.9274657],[34.7611016,-12.9258292],[34.7603938,-12.9216739],[34.7577395,-12.9187706],[34.7563487,-12.9187079],[34.7570085,-12.9168517],[34.7552383,-12.9147341],[34.755117,-12.9125726],[34.7576576,-12.909202],[34.7581673,-12.9041352],[34.756692,-12.9011051],[34.7572955,-12.8979415],[34.7589317,-12.8949844],[34.7618926,-12.8916489],[34.7625583,-12.8884328],[34.7670883,-12.8862203],[34.7700334,-12.8843011],[34.772265,-12.8815295],[34.7721299,-12.8762113],[34.7710365,-12.8747207],[34.7709104,-12.8685001],[34.7700146,-12.8669207],[34.7709588,-12.8640307],[34.7770111,-12.8568729],[34.7778079,-12.852592],[34.7768113,-12.8500622],[34.7781309,-12.8491155],[34.7791287,-12.8417802],[34.7809969,-12.8387493],[34.782562,-12.8377581],[34.7860387,-12.8319466],[34.786317,-12.8285081],[34.7874463,-12.8268945],[34.786883,-12.8224119],[34.7891293,-12.8184431],[34.7885165,-12.8145057],[34.7892809,-12.8142232],[34.7883954,-12.8106116],[34.7877747,-12.8037077],[34.7869983,-12.8023202],[34.7876796,-12.7990939],[34.7888906,-12.798457],[34.789364,-12.7959618],[34.7867113,-12.7939294],[34.7866818,-12.791421],[34.7882536,-12.7903303],[34.7870439,-12.7889728],[34.7889054,-12.7884601],[34.7907239,-12.7864512],[34.7907468,-12.7849496],[34.7957987,-12.7771497],[34.7959711,-12.7757381],[34.7945515,-12.7722111],[34.7947446,-12.7706506],[34.7976226,-12.7672226],[34.7981214,-12.7646407],[34.8008143,-12.7645471],[34.8031736,-12.7636857],[34.8074394,-12.7592518],[34.8111516,-12.7521258],[34.8118114,-12.7493266],[34.8114735,-12.745303],[34.8171567,-12.7376808],[34.8162746,-12.7274029],[34.8167494,-12.7241587],[34.8158079,-12.7224476],[34.8178732,-12.7215606],[34.8181549,-12.7165555],[34.8160735,-12.7133948],[34.8155773,-12.7111421],[34.8163739,-12.7085373],[34.8194852,-12.7033998],[34.8205769,-12.6988862],[34.8171517,-12.6964528],[34.8125464,-12.695414],[34.8114708,-12.6965679],[34.8109531,-12.7017383],[34.8093384,-12.7046086],[34.8075172,-12.7041089],[34.8043951,-12.7062492],[34.8019919,-12.7034731],[34.8021555,-12.7019764],[34.8008868,-12.7001396],[34.8015761,-12.6962617],[34.8043549,-12.6968426],[34.8048779,-12.695932],[34.803443,-12.6909813],[34.803679,-12.6894767],[34.8051837,-12.6885373],[34.807485,-12.688676],[34.8090649,-12.6858421],[34.8074985,-12.6802763],[34.8055243,-12.6769346],[34.8044032,-12.6716669],[34.8043549,-12.6692489],[34.8025793,-12.6661635],[34.8019382,-12.6601942],[34.800919,-12.6585979],[34.8011041,-12.6566482],[34.7992131,-12.6517726],[34.7989529,-12.6480406],[34.7967508,-12.6438767],[34.7940928,-12.6412334],[34.7790778,-12.6341093],[34.770771,-12.629283],[34.7694004,-12.6280529],[34.76875,-12.626],[34.7686145,-12.6221952],[34.7691107,-12.6187848],[34.7704464,-12.614199],[34.76853,-12.6110266],[34.7698148,-12.6071409],[34.7727062,-12.604683],[34.7753052,-12.6004622],[34.7758511,-12.5975062],[34.7752181,-12.5935804],[34.7742042,-12.5911773],[34.7718438,-12.5888266],[34.7711116,-12.5845335],[34.7691777,-12.5803346],[34.7677039,-12.5747049],[34.7650793,-12.5723095],[34.7651812,-12.571049],[34.7626975,-12.5701262],[34.7627538,-12.5680109],[34.7609608,-12.5675541],[34.7617212,-12.5652503],[34.7596103,-12.5631533],[34.7556218,-12.56089],[34.7542419,-12.5578269],[34.7559585,-12.5524494],[34.7572392,-12.5496062],[34.7549191,-12.5465966],[34.748911,-12.5422949],[34.7439261,-12.5396479],[34.7368169,-12.5371017],[34.7325508,-12.5360792],[34.7303326,-12.5339152],[34.730224,-12.5322068],[34.7255114,-12.5280005],[34.7208363,-12.5248872],[34.7129036,-12.5189304],[34.7110851,-12.516236],[34.711867,-12.5141765],[34.7093685,-12.5102907],[34.7112112,-12.5076512],[34.7082621,-12.5049253],[34.7078048,-12.5036526],[34.7033979,-12.5012514],[34.7042119,-12.5000416],[34.7046357,-12.4945319],[34.70525,-12.4938013],[34.7043447,-12.4883635],[34.698405,-12.4822264],[34.697029,-12.4795212],[34.6978632,-12.4782458],[34.6961412,-12.4713319],[34.6965864,-12.4700879],[34.6977156,-12.4764623],[34.6998158,-12.4757631],[34.7000331,-12.4728954],[34.6994054,-12.4689828],[34.7006607,-12.4672804],[34.699797,-12.463407],[34.7010657,-12.4586665],[34.6992579,-12.4543608],[34.6976727,-12.4518202],[34.6917826,-12.445034],[34.6890789,-12.4408119],[34.6876118,-12.4360055],[34.6842563,-12.4312253],[34.6840981,-12.4273906],[34.6869841,-12.4286688],[34.6927267,-12.4300099],[34.6949127,-12.4299183],[34.6992123,-12.4283702],[34.7040644,-12.4243469],[34.7062531,-12.4204439],[34.7063792,-12.4182541],[34.7086591,-12.4153281],[34.7091338,-12.4131094],[34.7089246,-12.4092273],[34.7072187,-12.4054289],[34.7068298,-12.4016462],[34.7056228,-12.398597],[34.7027233,-12.3938527],[34.7031471,-12.3913221],[34.7027582,-12.3881522],[34.7039303,-12.3873453],[34.7051977,-12.3826022],[34.7063054,-12.3814403],[34.7079496,-12.3729781],[34.7094516,-12.3710918],[34.7094972,-12.3695015],[34.7070363,-12.363765],[34.706866,-12.361838],[34.7051668,-12.3579603],[34.7049321,-12.3562442],[34.7034408,-12.3544219],[34.7030371,-12.3525538],[34.6998855,-12.3470816],[34.6989253,-12.3392865],[34.7000894,-12.3318056],[34.7012401,-12.3276196],[34.7046129,-12.3210372],[34.7047377,-12.3187927],[34.7068056,-12.3143576],[34.7080743,-12.3128626],[34.7086899,-12.3070332],[34.711246,-12.3039186],[34.7112595,-12.3008748],[34.7126958,-12.2980078],[34.7134978,-12.2939497],[34.7120199,-12.2916303],[34.7126394,-12.2888314],[34.7123578,-12.2854663],[34.7160941,-12.2842739],[34.7192886,-12.2794751],[34.7198251,-12.2764402],[34.720906,-12.2754495],[34.721649,-12.2708419],[34.7223866,-12.2702365],[34.7215149,-12.2647928],[34.7199672,-12.262523],[34.7208121,-12.2608612],[34.7235051,-12.2585207],[34.7231537,-12.2554671],[34.7220808,-12.2550373],[34.7236714,-12.2513467],[34.7231913,-12.2492236],[34.7202837,-12.2451031],[34.7203642,-12.2442119],[34.717741,-12.2423378],[34.7180843,-12.2390743],[34.713648,-12.2331083],[34.7122961,-12.2332263],[34.7109738,-12.2308986],[34.7106975,-12.2272758],[34.7118862,-12.224598],[34.7107257,-12.224256],[34.7118589,-12.2199884],[34.7104132,-12.2188533],[34.7096837,-12.2159225],[34.7082353,-12.2139066],[34.7083305,-12.2103505],[34.705435,-12.2087605],[34.70584,-12.2073449],[34.7045231,-12.2055727],[34.7031605,-12.2058689],[34.7015914,-12.2032395],[34.7016907,-12.2015066],[34.7004783,-12.1989571],[34.7028574,-12.1942027],[34.7015029,-12.1919952],[34.6987751,-12.1914971],[34.6988127,-12.1898637],[34.7001323,-12.1896251],[34.6996522,-12.1877034],[34.7028065,-12.1849191],[34.7042066,-12.1849453],[34.7078088,-12.1823969],[34.7091982,-12.1795024],[34.7135648,-12.1766839],[34.7200692,-12.1702603],[34.7224724,-12.1670746],[34.7264877,-12.1640646],[34.7309965,-12.1622895],[34.7349581,-12.1591903],[34.7353443,-12.1573601],[34.7411218,-12.154135],[34.7423583,-12.1526823],[34.7442198,-12.1532067],[34.7476611,-12.1497246],[34.7493669,-12.1473804],[34.7515663,-12.1427916],[34.7543612,-12.1423563],[34.7566786,-12.1407253],[34.758001,-12.1381974],[34.7580788,-12.1362071],[34.7592986,-12.1337484],[34.7595862,-12.1292948],[34.7608253,-12.1276165],[34.7667896,-12.1269999],[34.7709721,-12.1261453],[34.7754621,-12.1221239],[34.776291,-12.1199932],[34.776299,-12.1159481],[34.7769856,-12.1149148],[34.7856371,-12.1143641],[34.7959998,-12.1120943],[34.7991085,-12.1099937],[34.8004268,-12.106827],[34.802767,-12.1060193],[34.8059776,-12.1037442],[34.8093519,-12.0996975],[34.8107144,-12.0967654],[34.8113796,-12.0915436],[34.8112616,-12.0847849],[34.8105159,-12.0808192],[34.8105749,-12.0773781],[34.8113635,-12.0756916],[34.8146117,-12.0732431],[34.8144682,-12.0724215],[34.8217799,-12.0720169],[34.8283151,-12.0740024],[34.8371771,-12.0739972],[34.840444,-12.0736693],[34.8455858,-12.0721822],[34.8508161,-12.0701232],[34.8555422,-12.0677442],[34.8621833,-12.0638648],[34.8668075,-12.0606858],[34.8697337,-12.0577506],[34.8718017,-12.0540888],[34.8744276,-12.0525989],[34.8772533,-12.0477252],[34.8787366,-12.0469933],[34.8832709,-12.0403961],[34.8864117,-12.0337619],[34.8891476,-12.0292394],[34.8899925,-12.0256008],[34.8881525,-12.0174001],[34.8855427,-12.0112192],[34.8843384,-12.0097868],[34.8829436,-12.0029525],[34.882029,-12.0018139],[34.8841801,-11.9961967],[34.8841399,-11.9944809],[34.8859289,-11.9934393],[34.8901588,-11.989349],[34.8909339,-11.9861087],[34.8927337,-11.9841356],[34.8942921,-11.9803311],[34.8950927,-11.9740169],[34.8943886,-11.9703304],[34.8948674,-11.969412],[34.8940279,-11.9655129],[34.8946501,-11.9613723],[34.8958316,-11.960349],[34.8970789,-11.9565048],[34.8962514,-11.9524388],[34.8961253,-11.9476565],[34.8973203,-11.9451386],[34.900209,-11.9407694],[34.9020477,-11.9324664],[34.9025734,-11.9267743],[34.9016963,-11.9244938],[34.9027048,-11.9234414],[34.9028067,-11.9198185],[34.9010915,-11.9174474],[34.9008313,-11.9143427],[34.8999435,-11.9117603],[34.8999569,-11.9082199],[34.9064317,-11.8991652],[34.9092615,-11.897475],[34.9122173,-11.8967506],[34.9154627,-11.8935565],[34.9161842,-11.8909331],[34.9154668,-11.8888242],[34.9178861,-11.8889568],[34.920111,-11.8880066],[34.9226926,-11.8857966],[34.9268809,-11.8780878],[34.9265563,-11.8766218],[34.9284258,-11.8738756],[34.9279565,-11.8720205],[34.9266931,-11.8715179],[34.9282958,-11.8678693],[34.9290602,-11.8614652],[34.9305837,-11.8558051],[34.9321374,-11.8537235],[34.9349034,-11.8473919],[34.93673,-11.8451927],[34.9377371,-11.8412295],[34.9373911,-11.836663],[34.939325,-11.8339742],[34.9404784,-11.826447],[34.9428186,-11.824688],[34.9421909,-11.8224224],[34.9437909,-11.8212823],[34.9445164,-11.8154468],[34.9461392,-11.8139372],[34.9461955,-11.8108891],[34.9475473,-11.8099335],[34.9471852,-11.8066228],[34.9486068,-11.8055647],[34.9483627,-11.8030285],[34.9495241,-11.7973311],[34.9493712,-11.7934217],[34.9512863,-11.7919723],[34.9537057,-11.7817218],[34.9547759,-11.7797761],[34.9537834,-11.7786234],[34.9535152,-11.7743802],[34.9521339,-11.7722848],[34.9508437,-11.7667706],[34.9513265,-11.7648091],[34.9506238,-11.7627793],[34.9513561,-11.7577113],[34.9503851,-11.7538853],[34.9502295,-11.7502273],[34.95123,-11.7464327],[34.9500686,-11.7427746],[34.9505433,-11.7397651],[34.9493846,-11.7355712],[34.9513131,-11.7323857],[34.9504924,-11.7309281],[34.950825,-11.7274957],[34.9518308,-11.7258254],[34.9516672,-11.7218545],[34.9530995,-11.7179492],[34.9546391,-11.7159401],[34.9539739,-11.7150655],[34.9546176,-11.711231],[34.9565461,-11.7076644],[34.9584103,-11.7070735],[34.9606231,-11.7018258],[34.962042,-11.7004312],[34.9613205,-11.6954487],[34.9638364,-11.6918766],[34.9649227,-11.6864422],[34.9653089,-11.682539],[34.9643755,-11.6798809],[34.9660733,-11.6771018],[34.9652821,-11.6731145],[34.9662718,-11.6711392],[34.9660277,-11.6660485],[34.9673045,-11.6637132],[34.9668914,-11.6593369],[34.9650943,-11.6559456],[34.9664113,-11.6538625],[34.9672481,-11.6499799],[34.9668619,-11.6450411],[34.9654055,-11.6430288],[34.9658856,-11.6399762],[34.9649575,-11.6347379],[34.9642923,-11.6335583],[34.9649575,-11.631693],[34.9636754,-11.6286009],[34.9634206,-11.6252328],[34.9620581,-11.621807],[34.9582922,-11.6185229],[34.956699,-11.6152336],[34.957729,-11.610381],[34.9593571,-11.6082581],[34.9606204,-11.6050685],[34.961696,-11.6042855],[34.962962,-11.5992277],[34.9624041,-11.5959881],[34.9634904,-11.5940043],[34.9630676,-11.5913191],[34.9645123,-11.5889674],[34.9648771,-11.5804436],[34.9592096,-11.5741057],[34.9591506,-11.57368],[34.9583137,-11.5701983],[34.9591908,-11.5684772],[34.9594885,-11.5651452],[34.9613339,-11.561779],[34.962337,-11.5613376],[34.9634877,-11.5582105],[34.9630049,-11.5566548],[34.963882,-11.5511784],[34.9620715,-11.5468633],[34.9621546,-11.5414944],[34.9595502,-11.537153],[34.9602422,-11.5324541],[34.9615458,-11.5304199],[34.9612722,-11.5279653],[34.9585766,-11.524236],[34.9580482,-11.5218812],[34.9581528,-11.5145117],[34.9576431,-11.5119518],[34.9583459,-11.5105641],[34.9562162,-11.5074417],[34.9546096,-11.506351],[34.9544567,-11.5023507],[34.9560097,-11.4994279],[34.9547088,-11.4942198],[34.9558166,-11.4915322],[34.9539725,-11.4881862],[34.950597,-11.484409],[34.9502859,-11.4806148],[34.9495308,-11.4789207],[34.9473301,-11.4766364],[34.9399835,-11.4699834],[34.9305837,-11.4623813],[34.9296288,-11.4592899],[34.9318577,-11.4565258],[34.9323124,-11.4545213],[34.9339847,-11.4528468],[34.9337782,-11.449361],[34.9325122,-11.4446487],[34.9314514,-11.4430267],[34.9263887,-11.4382999],[34.9252273,-11.4360614],[34.9235657,-11.4310689],[34.9248692,-11.4291445],[34.9247244,-11.4275644],[34.9222138,-11.4225403],[34.9236649,-11.4183679],[34.9243891,-11.4143874],[34.9245635,-11.4096154],[34.9260628,-11.4081615],[34.926323,-11.4061265],[34.928222,-11.4032238],[34.9287236,-11.4006734],[34.9280262,-11.3983517],[34.9245554,-11.3945392],[34.9189147,-11.3898668],[34.912051,-11.3847132],[34.9044844,-11.3803719],[34.8976877,-11.3757204],[34.8891985,-11.3704534],[34.8855641,-11.3689914],[34.8844108,-11.3699117],[34.8814027,-11.3700931],[34.8822784,-11.3661961],[34.8793173,-11.3642081],[34.871217,-11.3595589],[34.8662442,-11.356306],[34.8571917,-11.3514068],[34.8497486,-11.3477935],[34.8444352,-11.3459474],[34.8363684,-11.3396963],[34.8298104,-11.3355596],[34.8133001,-11.3264179],[34.8035945,-11.3216445],[34.8004483,-11.3208476],[34.798281,-11.3236578],[34.7968622,-11.3245546],[34.7942859,-11.3245217],[34.7921133,-11.3215327],[34.793146,-11.3198337],[34.7924083,-11.316604],[34.7910887,-11.3158716],[34.7916144,-11.3138648],[34.7895397,-11.3135176],[34.7874141,-11.3078918],[34.7877386,-11.3052748],[34.7867918,-11.3006036],[34.7855821,-11.2979155],[34.7860917,-11.2925103],[34.7884548,-11.2906218],[34.7884011,-11.2884307],[34.7905335,-11.2877074],[34.7920436,-11.2898222],[34.7946104,-11.2908585],[34.7985989,-11.287689],[34.8000446,-11.2853506],[34.80064,-11.2807659],[34.7997281,-11.2775805],[34.7985452,-11.2766388],[34.7973087,-11.273185],[34.7946131,-11.2707834],[34.7939479,-11.2678898],[34.7915286,-11.265717],[34.7847372,-11.2608084],[34.7801667,-11.2579753],[34.7759396,-11.2560839],[34.7739574,-11.2581384],[34.7726458,-11.2571072],[34.7737589,-11.2506832],[34.7716615,-11.2518538],[34.7705859,-11.2491653],[34.7718009,-11.24438],[34.7715944,-11.2413231],[34.7723883,-11.2394711],[34.771117,-11.2341937],[34.7689766,-11.2323521],[34.7630113,-11.2289057],[34.7637811,-11.2255605],[34.761984,-11.2241754],[34.7602648,-11.2241293],[34.7599925,-11.222539],[34.7616287,-11.2213708],[34.758414,-11.2174389],[34.7595325,-11.2156195],[34.759798,-11.2118783],[34.7576818,-11.2114652],[34.7564721,-11.2083869],[34.7481358,-11.2056111],[34.7407222,-11.2011225],[34.7333005,-11.1975152],[34.718602,-11.1912069],[34.7166145,-11.1890993],[34.714179,-11.1885902],[34.7127521,-11.1863984],[34.7084069,-11.1835566],[34.7082514,-11.181991],[34.7032464,-11.178244],[34.7052057,-11.1759876],[34.7047953,-11.1704486],[34.703418,-11.1649344],[34.6986584,-11.1600715],[34.6940397,-11.1581268],[34.692712,-11.1561387],[34.6857946,-11.1516927],[34.6809773,-11.1496914],[34.6803027,-11.1485375],[34.6738721,-11.1456427],[34.6740183,-11.1431005],[34.6700031,-11.1407149],[34.6628711,-11.1376846],[34.6592514,-11.1354779],[34.6521878,-11.1325152],[34.6519531,-11.1308658],[34.6483952,-11.1283761],[34.6445703,-11.1262786],[34.6431112,-11.1243416],[34.6443129,-11.1215137],[34.639497,-11.1185871],[34.6374585,-11.117958],[34.6379265,-11.1170093],[34.635656,-11.1154499],[34.6382356,-11.1141063],[34.6369475,-11.1110783],[34.6376865,-11.1096136],[34.6355018,-11.1064026],[34.6371621,-11.1061249],[34.6374772,-11.1046326],[34.6355957,-11.1022414],[34.6344343,-11.1023559],[34.6344906,-11.1000976],[34.6382913,-11.099083],[34.6376181,-11.0973642],[34.6402654,-11.0949033],[34.6408877,-11.0918527],[34.6395881,-11.0893258],[34.6364929,-11.0891732],[34.6373686,-11.0863305],[34.6360409,-11.0854158],[34.6375363,-11.0846459],[34.6372774,-11.0819755],[34.638412,-11.0804923],[34.6377723,-11.0791156],[34.6340319,-11.0762149],[34.6368724,-11.0727087],[34.6372613,-11.0677021],[34.6355715,-11.0648118],[34.6378782,-11.0609949],[34.635943,-11.0588324],[34.636745,-11.0576307],[34.6373244,-11.0531595],[34.6359028,-11.0517011],[34.6300516,-11.048783],[34.6287695,-11.0491858],[34.6239603,-11.0477853],[34.623177,-11.0484908],[34.6159163,-11.0483697],[34.614535,-11.0459478],[34.6153557,-11.0405247],[34.6137625,-11.0354596],[34.6122766,-11.0338537],[34.612526,-11.0308604],[34.6118098,-11.0290952],[34.6139288,-11.0260756],[34.6141863,-11.0205903],[34.6151653,-11.0170611],[34.6164072,-11.0159013],[34.6172735,-11.0127893],[34.618508,-11.0119633],[34.6185878,-11.0098379],[34.6212955,-11.007912],[34.621262,-11.0062125],[34.6234372,-11.0012416],[34.6269536,-10.9981058],[34.6289787,-10.9972106],[34.6295178,-10.9949857],[34.6349117,-10.9926845],[34.6369985,-10.9886375],[34.6371084,-10.9842404],[34.6383798,-10.979277],[34.6405296,-10.9775918],[34.6414107,-10.9749929],[34.6438783,-10.9730101],[34.6465431,-10.9679741],[34.649232,-10.964784],[34.6484488,-10.9616767],[34.6503988,-10.9584694],[34.6523729,-10.9570237],[34.6545321,-10.9533449],[34.660728,-10.9492922],[34.6644616,-10.9446732],[34.6690053,-10.942548],[34.67235,-10.9398171],[34.6735623,-10.9355759],[34.6727107,-10.9324354],[34.6710572,-10.9293463],[34.671835,-10.9262255],[34.6731681,-10.9250746],[34.6749544,-10.9206633],[34.6766093,-10.9181218],[34.6756464,-10.9165364],[34.676148,-10.9147981],[34.6786451,-10.9123383],[34.6782643,-10.9096703],[34.6792755,-10.9049928],[34.6781945,-10.9021009],[34.6702525,-10.8945154],[34.6690482,-10.8915708],[34.6702847,-10.8885734],[34.6691313,-10.885892],[34.6720549,-10.8799524],[34.6745709,-10.8786776],[34.676545,-10.8698535],[34.6752575,-10.8655705],[34.6752655,-10.8638477],[34.6769312,-10.8594303],[34.6761949,-10.8577931],[34.6694371,-10.8523469],[34.6720308,-10.8483428],[34.6715158,-10.8426949],[34.6726343,-10.8410063],[34.6750697,-10.8401079],[34.6782643,-10.8364251],[34.6782723,-10.8339936],[34.6748739,-10.829249],[34.6764135,-10.8256687],[34.6761185,-10.8233688],[34.6792003,-10.8193064],[34.6797663,-10.8106018],[34.6757832,-10.8039652],[34.676325,-10.8024871],[34.6741149,-10.7972019],[34.6747184,-10.7952864],[34.673785,-10.79296],[34.673042,-10.7884492],[34.6730098,-10.7848843],[34.675515,-10.7815749],[34.6753594,-10.7790613],[34.6768749,-10.7788689],[34.6790689,-10.7770825],[34.6794766,-10.7729193],[34.6772557,-10.7699813],[34.6782857,-10.7690617],[34.6787766,-10.7642054],[34.6821079,-10.7616363],[34.6822795,-10.7593807],[34.6810752,-10.7565822],[34.6810725,-10.7515018],[34.6788114,-10.7467717],[34.6755901,-10.7441787],[34.6725324,-10.7378383],[34.6639091,-10.7285806],[34.6603686,-10.7268255],[34.6580431,-10.7245301],[34.6541244,-10.7190511],[34.6493527,-10.7130186],[34.6487828,-10.7106967],[34.6502244,-10.7091168],[34.6518391,-10.7089784],[34.6530944,-10.707181],[34.6531829,-10.7043399],[34.6544623,-10.7021076],[34.6560287,-10.7010639],[34.6569756,-10.6990714],[34.6563426,-10.6961723],[34.6583649,-10.6924086],[34.6583971,-10.6902447],[34.6596873,-10.6881573],[34.6568119,-10.6835316],[34.6524936,-10.6812096],[34.6514824,-10.678334],[34.6527001,-10.6755348],[34.6549425,-10.6742854],[34.6547198,-10.6702183],[34.6514985,-10.6663885],[34.6463084,-10.6631648],[34.6459892,-10.6605078],[34.6422476,-10.6578007],[34.6418318,-10.6541341],[34.643138,-10.6531113],[34.6430013,-10.6503962],[34.6448064,-10.6482505],[34.6448547,-10.6455011],[34.6434009,-10.6437772],[34.6402949,-10.642098],[34.6354535,-10.6411385],[34.6349144,-10.6391087],[34.63577,-10.6363355],[34.6335733,-10.6340684],[34.6294454,-10.6318672],[34.6253201,-10.6290623],[34.6242553,-10.627188],[34.6200067,-10.6250975],[34.6193898,-10.622282],[34.6173245,-10.6199832],[34.6165359,-10.6159075],[34.617472,-10.6149268],[34.6195078,-10.6153143],[34.6221471,-10.6129469],[34.622772,-10.6095592],[34.623794,-10.6082726],[34.6232387,-10.6069307],[34.6250036,-10.6044947],[34.6241426,-10.6017423],[34.6249849,-10.5969519],[34.6214873,-10.5933452],[34.6187246,-10.5915603],[34.6039644,-10.5841358],[34.5968941,-10.5796931],[34.588716,-10.575696],[34.5842475,-10.5725953],[34.5825657,-10.5702723],[34.5799506,-10.5678729],[34.576292,-10.5616792],[34.5764476,-10.5590451],[34.5747498,-10.5562474],[34.5735723,-10.551778],[34.5739853,-10.5489605],[34.5763269,-10.546789],[34.5762867,-10.5395269],[34.5682347,-10.5285227],[34.5691922,-10.5264434],[34.5704971,-10.5259239],[34.5723814,-10.5228082],[34.571102,-10.5194775],[34.5719951,-10.5164725],[34.5714989,-10.513979],[34.5739558,-10.510498],[34.5824772,-10.5025361],[34.5841643,-10.5013441],[34.5886141,-10.4969582],[34.5912346,-10.49392],[34.5934555,-10.490204],[34.5948516,-10.4856716],[34.5953183,-10.4814517],[34.5927286,-10.4755688],[34.5876217,-10.4704204],[34.5870745,-10.4691359],[34.5879596,-10.4669678],[34.5905104,-10.464714],[34.5913661,-10.461384],[34.5900249,-10.4579986],[34.5879865,-10.4559083],[34.5827079,-10.4532284],[34.5781763,-10.4558344],[34.5756832,-10.4580949],[34.572152,-10.4604081],[34.5709451,-10.4594678],[34.5701136,-10.4556142],[34.5702758,-10.4518871],[34.5683916,-10.4485926],[34.5672409,-10.4433276],[34.5647626,-10.4397218],[34.5635489,-10.4359088],[34.5621796,-10.4337893],[34.5596214,-10.4324638],[34.5585117,-10.4283249],[34.5593297,-10.4261513],[34.5597093,-10.4163631],[34.5593365,-10.4112757],[34.5617531,-10.4078488],[34.5600338,-10.4068839],[34.5594357,-10.4048757],[34.5612247,-10.4003223],[34.5636186,-10.3984439],[34.5656544,-10.3949536],[34.5643267,-10.391305],[34.5646445,-10.387225],[34.5657818,-10.3853531],[34.5668413,-10.3790516],[34.5667112,-10.3745756],[34.5672248,-10.3717961],[34.5682642,-10.3704017],[34.5676714,-10.3684532],[34.5695744,-10.3665786],[34.5695624,-10.3643782],[34.5717993,-10.360782],[34.5714882,-10.358154],[34.5723358,-10.3560828],[34.5724431,-10.3526422],[34.5731056,-10.3516039],[34.5723841,-10.3485841],[34.5751514,-10.3452726],[34.5752205,-10.3440298],[34.5732303,-10.3424203],[34.5744815,-10.3396233],[34.5773435,-10.3366284],[34.5786819,-10.3334831],[34.5810463,-10.329905],[34.5824745,-10.3266039],[34.5831156,-10.3237105],[34.5827803,-10.3213884],[34.5806292,-10.3214398],[34.5809403,-10.3199093],[34.5829493,-10.317004],[34.5827307,-10.3159168],[34.5840007,-10.3093169],[34.5855457,-10.309061],[34.5856114,-10.3067242],[34.5841938,-10.3045919],[34.5847571,-10.3034176],[34.5822559,-10.3004026],[34.5825872,-10.2992744],[34.5806091,-10.2982782],[34.5818442,-10.2943909],[34.5814928,-10.2920791],[34.5800163,-10.2904363],[34.5810986,-10.2877642],[34.5797172,-10.2857453],[34.5795321,-10.2828713],[34.5772845,-10.2763586],[34.5740135,-10.2738863],[34.5719308,-10.2731328],[34.5711341,-10.2716337],[34.5705897,-10.2679757],[34.5676634,-10.2652177],[34.5670424,-10.2617602],[34.5672517,-10.2588583],[34.5648967,-10.2577577],[34.5649302,-10.2559352],[34.5661774,-10.2544202],[34.5651314,-10.2535361],[34.5661774,-10.2500171],[34.5685103,-10.2485707],[34.5684928,-10.2462856],[34.5698239,-10.245635],[34.5685485,-10.2432423],[34.570992,-10.2421681],[34.5695329,-10.2409658],[34.5674327,-10.2350718],[34.5677841,-10.2305753],[34.5702517,-10.2281786],[34.5707425,-10.2258082],[34.5689025,-10.2247524],[34.568342,-10.2207718],[34.5676044,-10.2204313],[34.5644367,-10.2148167],[34.5666321,-10.2125017],[34.568755,-10.2122285],[34.5695235,-10.2098805],[34.56846,-10.2087216],[34.569329,-10.2060462],[34.5660245,-10.2037641],[34.5643026,-10.2046089],[34.5635435,-10.20175],[34.5653915,-10.1996249],[34.5651287,-10.1976424],[34.5633638,-10.1965416],[34.5635784,-10.195124],[34.5600727,-10.1918558],[34.5603758,-10.1897782],[34.556787,-10.1839229],[34.555454,-10.1830834],[34.5545997,-10.1777981],[34.5506515,-10.1749086],[34.5495518,-10.1723438],[34.5498615,-10.1710581],[34.5466134,-10.1663997],[34.5456907,-10.1634085],[34.5456934,-10.1607842],[34.5447117,-10.1565084],[34.542067,-10.1523],[34.5380102,-10.1469944],[34.5349123,-10.1449139],[34.5326297,-10.1420465],[34.532627,-10.1387778],[34.5303632,-10.1376927],[34.5287888,-10.1386273],[34.526014,-10.1355619],[34.5272183,-10.1326337],[34.5232165,-10.1256169],[34.5237073,-10.1226384],[34.5227887,-10.1210066],[34.5201413,-10.1210172],[34.5193461,-10.1187807],[34.5209715,-10.1158339],[34.5205048,-10.1136951],[34.5226713,-10.1124897],[34.5230488,-10.1108129],[34.5248734,-10.1107753],[34.525784,-10.1091302],[34.527563,-10.1082476],[34.5308393,-10.1029057],[34.534758,-10.0978938],[34.5365739,-10.0974607],[34.536024,-10.0927378],[34.5375583,-10.0912604],[34.5388082,-10.0856079],[34.5405543,-10.0842756],[34.5419048,-10.0812757],[34.5406991,-10.0789003],[34.5385198,-10.077869],[34.5369333,-10.0760825],[34.5377889,-10.0745178],[34.5399803,-10.0731261],[34.5396142,-10.0705525],[34.5399857,-10.0665053],[34.5366067,-10.0629982],[34.5350531,-10.0584254],[34.5291924,-10.0497892],[34.5298389,-10.0483776],[34.5272572,-10.0470623],[34.5256697,-10.0431826],[34.5228825,-10.0411225],[34.5206714,-10.0363463],[34.5172968,-10.0343611],[34.5171104,-10.0322198],[34.5141815,-10.0301379],[34.5131327,-10.0260572],[34.5135592,-10.0235532],[34.5118278,-10.0235017],[34.5093092,-10.0215776],[34.5045778,-10.0157852],[34.5054844,-10.0115141],[34.5072091,-10.009372],[34.5065466,-10.0044431],[34.5046476,-10.0014979],[34.5022738,-10.0006024],[34.5015147,-9.9963999],[34.5001549,-9.9946697],[34.5006376,-9.9921365],[34.4998437,-9.9898991],[34.4968866,-9.9860688],[34.492823,-9.981948],[34.4909012,-9.9786195],[34.4857098,-9.9776831],[34.4832207,-9.9734022],[34.4795139,-9.9724823],[34.476078,-9.9667465],[34.4734092,-9.96567],[34.4698513,-9.9607629],[34.4692987,-9.9590708],[34.465616,-9.955863],[34.4621573,-9.9546128],[34.4580389,-9.9513251],[34.4564135,-9.9485749],[34.4538653,-9.946353],[34.4528031,-9.9442751],[34.4524102,-9.937665],[34.4498567,-9.9350217],[34.4466139,-9.9291076],[34.4445822,-9.9276888],[34.4409947,-9.9227587],[34.4402786,-9.920106],[34.4352856,-9.9123884],[34.4333397,-9.910128],[34.4313562,-9.9058568],[34.424019,-9.8977332],[34.4177239,-9.8887163],[34.4159556,-9.8851465],[34.4146018,-9.8843524],[34.4128127,-9.8817761],[34.410722,-9.8810071],[34.4081651,-9.877027],[34.4065277,-9.8760136],[34.4034565,-9.8728201],[34.4021382,-9.8722599],[34.4000521,-9.8688386],[34.3961348,-9.8645649],[34.3934767,-9.8608911],[34.3911593,-9.859361],[34.3883711,-9.8548818],[34.3884006,-9.8526488],[34.3871064,-9.8521493],[34.3856473,-9.8493124],[34.3847179,-9.8491908],[34.3831609,-9.8456417],[34.3800093,-9.8443045],[34.3779219,-9.8407903],[34.3779319,-9.8383478],[34.3721102,-9.8312479],[34.3725876,-9.8302212],[34.3707731,-9.8289685],[34.3687132,-9.8259556],[34.3659398,-9.8229137],[34.3649139,-9.8209618],[34.3626876,-9.8198334],[34.3616402,-9.8170504],[34.3599343,-9.815084],[34.3585342,-9.812042],[34.3545806,-9.8089338],[34.3510616,-9.803213],[34.3486422,-9.8018677],[34.3470691,-9.7993211],[34.3449703,-9.7998471],[34.3429358,-9.7959578],[34.3412112,-9.7941314],[34.3398178,-9.7906147],[34.3387516,-9.7901231],[34.3360586,-9.7862495],[34.3348785,-9.7853772],[34.334912,-9.7833089],[34.3362397,-9.7798397],[34.3360788,-9.7762581],[34.3329097,-9.7720487],[34.3329567,-9.770238],[34.3298936,-9.7676899],[34.3297608,-9.7638002],[34.3282869,-9.7629266],[34.3277988,-9.7595272],[34.3265153,-9.7576768],[34.324729,-9.7574535],[34.3220106,-9.7554682],[34.320939,-9.7521071],[34.3182991,-9.7497789],[34.3149242,-9.7455751],[34.3126711,-9.7448019],[34.3081161,-9.7393853],[34.3051891,-9.7380344],[34.3007527,-9.7349798],[34.2995927,-9.7319304],[34.2985694,-9.7312866],[34.2959931,-9.7273146],[34.2927396,-9.7257456],[34.2908607,-9.7235566],[34.2872129,-9.7212143],[34.2848137,-9.7209724],[34.2779848,-9.7147319],[34.275603,-9.7084041],[34.2729731,-9.7071192],[34.2691818,-9.7037351],[34.2682403,-9.702043],[34.2653073,-9.7008758],[34.2621249,-9.6985478],[34.2606336,-9.6953408],[34.2591061,-9.6934187],[34.2564574,-9.6918925],[34.2548776,-9.6900344],[34.2532146,-9.6895321],[34.2498055,-9.6850572],[34.2465788,-9.6834298],[34.2455207,-9.6811738],[34.2432569,-9.6789694],[34.2379448,-9.6763809],[34.2312017,-9.6677453],[34.2274252,-9.6645961],[34.2258131,-9.6619626],[34.2224148,-9.6592391],[34.2189199,-9.6547703],[34.2126891,-9.6497013],[34.208993,-9.6454441],[34.2066407,-9.6447301],[34.2047819,-9.6422841],[34.2011154,-9.6401819],[34.2005092,-9.6387354],[34.1976687,-9.6370113],[34.1929534,-9.6318178],[34.1890454,-9.6297445],[34.1854727,-9.6248074],[34.1835818,-9.6233265],[34.1790971,-9.6176779],[34.1770613,-9.6138592],[34.1746098,-9.6138856],[34.166598,-9.6077767],[34.163087,-9.6053833],[34.1579533,-9.5997159],[34.1573283,-9.5983036],[34.1539165,-9.5971664],[34.1524628,-9.5979016],[34.1509017,-9.5964603],[34.1492575,-9.5929958],[34.1474175,-9.5927048],[34.1450572,-9.5895946],[34.1420075,-9.5906155],[34.1402212,-9.5892641],[34.14013,-9.5879179],[34.1357097,-9.5808061],[34.1344115,-9.5795948],[34.1325232,-9.5793885],[34.131555,-9.577389],[34.1299671,-9.5767185],[34.1293663,-9.5750629],[34.1271025,-9.5723268],[34.124541,-9.5706922],[34.121553,-9.5674734],[34.1200724,-9.5669339],[34.1156906,-9.5626613],[34.1147268,-9.5601126],[34.1124362,-9.5574941],[34.1087186,-9.5555341],[34.1072541,-9.5559203],[34.1066372,-9.553926],[34.1052908,-9.5532594],[34.1025576,-9.549895],[34.0995696,-9.5479561],[34.0966889,-9.5453957],[34.094165,-9.5459961],[34.0917563,-9.544917],[34.0907036,-9.542334],[34.0879744,-9.5390898],[34.0866347,-9.5364394],[34.0804696,-9.5297828],[34.0753412,-9.5265993],[34.0711436,-9.5273876],[34.0682468,-9.527131],[34.0646003,-9.5252555],[34.0630031,-9.523507],[34.0612945,-9.5189969],[34.0612046,-9.5172761],[34.0596919,-9.512455],[34.0572926,-9.5109591],[34.0558322,-9.5080545],[34.052179,-9.5070228],[34.0505911,-9.5032267],[34.0456133,-9.4972326],[34.0422361,-9.4963367],[34.0402941,-9.4941343],[34.0381041,-9.4932917],[34.0302493,-9.4947203],[34.017549,-9.499658],[34.0120009,-9.5023444],[33.9992496,-9.5100293],[33.9926071,-9.5136269],[33.9873232,-9.5168026],[33.9865011,-9.5176769],[33.9786422,-9.5222003],[33.9701825,-9.5287287],[33.96779,-9.5313183],[33.9650863,-9.5354501],[33.9623746,-9.5382738],[33.9602771,-9.5415074],[33.9579865,-9.5506144],[33.950302,-9.5581209],[33.9501464,-9.5604035],[33.9482287,-9.5642493],[33.9468004,-9.5659182],[33.9458804,-9.5692336],[33.9457798,-9.5738291],[33.9481831,-9.5758127],[33.9485157,-9.5789865],[33.9496475,-9.5816921],[33.9513347,-9.5831626],[33.9523244,-9.589711],[33.9534538,-9.5908826],[33.9536092,-9.5932629],[33.9522305,-9.6017708],[33.9542556,-9.6070891],[33.9555591,-9.612558],[33.957037,-9.6148138],[33.9610228,-9.6157844],[33.9613312,-9.6169771],[33.9650567,-9.6186508],[33.9669585,-9.6174927],[33.967849,-9.618212],[33.9668029,-9.6214357],[33.960768,-9.6263702],[33.9581341,-9.6291707],[33.95307,-9.6358266],[33.9525819,-9.6381378],[33.9529359,-9.6412581],[33.956455,-9.6446005],[33.9565301,-9.650053],[33.9554089,-9.6540247],[33.9518791,-9.6604025],[33.9501411,-9.6646543],[33.9480382,-9.66751],[33.9471853,-9.6709579],[33.9434731,-9.6779646],[33.9447713,-9.6797097],[33.9445192,-9.682782],[33.9429688,-9.6878003],[33.9405066,-9.6930565],[33.9387739,-9.7015275],[33.9383179,-9.7080524],[33.9393693,-9.7105957],[33.939895,-9.714535],[33.9410216,-9.7170148],[33.9400027,-9.7188671],[33.9378322,-9.7184584],[33.9344595,-9.7159871],[33.9339405,-9.7124613],[33.9321555,-9.7119493],[33.933656,-9.7100271],[33.9299198,-9.710459],[33.9285958,-9.709128],[33.9248712,-9.7088926],[33.9223339,-9.7106693],[33.9209803,-9.7104095],[33.919079,-9.7126697],[33.9160485,-9.7147884],[33.9164058,-9.7127657],[33.9145577,-9.7107469],[33.9156416,-9.708825],[33.9130803,-9.7055207],[33.9116286,-9.705443],[33.9135879,-9.7036055],[33.9118123,-9.7021911],[33.9117613,-9.7006114],[33.9076415,-9.6981856],[33.9088265,-9.6956823],[33.9071592,-9.6953287],[33.9071653,-9.6928602],[33.9059147,-9.6933857],[33.9054731,-9.691467],[33.9042715,-9.6912978],[33.903807,-9.6936344],[33.9023407,-9.6941009],[33.9013892,-9.6963455],[33.8993631,-9.6963794],[33.8990233,-9.6948131],[33.9012076,-9.693934],[33.9006945,-9.6911396],[33.8992971,-9.68853],[33.8982832,-9.6887627],[33.8983465,-9.691071],[33.896521,-9.6918223],[33.8952215,-9.6911747],[33.892778,-9.6872428],[33.8916756,-9.6863828],[33.8914208,-9.6813721],[33.8888221,-9.6823911],[33.8899994,-9.6797436],[33.8861734,-9.6789364],[33.884834,-9.6820301],[33.8820173,-9.6838532],[33.8806707,-9.6833529],[33.8807968,-9.6812448],[33.8799387,-9.6790057],[33.8807688,-9.6779135],[33.8826253,-9.6789209],[33.8837042,-9.6783846],[33.8821271,-9.6753176],[33.8794924,-9.6750419],[33.8781975,-9.6759394],[33.8748038,-9.6750488],[33.8748439,-9.6735381],[33.8764086,-9.6723972],[33.8736423,-9.6719134],[33.8729078,-9.6690434],[33.8715675,-9.6698684],[33.8698764,-9.6688071],[33.8716133,-9.6676441],[33.8709837,-9.6645115],[33.8699378,-9.6630098],[33.8686505,-9.6638376],[33.869082,-9.6661377],[33.8679448,-9.66696],[33.8680509,-9.665069],[33.8659626,-9.6631128],[33.8667928,-9.6605757],[33.8636803,-9.662699],[33.861655,-9.6623274],[33.8601151,-9.6594329],[33.8592075,-9.6591425],[33.8580183,-9.6615369],[33.8566068,-9.6621374],[33.8527883,-9.6617573],[33.8528279,-9.6600994],[33.8513057,-9.6578522],[33.8518019,-9.6550824],[33.8501295,-9.6513646],[33.8481802,-9.6528895],[33.8453265,-9.6530079],[33.8446829,-9.6518016],[33.8464438,-9.6505762],[33.8471366,-9.6485334],[33.8466243,-9.6465413],[33.8453273,-9.6475026],[33.8454801,-9.6503827],[33.843888,-9.6503121],[33.8413491,-9.6480193],[33.8404988,-9.6432533],[33.8393271,-9.644779],[33.8359897,-9.6441412],[33.8372965,-9.6434835],[33.8368396,-9.6406887],[33.8338284,-9.6400385],[33.8320247,-9.6405552],[33.8307305,-9.6423979],[33.827058,-9.6425763],[33.8252413,-9.641824],[33.8282347,-9.6403776],[33.8281113,-9.6389311],[33.8257456,-9.6391056],[33.8225537,-9.6377412],[33.8205931,-9.634084],[33.8185546,-9.6325873],[33.8151051,-9.6330048],[33.813719,-9.6323995],[33.8123435,-9.6297774],[33.8136716,-9.6243584],[33.8132735,-9.6229806],[33.8140319,-9.6187325],[33.8136864,-9.6170235],[33.8114615,-9.6164255],[33.8073846,-9.6166916],[33.8007715,-9.6137714],[33.8000929,-9.6124919],[33.8009137,-9.6106831],[33.800211,-9.6089512],[33.7973787,-9.6074402],[33.7905402,-9.6075077],[33.7880424,-9.6062212],[33.7858601,-9.601772],[33.7816354,-9.6001048],[33.7795208,-9.5974836],[33.7788697,-9.5921825],[33.7777747,-9.5901726],[33.7752974,-9.5891662],[33.7733524,-9.5863643],[33.7697908,-9.5870718],[33.7675632,-9.5867201],[33.7629966,-9.5845358],[33.7584888,-9.5845617],[33.7532845,-9.585953],[33.7521878,-9.5849297],[33.7469362,-9.5859929],[33.7451466,-9.5854532],[33.7421374,-9.5827951],[33.740449,-9.5840735],[33.7402423,-9.5861727],[33.7387197,-9.5866129],[33.7332269,-9.5860562],[33.7318985,-9.58454],[33.7285409,-9.5857514],[33.7269645,-9.5877855],[33.7258455,-9.587241],[33.7244722,-9.5841943],[33.7231527,-9.5834791],[33.7218129,-9.5844847],[33.7215539,-9.5875795],[33.7219878,-9.5904456],[33.7180271,-9.5927558],[33.7143897,-9.5927956],[33.7139273,-9.594319],[33.7169191,-9.5968889],[33.7149677,-9.5990064],[33.7117587,-9.5999011],[33.7104097,-9.608562],[33.7086316,-9.60935],[33.7056649,-9.6078838],[33.7040943,-9.608834],[33.7032466,-9.6120119],[33.7019845,-9.6133066],[33.6988835,-9.6144697],[33.693405,-9.6093137],[33.6905075,-9.609493],[33.6886154,-9.6071473],[33.6861562,-9.6057731],[33.6845002,-9.608596],[33.6793705,-9.6083187],[33.6752928,-9.6097245],[33.6734674,-9.6085812],[33.6710922,-9.608222],[33.6706403,-9.6112512],[33.6639455,-9.6126052],[33.6626569,-9.608384],[33.6608556,-9.6095587],[33.6585775,-9.6082362],[33.6553892,-9.6076401],[33.6508417,-9.6040068],[33.6492663,-9.6042022],[33.6460713,-9.6029356],[33.6434851,-9.6026168],[33.6415727,-9.6035802],[33.6385643,-9.6019551],[33.6356615,-9.6013713],[33.6328769670052,-9.60236330833469],[33.5204574000754,-10.1845360579062],[33.5238766,-10.1872223],[33.5333206,-10.1983333],[33.5380436,-10.2008333],[33.5435986,-10.2027783],[33.5480436,-10.2052783],[33.5519316,-10.2083333],[33.5552656,-10.2122223],[33.5583206,-10.2219443],[33.5594316,-10.2277783],[33.5610986,-10.2388893],[33.5605436,-10.2455563],[33.5591546,-10.2516673],[33.5572096,-10.2569443],[33.5522096,-10.2661113],[33.5502656,-10.2716673],[33.5491546,-10.2777783],[33.5477656,-10.2836113],[33.5472096,-10.2905563],[33.5458206,-10.2966673],[33.5447096,-10.3102783],[33.5438766,-10.3172223],[33.5427656,-10.3308333],[33.5444316,-10.3419443],[33.5469316,-10.3463893],[33.5530436,-10.3538893],[33.5563766,-10.3575003],[33.5585986,-10.3616673],[33.5619316,-10.3655563],[33.5633206,-10.3705563],[33.5627656,-10.3775003],[33.5644316,-10.3886113],[33.5669316,-10.3927783],[33.5699876,-10.3966673],[33.5724876,-10.4011113],[33.5763766,-10.4041673],[33.5794316,-10.4077783],[33.5835986,-10.4108333],[33.5866546,-10.4147223],[33.5983206,-10.4238893],[33.6141546,-10.4425003],[33.6180436,-10.4455563],[33.6227656,-10.4483333],[33.6258206,-10.4519443],[33.6335986,-10.4580563],[33.6360986,-10.4625003],[33.6322096,-10.4730563],[33.6324876,-10.4860184],[33.6329682,-10.4985385],[33.6369336,-10.5104842],[33.6409848,-10.5144294],[33.6486624,-10.5242058],[33.6577819,-10.5294588],[33.6613834,-10.5325072],[33.666372,-10.535149],[33.668644,-10.531435],[33.669762,-10.531471],[33.6701648,-10.5285153],[33.672863,-10.528009],[33.673692,-10.530137],[33.674774,-10.529091],[33.676721,-10.529163],[33.6761441,-10.5326294],[33.6765856,-10.5369001],[33.674662,-10.5377909],[33.6726229,-10.5376544],[33.673187,-10.541819],[33.6715219,-10.5447574],[33.671709,-10.546146],[33.6740568,-10.5479346],[33.674305,-10.55109],[33.676902,-10.551955],[33.67701,-10.553433],[33.679029,-10.553181],[33.680436,-10.554191],[33.681822,-10.552958],[33.683428,-10.553375],[33.6811695,-10.5559634],[33.6783805,-10.5602483],[33.6779489,-10.5616535],[33.67943,-10.568185],[33.678062,-10.571695],[33.678062,-10.574609],[33.678954,-10.577405],[33.682167,-10.577643],[33.684368,-10.576632],[33.685379,-10.574609],[33.690971,-10.571754],[33.691685,-10.57336],[33.693648,-10.573241],[33.69579,-10.570624],[33.699478,-10.570386],[33.700489,-10.566698],[33.70156,-10.566401],[33.7050909,-10.5688275],[33.709293,-10.567412],[33.707782,-10.571745],[33.705509,-10.573522],[33.706222,-10.57768],[33.701542,-10.585224],[33.700027,-10.586737],[33.696549,-10.5884968],[33.695143,-10.592581],[33.687134,-10.594841],[33.685267,-10.604557],[33.683311,-10.608296],[33.681578,-10.60726],[33.678903,-10.60845],[33.674752,-10.607437],[33.67273,-10.611845],[33.670078,-10.613117],[33.667355,-10.61674],[33.665391,-10.617757],[33.660566,-10.619015],[33.656858,-10.621184],[33.653287,-10.620197],[33.648205,-10.622631],[33.646758,-10.624234],[33.646225,-10.626342],[33.646567,-10.6288702],[33.6450081,-10.6307053],[33.642386,-10.632102],[33.640791,-10.634619],[33.64087,-10.638145],[33.639906,-10.639223],[33.63709,-10.639446],[33.632427,-10.643968],[33.630723,-10.647905],[33.62513,-10.652465],[33.620016,-10.657774],[33.618819,-10.661068],[33.616499,-10.662737],[33.613788,-10.662932],[33.611746,-10.658107],[33.608367,-10.654252],[33.605398,-10.653535],[33.603999,-10.653926],[33.59792,-10.658188],[33.596854,-10.659971],[33.596841,-10.663462],[33.5950161,-10.6686485],[33.5903919,-10.675716],[33.588745,-10.676942],[33.5877478,-10.6804083],[33.5856933,-10.6822577],[33.5832947,-10.6831289],[33.581022,-10.687067],[33.5798893,-10.6905181],[33.5763216,-10.6939241],[33.5670569,-10.7055105],[33.562697,-10.708831],[33.5594482,-10.7135881],[33.557772,-10.718136],[33.5566457,-10.7232364],[33.5527482,-10.727442],[33.5458698,-10.7334671],[33.543056,-10.738611],[33.542222,-10.745556],[33.539722,-10.75],[33.535278,-10.7525],[33.528333,-10.751667],[33.523333,-10.753333],[33.520833,-10.758056],[33.519444,-10.764167],[33.517778,-10.769444],[33.514444,-10.773333],[33.510556,-10.776389],[33.506389,-10.778611],[33.501111,-10.780278],[33.495556,-10.781111],[33.482778,-10.781389],[33.478333,-10.783611],[33.475278,-10.7875],[33.471389,-10.798333],[33.463889,-10.804444],[33.453611,-10.807778],[33.4475,-10.807778],[33.440556,-10.807222],[33.435,-10.805278],[33.430278,-10.802778],[33.426389,-10.799722],[33.421667,-10.797222],[33.417778,-10.794167],[33.413056,-10.793056],[33.407222,-10.793889],[33.4024842228079,-10.7954685749158],[33.3517732784394,-11.089655874588],[33.351901,-11.0897454],[33.3575658,-11.0924407],[33.3596258,-11.0946306],[33.3596004,-11.096467],[33.3609737,-11.0986569],[33.3642352,-11.1021943],[33.3673251,-11.1047211],[33.3680118,-11.106574],[33.3683551,-11.1104482],[33.3733333,-11.1151646],[33.3760799,-11.1234181],[33.3750499,-11.1301555],[33.3776248,-11.1365559],[33.381058,-11.1414403],[33.3832896,-11.1437982],[33.3862079,-11.1454825],[33.393246,-11.1468298],[33.3968509,-11.1483456],[33.3985675,-11.150872],[33.4006274,-11.1517141],[33.4045756,-11.156093],[33.4037173,-11.1616507],[33.4016574,-11.1667031],[33.3999408,-11.1720922],[33.3989108,-11.1741131],[33.3983958,-11.177818],[33.3966792,-11.1815229],[33.3934177,-11.1848909],[33.3906711,-11.1904481],[33.3892978,-11.1921321],[33.3884395,-11.1949948],[33.3898128,-11.1983627],[33.3896411,-11.1997098],[33.3848346,-11.2050983],[33.383118,-11.2084661],[33.381058,-11.2158751],[33.3812297,-11.2259778],[33.3807147,-11.2338915],[33.3781398,-11.2375956],[33.3723033,-11.2407946],[33.3705867,-11.2421416],[33.3668101,-11.2476977],[33.3635486,-11.2490446],[33.3594287,-11.249718],[33.3554805,-11.2524118],[33.3542789,-11.2547689],[33.3542789,-11.2583044],[33.3551372,-11.2608298],[33.3546222,-11.2657121],[33.3532489,-11.2710993],[33.3499873,-11.2724461],[33.3479274,-11.274803],[33.3465541,-11.2798534],[33.3468974,-11.2842304],[33.3450091,-11.2891123],[33.3432925,-11.2906274],[33.340031,-11.2948358],[33.3374701,-11.2999159],[33.3372984,-11.3042926],[33.3354101,-11.3085008],[33.3333502,-11.3111941],[33.3309469,-11.3113624],[33.328372,-11.3130456],[33.3263121,-11.3186003],[33.3251105,-11.3202836],[33.3244238,-11.3239866],[33.3256254,-11.3283629],[33.3213339,-11.331056],[33.3160124,-11.3313926],[33.3134375,-11.3330757],[33.3117209,-11.3371152],[33.3118925,-11.3414913],[33.3139525,-11.3446892],[33.3129225,-11.3613511],[33.3113775,-11.3647171],[33.3022795,-11.3695976],[33.2973013,-11.3687561],[33.2916365,-11.3729634],[33.2894049,-11.3764975],[33.2885466,-11.3891189],[33.2891258,-11.3948234],[33.291014,-11.3968427],[33.2918723,-11.4005448],[33.291014,-11.4066026],[33.2903274,-11.4204004],[33.2926403,-11.4273898],[33.2928844,-11.4339392],[33.2883886,-11.4388675],[33.2863287,-11.4397088],[33.2837538,-11.4388675],[33.2791189,-11.4388675],[33.2683042,-11.4296135],[33.2674459,-11.4260802],[33.264871,-11.4220419],[33.2616094,-11.4185084],[33.2593778,-11.4099268],[33.2519964,-11.4055517],[33.2437567,-11.4031959],[33.2398512,-11.4041344],[33.2368902,-11.4090854],[33.2307104,-11.4178353],[33.2310537,-11.427258],[33.2298521,-11.4329787],[33.2320837,-11.4440833],[33.2382635,-11.447953],[33.2459883,-11.4563651],[33.2438072,-11.4611171],[33.2384776,-11.4645397],[33.2559394,-11.4747733],[33.2559394,-11.4808844],[33.2548284,-11.4869953],[33.2539954,-11.4939393],[33.2542724,-11.5064394],[33.2567724,-11.5231064],[33.2584394,-11.5281064],[33.2603844,-11.5392175],[33.2526064,-11.5456064],[33.2481614,-11.5478284],[33.2406614,-11.5539395],[33.2387174,-11.5594955],[33.2395504,-11.5650515],[33.2395504,-11.5711624],[33.2403844,-11.5769955],[33.2420504,-11.5819955],[33.2428844,-11.5875515],[33.2453844,-11.5917176],[33.2398005,-11.5984333],[33.2598284,-11.5953286],[33.2656614,-11.5942176],[33.2884394,-11.5908846],[33.2948284,-11.5908846],[33.3009394,-11.5919956],[33.3064954,-11.5939396],[33.3112174,-11.5964395],[33.3151064,-11.5994955],[33.3198284,-11.6019955],[33.3276064,-11.6083845],[33.3309394,-11.6119956],[33.3317724,-11.6175516],[33.3317724,-11.6239395],[33.3306614,-11.6375516],[33.3298284,-11.6444956],[33.3287174,-11.6581066],[33.3273284,-11.6717177],[33.3273284,-11.6781066],[33.3267724,-11.6847737],[33.3270504,-11.6972737],[33.3295504,-11.7142177],[33.3298284,-11.7203288],[33.3306614,-11.7258848],[33.3323284,-11.7308848],[33.3331614,-11.7364397],[33.3381614,-11.7514398],[33.3381614,-11.7578289],[33.3376064,-11.7644958],[33.3362174,-11.7706068],[33.3337174,-11.7753289],[33.3317724,-11.7806069],[33.3303844,-11.7867179],[33.3312174,-11.7922739],[33.3378844,-11.812274],[33.3387174,-11.8178289],[33.3403844,-11.8228289],[33.3403844,-11.829218],[33.3398284,-11.835885],[33.3384394,-11.8419959],[33.3348284,-11.860329],[33.3328844,-11.8656071],[33.3301064,-11.877829],[33.3281614,-11.8831071],[33.3276064,-11.8900521],[33.3284394,-11.8956071],[33.3309394,-11.900052],[33.3339954,-11.9036631],[33.3381614,-11.9069961],[33.3442724,-11.9144961],[33.3467724,-11.9186632],[33.3484394,-11.9236631],[33.3484394,-11.9300521],[33.3459394,-11.9422742],[33.3439954,-11.9475522],[33.3414954,-11.9597742],[33.3376064,-11.9703292],[33.3362174,-11.9764403],[33.3326064,-11.9872742],[33.3292724,-11.9911633],[33.3242724,-12.0003293],[33.3178844,-12.0081073],[33.3145504,-12.0117183],[33.3051064,-12.0233853],[33.3026064,-12.0281074],[33.2998284,-12.0325523],[33.2948284,-12.0417183],[33.2928647,-12.0446905],[33.2872428,-12.0444387],[33.2857407,-12.04532],[33.2829512,-12.0560223],[33.2741536,-12.0646677],[33.2735528,-12.0661786],[33.2743682,-12.0834685],[33.2741965,-12.0843497],[33.2684888,-12.0960575],[33.2698191,-12.1028554],[33.26939,-12.1041562],[33.264326,-12.1110377],[33.2629527,-12.1187163],[33.257717,-12.1282409],[33.2563008,-12.133947],[33.2569016,-12.1401985],[33.2597769,-12.1437647],[33.2631243,-12.1486734],[33.2702483,-12.1530366],[33.2765998,-12.1674262],[33.2830371,-12.1745998],[33.2868136,-12.1762359],[33.2932938,-12.1801791],[33.3009757,-12.1821507],[33.3058251,-12.185213],[33.307413,-12.1867651],[33.309034,-12.1897642],[33.3136689,-12.2018449],[33.3134972,-12.2053684],[33.3119523,-12.2233204],[33.3112656,-12.22936],[33.3109223,-12.2382515],[33.3114373,-12.2486523],[33.3141839,-12.2513364],[33.3224236,-12.2568722],[33.3251702,-12.2605626],[33.3311783,-12.2712981],[33.3337533,-12.2780076],[33.3351266,-12.2835428],[33.3389031,-12.2882393],[33.343538,-12.2947806],[33.3454262,-12.2967932],[33.3508743,-12.3011298],[33.3581292,-12.3108817],[33.3619057,-12.3155776],[33.3661973,-12.3237952],[33.3681614,-12.3311639],[33.3675706,-12.3346959],[33.3711754,-12.340733],[33.3761085,-12.3479196],[33.3813035,-12.3479438],[33.3881614,-12.34533],[33.3941781,-12.3437516],[33.3986413,-12.3420747],[33.4168374,-12.344087],[33.423787,-12.3435224],[33.4293236,-12.3398704],[33.4339584,-12.337858],[33.4387649,-12.3351749],[33.4427131,-12.3338333],[33.4476064,-12.3314409],[33.4531614,-12.3306079],[33.457991,-12.3284668],[33.4755005,-12.3254482],[33.4791054,-12.3286345],[33.4844269,-12.3346718],[33.4867867,-12.3361437],[33.5010346,-12.335976],[33.5058411,-12.3369822],[33.5127076,-12.3413423],[33.5164954,-12.3411639],[33.5230073,-12.3400008],[33.5278138,-12.3405038],[33.531247,-12.3401684],[33.5346803,-12.3418455],[33.5370835,-12.3468762],[33.5398301,-12.3512361],[33.5442933,-12.3574405],[33.5485546,-12.3639267],[33.5364471,-12.3691718],[33.5361691,-12.3747277],[33.5333911,-12.3791718],[33.5303404,-12.3864011],[33.5263922,-12.3880777],[33.521414,-12.3892514],[33.5175581,-12.3908388],[33.5136691,-12.3938939],[33.5072801,-12.4016718],[33.5047801,-12.4063938],[33.5014471,-12.4102828],[33.4989471,-12.4147279],[33.4958911,-12.4186169],[33.4920021,-12.421672],[33.4871251,-12.41779],[33.4737356,-12.4174547],[33.4606034,-12.4298813],[33.4604318,-12.4348684],[33.4609184,-12.4400004],[33.4632259,-12.4470804],[33.46159,-12.458222],[33.4555046,-12.4618028],[33.4507301,-12.4666715],[33.4460414,-12.4707021],[33.4418034,-12.4732825],[33.4356911,-12.4786734],[33.4247642,-12.4878908],[33.4238168,-12.4931562],[33.4203361,-12.4983392],[33.4164471,-12.5013942],[33.4131131,-12.5052831],[33.410075,-12.5072378],[33.4018353,-12.5110923],[33.3990887,-12.5157846],[33.4056118,-12.5238284],[33.3991964,-12.5271],[33.3935744,-12.5351504],[33.3875126,-12.5388001],[33.3834252,-12.5455326],[33.3795555,-12.5505962],[33.3753994,-12.5539905],[33.3657864,-12.5492988],[33.3575467,-12.5466179],[33.3520021,-12.5369502],[33.3467241,-12.5352832],[33.3342241,-12.5327832],[33.3223561,-12.533045],[33.3131131,-12.5383392],[33.3028361,-12.5413942],[33.2939471,-12.5463942],[33.2850581,-12.5508393],[33.2809857,-12.5486286],[33.2718876,-12.548461],[33.2667378,-12.5521474],[33.2665661,-12.5551634],[33.2588414,-12.5613629],[33.2511166,-12.5730913],[33.2442501,-12.5816359],[33.237727,-12.5873322],[33.2356671,-12.5916881],[33.2318905,-12.5952063],[33.2229641,-12.5973841],[33.2133511,-12.6037502],[33.2022559,-12.6071758],[33.1953894,-12.6205774],[33.1947028,-12.6266078],[33.1888663,-12.6359881],[33.1799399,-12.6376632],[33.1778799,-12.6333081],[33.1795966,-12.6252677],[33.1816565,-12.6202423],[33.1813132,-12.6135416],[33.1782233,-12.6101912],[33.1723868,-12.6071758],[33.1589972,-12.6021502],[33.1528174,-12.5984645],[33.1456076,-12.5994698],[33.1287848,-12.6034904],[33.1219183,-12.6061707],[33.1157385,-12.6101912],[33.1078421,-12.6098562],[33.1026923,-12.6075109],[33.0970021,-12.6041723],[33.0929436,-12.5977429],[33.0881371,-12.5970727],[33.0764641,-12.598413],[33.0695021,-12.5947283],[33.0639471,-12.5941723],[33.0575581,-12.5944503],[33.0486691,-12.5991723],[33.0458911,-12.6036174],[33.0433911,-12.6083393],[33.0395021,-12.6188944],[33.0370021,-12.6236174],[33.0350581,-12.6288944],[33.0325581,-12.6336174],[33.0306131,-12.6388944],[33.0281131,-12.6436174],[33.0261691,-12.6488944],[33.0023064,-12.6741245],[32.9978432,-12.6895321],[32.9892601,-12.6955609],[32.9878868,-12.703599],[32.9782738,-12.7200095],[32.9762139,-12.7253678],[32.9525246,-12.7615333],[32.9370751,-12.7682301],[32.944158,-12.7844967],[32.9481063,-12.8096063],[32.9537711,-12.8271815],[32.9460463,-12.8464292],[32.954801,-12.8608221],[32.9656157,-12.8705285],[32.9705939,-12.8804019],[32.9758403,-12.8862379],[32.9932532,-12.8862588],[33.0045828,-12.8880995],[33.0174574,-12.8922829],[33.0203528,-12.9038505],[33.0170913,-12.9540433],[33.013658,-12.957891],[33.0121131,-12.9704375],[33.0038733,-12.9900087],[32.9897971,-13.0370067],[32.9927154,-13.0592482],[32.9860206,-13.0778091],[32.9839606,-13.1122517],[32.983789,-13.1401702],[32.992372,-13.1662468],[33.0081649,-13.1934905],[33.0067916,-13.210203],[32.9915137,-13.2257446],[32.9887671,-13.2305906],[32.9868789,-13.2357708],[32.9842241,-13.2394517],[32.981729,-13.2454625],[32.9789471,-13.2486188],[32.9769904,-13.2539339],[32.9744904,-13.2586569],[32.9725464,-13.263934],[32.9672684,-13.273101],[32.9639354,-13.2769899],[32.9486574,-13.28949],[32.9433794,-13.2986571],[32.9394904,-13.30949],[32.9383794,-13.3156011],[32.9330366,-13.3205593],[32.93029,-13.3252365],[32.9299467,-13.331918],[32.9316633,-13.3422739],[32.9282301,-13.3526294],[32.9248372,-13.3659348],[32.9317527,-13.3736012],[32.9298087,-13.3791563],[32.9200867,-13.4058233],[32.9150867,-13.4149904],[32.9098087,-13.4241564],[32.9084197,-13.4302674],[32.9064757,-13.4358234],[32.9014757,-13.4449904],[32.8986977,-13.4494344],[32.8875867,-13.4630455],[32.8828647,-13.4652675],[32.8689757,-13.4641565],[32.8636977,-13.4655455],[32.8598087,-13.4688784],[32.8592527,-13.4741565],[32.8595307,-13.4866565],[32.8589757,-13.4936015],[32.8575867,-13.4997126],[32.8556417,-13.5049907],[32.8531417,-13.5097127],[32.850758,-13.5191087],[32.8476681,-13.5257848],[32.8430332,-13.5301242],[32.8377117,-13.5337959],[32.8320469,-13.5356317],[32.827927,-13.5354648],[32.8234197,-13.5361018],[32.8195307,-13.5391567],[32.8103647,-13.5438787],[32.8053647,-13.5452677],[32.8009197,-13.5477677],[32.7956417,-13.5494347],[32.7911977,-13.5516568],[32.7834197,-13.5577678],[32.7789757,-13.5602678],[32.7711977,-13.5663788],[32.7575867,-13.5736018],[32.7473087,-13.5766568],[32.7414757,-13.5774908],[32.7350867,-13.5774908],[32.7281417,-13.5769348],[32.7217189,-13.5755294],[32.7194032,-13.5728296],[32.7121935,-13.5668223],[32.7067003,-13.5629843],[32.6972589,-13.5591461],[32.6887097,-13.5608313],[32.6770367,-13.5645025],[32.6703616,-13.5747462],[32.6705332,-13.5882619],[32.6712199,-13.5982731],[32.6727648,-13.6076165],[32.6743098,-13.6151243],[32.6759394,-13.6211665],[32.6784394,-13.6256105],[32.6848284,-13.6331106],[32.6926064,-13.6394995],[32.7020504,-13.6444995],[32.7076064,-13.6464436],[32.7131614,-13.6489436],[32.7187174,-13.6508886],[32.7248284,-13.6522776],[32.7389954,-13.6533886],[32.7453844,-13.6533886],[32.7512174,-13.6525556],[32.7576064,-13.6525556],[32.7678844,-13.6492216],[32.7731614,-13.6478326],[32.7781614,-13.6475556],[32.7837174,-13.6494996],[32.7956614,-13.6586665],[32.8003844,-13.6614436],[32.8034394,-13.6650556],[32.8014954,-13.6703326],[32.8031614,-13.6756106],[32.8064954,-13.6792217],[32.8142724,-13.6856106],[32.8189954,-13.6881106],[32.8270504,-13.6942217],[32.8317724,-13.6967217],[32.8348284,-13.7006107],[32.8389954,-13.7036667],[32.8420504,-13.7075556],[32.8445504,-13.7119997],[32.8453844,-13.7175557],[32.8428844,-13.7219997],[32.8381614,-13.7244998],[32.8303844,-13.7306107],[32.8273284,-13.7344997],[32.8228844,-13.7367217],[32.8151064,-13.7431108],[32.7926064,-13.7547778],[32.7887174,-13.7578328],[32.7839954,-13.7603328],[32.7726064,-13.7694998],[32.7698284,-13.7742219],[32.7704593,-13.7788954],[32.7722597,-13.7793181],[32.7753281,-13.7766714],[32.778942,-13.7764801],[32.7834268,-13.7791426],[32.787898,-13.7791138],[32.7926053,-13.7802868],[32.7941894,-13.7848198],[32.794876,-13.7884876],[32.7996825,-13.7899046],[32.801451,-13.7954774],[32.8028919,-13.7966998],[32.8030729,-13.7984486],[32.8046538,-13.7997208],[32.8074446,-13.800283],[32.8175216,-13.7919674],[32.821514,-13.8018549],[32.833417,-13.7945919],[32.8440401,-13.7936059],[32.8534098,-13.7961823],[32.8623093,-13.8011418],[32.8712366,-13.8026635],[32.8774862,-13.8047401],[32.8941669,-13.8148951],[32.9071351,-13.8255131],[32.9128036,-13.8322218],[32.9157917,-13.8388404],[32.9169088,-13.8487295],[32.9189435,-13.8536595],[32.9250208,-13.8616871],[32.9289299,-13.8651115],[32.9373151,-13.8745975],[32.9442149,-13.8800561],[32.9520111,-13.8868198],[32.9543737,-13.8885908],[32.9571017,-13.8916178],[32.9599676,-13.895708],[32.9609542,-13.90167],[32.9605967,-13.9103822],[32.9597464,-13.9197989],[32.9598284,-13.9256112],[32.9614954,-13.9306112],[32.9645504,-13.9342222],[32.9684394,-13.9375561],[32.9739954,-13.9392221],[32.9870504,-13.9392221],[32.9931614,-13.9403331],[32.9978844,-13.9428332],[33.0012174,-13.9528332],[33.0031614,-13.9642222],[33.0023284,-13.9708892],[33.0017724,-13.9778333],[32.9989954,-13.9900563],[32.9978844,-13.9961673],[32.9939954,-14.0070003],[32.9985793,-14.0162867],[32.9997968,-14.0193349],[33.0007879,-14.0244949],[33.0091433,-14.0241941],[33.0160831,-14.0271256],[33.0218595,-14.0338664],[33.0227015,-14.037775],[33.0268899,-14.0406719],[33.0300522,-14.0422014],[33.0311908,-14.0448263],[33.0308635,-14.0471313],[33.0381995,-14.0502314],[33.0411904,-14.0493832],[33.0444948,-14.0454699],[33.0472843,-14.0409111],[33.0514042,-14.0365812],[33.0542724,-14.0320003],[33.058099,-14.0270885],[33.0632488,-14.0227583],[33.0651371,-14.0215925],[33.0634205,-14.0104336],[33.0621958,-13.9976514],[33.0640089,-13.9927585],[33.0669824,-13.9901546],[33.0691497,-13.9862714],[33.0716896,-13.9835988],[33.0761277,-13.9801263],[33.0790082,-13.9762374],[33.0864496,-13.9706407],[33.0964916,-13.9659957],[33.1010185,-13.9636831],[33.1079869,-13.960976],[33.114249,-13.9602888],[33.121348,-13.961079],[33.1300167,-13.9614526],[33.1330026,-13.960959],[33.1357319,-13.9576667],[33.1361691,-13.9534725],[33.1399427,-13.9473407],[33.1437174,-13.9403331],[33.1452351,-13.9387935],[33.1534552,-13.9408356],[33.1572202,-13.9447369],[33.1639695,-13.9504568],[33.1721238,-13.9523805],[33.1784929,-13.9532833],[33.1841919,-13.9574571],[33.1859285,-13.9591608],[33.188923,-13.9641389],[33.1908904,-13.9695137],[33.1916952,-13.9744169],[33.1914954,-13.9786673],[33.2027864,-13.9990151],[33.2053003,-14.0015132],[33.2086766,-14.0017165],[33.212496,-14.0002591],[33.2203235,-13.9985403],[33.2262043,-13.9989239],[33.2333206,-13.9975812],[33.2422612,-13.9982862],[33.2466834,-14.0028147],[33.2465998,-14.0052362],[33.2523958,-14.0078218],[33.2544554,-14.0095473],[33.2545197,-14.0131126],[33.2558072,-14.017115],[33.2576176,-14.019269],[33.2585691,-14.0216945],[33.2612486,-14.0244087],[33.266782,-14.0276589],[33.2695769,-14.0274038],[33.2732649,-14.02476],[33.2755482,-14.0244485],[33.2781993,-14.0255616],[33.2810262,-14.0249764],[33.2824049,-14.0239791],[33.2841514,-14.0244297],[33.2863399,-14.0268875],[33.2869743,-14.0286968],[33.2896035,-14.0322534],[33.2938609,-14.0332282],[33.2965513,-14.0321157],[33.2998305,-14.0317008],[33.2997852,-14.0386363],[33.300745,-14.040802],[33.3007696,-14.0444442],[33.3026892,-14.046856],[33.304658,-14.046856],[33.3054947,-14.0482834],[33.3016064,-14.0534761],[33.3024677,-14.0567984],[33.3051994,-14.0605391],[33.3065038,-14.0631724],[33.3075866,-14.0636646],[33.3071436,-14.065658],[33.3079803,-14.0677991],[33.30958,-14.0681928],[33.311032,-14.0703585],[33.3129023,-14.07058],[33.3157079,-14.072032],[33.3183657,-14.074493],[33.3186118,-14.0764371],[33.3176767,-14.0797103],[33.3188087,-14.0805716],[33.3192517,-14.0827373],[33.3218111,-14.0835002],[33.3222295,-14.0844354],[33.3187103,-14.0888159],[33.3174552,-14.0917445],[33.3153141,-14.0930242],[33.3147727,-14.0956575],[33.3127793,-14.0968388],[33.3124347,-14.0985368],[33.3089401,-14.1015639],[33.3086202,-14.1026713],[33.3050764,-14.1035573],[33.3050272,-14.1056491],[33.3039197,-14.1066335],[33.3040674,-14.1109156],[33.3068729,-14.1134997],[33.3061346,-14.1157392],[33.3061346,-14.1219163],[33.304535,-14.126223],[33.3010404,-14.1276996],[33.3024677,-14.1319079],[33.3017048,-14.1339505],[33.2976688,-14.1364115],[33.2976934,-14.1391678],[33.2961307,-14.1424009],[33.2985855,-14.148215],[33.300745,-14.148861],[33.3039197,-14.1517404],[33.3067622,-14.151482],[33.307482,-14.1542137],[33.3094939,-14.1572961],[33.30966,-14.1639777],[33.3109335,-14.1652881],[33.3129269,-14.1628702],[33.3152526,-14.1623165],[33.3167661,-14.1630363],[33.3190179,-14.1659342],[33.3201069,-14.1660818],[33.3207529,-14.1680752],[33.3224879,-14.1688135],[33.323818,-14.1741956],[33.3234304,-14.1762997],[33.3247593,-14.1780532],[33.3275279,-14.1783854],[33.3293368,-14.179419],[33.3312748,-14.1829075],[33.3341541,-14.1842918],[33.3342464,-14.1867097],[33.3354646,-14.1886847],[33.3330098,-14.1913056],[33.3333789,-14.1971751],[33.3352062,-14.2018633],[33.3372734,-14.2052595],[33.3370889,-14.2084157],[33.3383624,-14.2108151],[33.3399129,-14.2117011],[33.3419432,-14.2169615],[33.347019,-14.2156325],[33.351298,-14.2194871],[33.3550387,-14.2206929],[33.3590994,-14.21993],[33.3600099,-14.220816],[33.3618557,-14.2158694],[33.3630862,-14.2149588],[33.3631108,-14.2113412],[33.3646858,-14.2100615],[33.3658671,-14.2109966],[33.3713059,-14.2114642],[33.3760556,-14.2110705],[33.3790352,-14.2140765],[33.3804313,-14.2170113],[33.3847337,-14.2192907],[33.385674,-14.221912],[33.3844773,-14.2250747],[33.3815426,-14.2289782],[33.383879,-14.2355315],[33.3832806,-14.2380958],[33.3863863,-14.2407456],[33.3891216,-14.2401758],[33.3910306,-14.2429396],[33.3925122,-14.2477833],[33.3940508,-14.2506326],[33.3974414,-14.2518577],[33.399208,-14.2535958],[33.3997493,-14.2592943],[33.4016298,-14.2597502],[33.4018293,-14.2620866],[33.4029405,-14.2635682],[33.4039093,-14.2677281],[33.4051344,-14.2695517],[33.404878,-14.2721445],[33.4062456,-14.2755066],[33.408696,-14.2790112],[33.4134258,-14.281889],[33.4155057,-14.2819174],[33.4182125,-14.2847667],[33.4194662,-14.2896104],[33.420492,-14.2904082],[33.4213182,-14.2941693],[33.4225149,-14.2961637],[33.4220875,-14.2996398],[33.4242704,-14.3023479],[33.4263039,-14.3065296],[33.4279921,-14.3075317],[33.4290306,-14.3117117],[33.4319335,-14.3158282],[33.4330757,-14.3161851],[33.4324094,-14.3195877],[33.4345509,-14.3207775],[33.4371683,-14.3206347],[33.4407375,-14.323847],[33.4416893,-14.3261313],[33.444854,-14.32813],[33.4459248,-14.3320799],[33.4448064,-14.3338407],[33.4459723,-14.3361726],[33.4461627,-14.3395514],[33.4493036,-14.343882],[33.4514927,-14.3488075],[33.4508027,-14.3510204],[33.4517306,-14.353614],[33.4501602,-14.3547324],[33.4484946,-14.358135],[33.4478759,-14.3620849],[33.4493274,-14.3649879],[33.4525873,-14.3665345],[33.4546098,-14.3687474],[33.4574176,-14.3703416],[33.4619385,-14.3803354],[33.4649604,-14.3821676],[33.4680062,-14.381882],[33.4672209,-14.3839522],[33.4686724,-14.388259],[33.471504,-14.3911619],[33.4714802,-14.395088],[33.4708853,-14.3966347],[33.4713612,-14.3992283],[33.4704094,-14.4012508],[33.4727175,-14.4017029],[33.4736693,-14.4027737],[33.4770005,-14.4043917],[33.4792134,-14.4040824],[33.4821164,-14.4061525],[33.4847338,-14.4066522],[33.4873036,-14.405986],[33.4912535,-14.4071519],[33.4931095,-14.4089127],[33.4958934,-14.410388],[33.4981777,-14.4125533],[33.500462,-14.4136716],[33.5028177,-14.4185733],[33.5077194,-14.4183354],[33.5102892,-14.4203341],[33.5118834,-14.4206434],[33.5118358,-14.4232846],[33.5142391,-14.4237129],[33.5156906,-14.4225232],[33.5180938,-14.4230467],[33.5244232,-14.4197868],[33.5274213,-14.4192872],[33.5306336,-14.4220235],[33.5313474,-14.4238319],[33.5342979,-14.4252358],[33.5361301,-14.428115],[33.5393662,-14.4295426],[33.540889,-14.4311845],[33.5452435,-14.4345395],[33.5470519,-14.4377518],[33.5468139,-14.4402026],[33.5475991,-14.4414875],[33.547147,-14.4433197],[33.5492172,-14.4452233],[33.5500738,-14.4471982],[33.5518584,-14.4481976],[33.5529767,-14.4512671],[33.5526436,-14.4583341],[33.5540951,-14.4601901],[33.5590443,-14.4626171],[33.560353,-14.4711118],[33.558616,-14.4727536],[33.5591871,-14.4747286],[33.5616855,-14.4765846],[33.5621138,-14.4782978],[33.5654927,-14.4797017],[33.5661351,-14.4815339],[33.5684725,-14.4811654],[33.5723986,-14.4817603],[33.5742784,-14.4800471],[33.5762533,-14.4809513],[33.5797749,-14.4808323],[33.580465,-14.4797853],[33.5850573,-14.4800471],[33.5877937,-14.4819031],[33.5912201,-14.4817603],[33.5938137,-14.4835687],[33.5954794,-14.4858054],[33.5968832,-14.4862813],[33.5998576,-14.4848774],[33.6009045,-14.4851867],[33.6049496,-14.4901836],[33.607448,-14.4916113],[33.6086616,-14.4933959],[33.6090423,-14.4956326],[33.6078288,-14.4971792],[33.607686,-14.4993683],[33.6091851,-14.5017954],[33.6099465,-14.5057929],[33.6139916,-14.5070064],[33.6194881,-14.5170001],[33.6192264,-14.5195937],[33.6220579,-14.5236864],[33.6240091,-14.5242099],[33.6249133,-14.528826],[33.6270072,-14.5314672],[33.6267693,-14.5337991],[33.6273641,-14.5377966],[33.6223197,-14.5448636],[33.6215107,-14.5510502],[33.6225373,-14.5549096],[33.6220669,-14.5582525],[33.6238604,-14.564414],[33.6264202,-14.5682196],[33.629551,-14.5707281],[33.6317073,-14.5710824],[33.6332308,-14.574807],[33.6331983,-14.5812628],[33.6342405,-14.5871517],[33.6374612,-14.5896646],[33.6393817,-14.5894014],[33.6399,-14.5903744],[33.6422458,-14.5906728],[33.6465176,-14.5951185],[33.6500608,-14.5957694],[33.6517006,-14.5966598],[33.6529074,-14.6008224],[33.6570207,-14.6021635],[33.6602786,-14.6022133],[33.662841,-14.6038149],[33.6661757,-14.6040163],[33.6673247,-14.6062002],[33.6665864,-14.6072745],[33.6665949,-14.6105054],[33.665131,-14.6157745],[33.6707893,-14.6163188],[33.6731926,-14.6157002],[33.6749207,-14.616629],[33.6792867,-14.6159749],[33.6794442,-14.614581],[33.6828866,-14.614223],[33.6851955,-14.6132268],[33.6859619985104,-14.608467234597],[34.0735153690656,-15.8568198870428],[34.0761192435412,-15.870799721066744],[34.08294955929539,-15.896118363122392],[34.09060512736023,-15.92121792733583],[34.09907867836896,-15.946073561592135],[34.1083621247853,-15.970660645879825],[34.118446567740754,-15.994954816925272],[34.12932230471634,-16.01893199260896],[34.14097883806585,-16.042568396138407],[34.153404884377245,-16.065840579952287],[34.166588384667214,-16.08872544933049],[34.18051651540333,-16.111200285685218],[34.19517570034714,-16.133242769508037],[34.21055162321021,-16.154831002948296],[34.22662924111421,-16.1759435319984],[34.243392798845356,-16.196559368261756],[34.26082584389173,-16.216658010279524],[34.278911242251596,-16.23621946439255],[34.297631194999305,-16.25522426511537],[34.31696725559443,-16.273653494999436],[34.33690034791858,-16.29148880396329],[34.35741078502342,-16.308712428067707],[34.378478288571934,-16.325307207714538],[34.40008200895448,-16.341256605248375],[34.42220054605944,-16.3565447219408],[34.4448119706778,-16.371156314337522],[34.46789384651949,-16.38507680994952],[34.491423252818606,-16.398292322269693],[34.5153768075036,-16.41078966509755],[34.53973069090725,-16.422556366154932],[34.564460669990844,-16.43358067997672],[34.58954212305553,-16.443851600061176],[34.614950064913444,-16.453358870265397],[34.64065917248991,-16.4620929954323],[34.66664381082776,-16.470045251236268],[34.69287805946355,-16.477207693235684],[34.71933573914531,-16.48357316512135],[34.74599043886025,-16.489135306150807],[34.77281554314094,-16.49388855775953],[34.79978425961734,-16.49782816934094],[34.82686964678194,-16.50095020318817],[34.85404464193492,-16.503251538591574],[34.88128208927557,-16.504729875086927],[34.90855476810634,-16.505383734850373],[34.9358354211153,-16.505212464237164],[34.96309678270299,-16.504216234462284],[34.990311607319235,-16.50239604142218],[35.01745269777573,-16.499753704657742],[35.04449293350013,-16.496291865459884],[35.0714052986974,-16.492013984119964],[35.098162910384694,-16.486924336328528],[35.12473904626578,-16.481028008726653],[35.151107172411756,-16.47433089361541],[35.177240970714976,-16.46683968282997],[35.20311436608355,-16.458561860785633],[35.2287015533442,-16.449505696704453],[35.253977023822,-16.439680236031762],[35.27891559156591,-16.429095291053002],[35.30349241918976,-16.417761430722287],[35.327683043299025,-16.40568996971478],[35.351463399474476,-16.392892956716214],[35.37480984678465,-16.379383161963393],[35.39769919179975,-16.365174064050628],[35.4201087120807,-16.350279836017716],[35.44201617911769,-16.33471533073592],[35.463399880693856,-16.318496065609168],[35.48423864265046,-16.30163820660831],[35.50451185003084,-16.284158551657193],[35.524199467581866,-16.266074513389697],[35.543282059592215,-16.24740410129768],[35.56174080904814,-16.228165903290357],[35.57955753608827,-16.208379066686124],[35.59671471574036,-16.188063278658447],[35.613195494923744,-16.167238746157864],[35.6289837087024,-16.14592617533264],[35.644063895774806,-16.12414675047108],[35.6584213131877,-16.1019221124887]]]}}, {"type":"Feature","id":22,"properties":{"_id":"66bfa5627e340ee6b7b60be1","createdBy":"CjQQJHbrYXN2g3omNbbIuD3D3ZJ2","createdAt":"2024-08-16T19:15:46.062Z","updatedBy":"eBT9qSrxquPVguazo7MwJzzaf2p1","updatedAt":"2024-08-17T17:44:13.810Z","name":"W601","dataIngestion":false,"type":15,"icaoClass":2,"activity":0,"onDemand":false,"onRequest":false,"byNotam":false,"specialAgreement":false,"requestCompliance":false,"country":"MW","upperLimit":{"value":145,"unit":6,"referenceDatum":2},"lowerLimit":{"value":7000,"unit":1,"referenceDatum":1},"hoursOfOperation":{"operatingHours":[{"dayOfWeek":0,"startTime":"00:00","endTime":"00:00","byNotam":false,"sunrise":false,"sunset":false,"publicHolidaysExcluded":false},{"dayOfWeek":1,"startTime":"00:00","endTime":"00:00","byNotam":false,"sunrise":false,"sunset":false,"publicHolidaysExcluded":false},{"dayOfWeek":2,"startTime":"00:00","endTime":"00:00","byNotam":false,"sunrise":false,"sunset":false,"publicHolidaysExcluded":false},{"dayOfWeek":3,"startTime":"00:00","endTime":"00:00","byNotam":false,"sunrise":false,"sunset":false,"publicHolidaysExcluded":false},{"dayOfWeek":4,"startTime":"00:00","endTime":"00:00","byNotam":false,"sunrise":false,"sunset":false,"publicHolidaysExcluded":false},{"dayOfWeek":5,"startTime":"00:00","endTime":"00:00","byNotam":false,"sunrise":false,"sunset":false,"publicHolidaysExcluded":false},{"dayOfWeek":6,"startTime":"00:00","endTime":"00:00","byNotam":false,"sunrise":false,"sunset":false,"publicHolidaysExcluded":false}]},"deletable":true},"geometry":{"type":"Polygon","coordinates":[[[33.7238629404295,-13.7870584431902],[33.8932444537014,-13.8178155212554],[34.0869279743644,-11.4137693389414],[33.9754423030545,-9.94774606242018],[33.8069686332413,-9.96019898506231],[33.9166759886859,-11.4134279531759],[33.7238629404295,-13.7870584431902]]]}}, {"type":"Feature","id":23,"properties":{"_id":"66bf9c5f7e340ee6b7b5a7cb","createdBy":"CjQQJHbrYXN2g3omNbbIuD3D3ZJ2","createdAt":"2024-08-16T18:37:19.615Z","updatedBy":"eBT9qSrxquPVguazo7MwJzzaf2p1","updatedAt":"2024-08-17T17:44:20.368Z","name":"R410","dataIngestion":false,"type":15,"icaoClass":2,"activity":0,"onDemand":false,"onRequest":false,"byNotam":false,"specialAgreement":false,"requestCompliance":false,"country":"MW","upperLimit":{"value":145,"unit":6,"referenceDatum":2},"lowerLimit":{"value":7000,"unit":1,"referenceDatum":1},"hoursOfOperation":{"operatingHours":[{"dayOfWeek":0,"startTime":"00:00","endTime":"00:00","byNotam":false,"sunrise":false,"sunset":false,"publicHolidaysExcluded":false},{"dayOfWeek":1,"startTime":"00:00","endTime":"00:00","byNotam":false,"sunrise":false,"sunset":false,"publicHolidaysExcluded":false},{"dayOfWeek":2,"startTime":"00:00","endTime":"00:00","byNotam":false,"sunrise":false,"sunset":false,"publicHolidaysExcluded":false},{"dayOfWeek":3,"startTime":"00:00","endTime":"00:00","byNotam":false,"sunrise":false,"sunset":false,"publicHolidaysExcluded":false},{"dayOfWeek":4,"startTime":"00:00","endTime":"00:00","byNotam":false,"sunrise":false,"sunset":false,"publicHolidaysExcluded":false},{"dayOfWeek":5,"startTime":"00:00","endTime":"00:00","byNotam":false,"sunrise":false,"sunset":false,"publicHolidaysExcluded":false},{"dayOfWeek":6,"startTime":"00:00","endTime":"00:00","byNotam":false,"sunrise":false,"sunset":false,"publicHolidaysExcluded":false}]},"deletable":true},"geometry":{"type":"Polygon","coordinates":[[[34.275112,-16.24925763888889],[34.40492419444444,-16.36016341666667],[35.02252441666666,-15.682696527777777],[33.88206666666667,-13.769399416666667],[33.73359002777778,-13.852967444444444],[34.810529805555554,-15.662750944444445],[34.275112,-16.24925763888889]]]}}]}