event_id,event_date,year,time_precision,disorder_type,event_type,sub_event_type,actor_1,assoc_actor1,inter1,actor2,assoc_actor2,inter2,interaction,civilian_targeting,iso,region,country,admin1,admin2,admin3,location,latitude,longitude,geo_precision,source,source_scale,notes,fatalities,tags,timestamp
SOM54160,01-January-2026,2026,1,Strategic developments,Strategic developments,Looting/property destruction,Islamic State Somalia Province,,2,Civilians (Somalia),Pastoralists (Somalia),7,27,,706,Eastern Africa,Somalia,Bari,Bossaso,,Balade,11.2761,49.164,1,REDACTED IN SAMPLE,REDACTED IN SAMPLE,"Looting: On 1 January 2026, Islamic State Somalia Province looted 20 goats and foodstuffs from a pastoralist in Balade (Bossaso, Bari).",0,,1769546450
SOM54169,01-January-2026,2026,1,Political violence,Explosions/Remote violence,Air/drone strike,Military Forces of Somalia (2022-),,1,Al Shabaab,,2,12,,706,Eastern Africa,Somalia,Middle Shabelle,Balcad,,Balcad,2.3468,45.3902,1,REDACTED IN SAMPLE,REDACTED IN SAMPLE,"On 1 January 2026, government security forces (SNA) launched an airstrike targeting an Al Shabaab position in Maxamed Olow and Xirtirow areas in Balcad town (Balcad, Middle Shabelle). Casualities unknown.",0,,1768354736
SOM54238,01-January-2026,2026,1,Political violence,Violence against civilians,Attack,Islamic State Somalia Province,,2,Civilians (Somalia),Pastoralists (Somalia),7,27,Civilian targeting,706,Eastern Africa,Somalia,Bari,Qandala,,Dhaadaar,11.128,49.8755,2,REDACTED IN SAMPLE,REDACTED IN SAMPLE,"On 1 January 2026, Islamic State Somalia Province attacked pastoralists near Dhaadaar village (Qandala, Bari), attempting to loot animals. Casualties unknown.",0,,1768354736
SOM54251,01-January-2026,2026,1,Strategic developments,Strategic developments,Looting/property destruction,Islamic State Somalia Province,,2,Civilians (Somalia),Pastoralists (Somalia),7,27,,706,Eastern Africa,Somalia,Bari,Qandala,,Gaatir-Oodan,11.0295,49.9414,1,REDACTED IN SAMPLE,REDACTED IN SAMPLE,"Looting: On 1 January 2026, Islamic State Somalia Province looted animals and foodstuffs from a pastoralist in Gaatir-Oodan village (Qandala, Bari).",0,,1768354736
SOM54310,01-January-2026,2026,1,Demonstrations,Protests,Peaceful protest,Protesters (Somalia),,6,,,0,60,,706,Eastern Africa,Somalia,Lower Juba,Kismaayo,,Kismayo,-0.3603,42.5463,1,REDACTED IN SAMPLE,REDACTED IN SAMPLE,"On 1 January 2026, youth footballers protested at Stadium Wakeey in Alalnle area in Kismayo town (Kismaayo, Lower Juba) after the Jubaland administration sold the land to private investors.",0,crowd size=no report,1768354736
SOM54332,01-January-2026,2026,1,Political violence,Explosions/Remote violence,Air/drone strike,Military Forces of Somalia (2022-),,1,Al Shabaab,,2,12,,706,Eastern Africa,Somalia,Middle Shabelle,Balcad,,Masala,2.3091,45.3429,1,REDACTED IN SAMPLE,REDACTED IN SAMPLE,"On 1 January 2026, government security forces (SNA) launched an airstrike targeting an Al Shabaab gathering position in Shuluda Daay'Warabe and Rastatha areas in Masala village (Balcad, Middle Shabelle). An unknown number of Al Shabaab were killed and wounded. Unspecified number of fatalities coded as 3.",3,,1768354736
SOM54362,01-January-2026,2026,1,Political violence,Violence against civilians,Attack,Darod-Marehan Sub-Clan Militia (Somalia),,4,Civilians (Somalia),Pastoralists (Somalia),7,47,Civilian targeting,706,Eastern Africa,Somalia,Galgaduud,Cabudwaaq,,Oodaale,5.5251,45.8855,1,REDACTED IN SAMPLE,REDACTED IN SAMPLE,"On 1 January 2026, a Marehan clan militia shot and killed a civilian on the outskirts of Oodaale village (Cabudwaaq, Galgaduud) over clan revenge. During the attack, the victim was looking after camels.",1,,1768354736
SOM54369,01-January-2026,2026,1,Political violence,Battles,Armed clash,Military Forces of Somalia (2022-) Puntland Dervish Force,,1,Islamic State Somalia Province,,2,12,,706,Eastern Africa,Somalia,Bari,Qandala,,Qandala,11.471,49.8726,1,REDACTED IN SAMPLE,REDACTED IN SAMPLE,"On 1 January 2026, Puntland dervish forces clashed with Islamic State Somalia Province in Tooga Jacel area in Qandala town (Qandala, Bari). There were no casualties.",0,,1768354736
SOM54404,01-January-2026,2026,1,Political violence,Violence against civilians,Attack,Islamic State Somalia Province,,2,Civilians (Somalia),Pastoralists (Somalia),7,27,Civilian targeting,706,Eastern Africa,Somalia,Bari,Bossaso,,Tasjiic,10.8623,49.4576,1,REDACTED IN SAMPLE,REDACTED IN SAMPLE,"On 1 January 2026, Bossaso, Bari, Islamic State Somalia Province attacked a civilian pastoralist in Tasjiic village (Bossaso, Bari). Casualties unknown.",0,,1768354736
SOM54428,01-January-2026,2026,1,Strategic developments,Strategic developments,Change to group/activity,Islamic State Somalia Province,,2,,,0,20,,706,Eastern Africa,Somalia,Bari,Bossaso,,Xabley,10.723,49.4906,2,REDACTED IN SAMPLE,REDACTED IN SAMPLE,"Movement of forces: On 1 January 2026, Islamic State Somalia Province arrived and regrouped, creating hideouts near Xabley village (Bossaso, Bari).",0,,1776191110
SOM54707,01-January-2026,2026,1,Political violence,Explosions/Remote violence,Air/drone strike,Military Forces of the United States (2025-),,8,Islamic State Somalia Province,,2,28,,706,Eastern Africa,Somalia,Bari,Bossaso,,Balade,11.2761,49.164,1,REDACTED IN SAMPLE,REDACTED IN SAMPLE,"On 1 January 2026, US forces conducted airstrikes targeting Islamic State Somalia Province position in the vicinity of the Golis Mountains, in Tooga Balade (Bossaso, Bari). Casualties unknown.",0,,1769546450
SOM54708,01-January-2026,2026,1,Demonstrations,Protests,Peaceful protest,Protesters (Somalia),Labor Group (Somalia),6,,,0,60,,706,Eastern Africa,Somalia,Bari,Bossaso,,Bosaso,11.2842,49.1816,1,REDACTED IN SAMPLE,REDACTED IN SAMPLE,"On 1 January 2026, workers protested in Bosaso town (Bossaso, Bari) after the suspension of casual workers. The Bosaso port is run by the UAE-based DP World.",0,crowd size=no report,1769546450
SOM54709,01-January-2026,2026,1,Political violence,Explosions/Remote violence,Remote explosive/landmine/IED,Al Shabaab,,2,Civilians (Somalia),,7,27,Civilian targeting,706,Eastern Africa,Somalia,Hiraan,Jalalaqsi,,Jalalaqsi,3.3834,45.5969,1,REDACTED IN SAMPLE,REDACTED IN SAMPLE,"On 1 January 2026, IED planted by likely Al Shabaab exploded, targeting civilians at a busy market in Jalalaqsi town (Jalalaqsi, Hiraan). 1 person was killed, and 3 others were injured.",1,,1768354736
SOM54710,01-January-2026,2026,1,Political violence,Battles,Armed clash,Hawiye-Hawadle Sub-Clan Militia (Somalia),,4,Al Shabaab,,2,24,,706,Eastern Africa,Somalia,Hiraan,Jalalaqsi,,Tarda,3.5676,45.9656,1,REDACTED IN SAMPLE,REDACTED IN SAMPLE,"On 1 January 2026, Hawiye-Hawadle sub-clan militia clashed with Al Shabaab in the vicinity of Tarda village (Jalalaqsi, Hiraan). 2 Al Shabaab were killed, and 2 AK-47 rifles were seized.",2,,1768354736
SOM54188,02-January-2026,2026,1,Demonstrations,Protests,Peaceful protest,Protesters (Somalia),,6,,,0,60,,706,Eastern Africa,Somalia,Awdal,Borama,,Borama,9.9387,43.1839,1,REDACTED IN SAMPLE,REDACTED IN SAMPLE,"On 2 January 2026, residents protested in Borama town (Borama, Awdal) against Israel's recognition of the Somaliland administration.",0,crowd size=no report,1772496257
SOM54189,02-January-2026,2026,1,Political violence,Battles,Armed clash,Dir-Ciise Sub-Clan Militia (Somalia),,4,Dir-Gadabuursi Sub-Clan Militia (Somalia),,4,44,,706,Eastern Africa,Somalia,Awdal,Borama,,Borama,9.9387,43.1839,2,REDACTED IN SAMPLE,REDACTED IN SAMPLE,"On 2 January 2026, Cisse and Samrooon clan militias clashed on the outskirts of Abdulqadiir village near Borama town (Borama, Awdal) over a land dispute and the Xeer Cisse book. Casualties unknown.",0,,1768354736
SOM54195,02-January-2026,2026,1,Demonstrations,Protests,Peaceful protest,Protesters (Somalia),Al Shabaab,6,,,0,60,,706,Eastern Africa,Somalia,Middle Juba,Bu'aale,,Buaale,1.2448,42.5732,1,REDACTED IN SAMPLE,REDACTED IN SAMPLE,"On 2 January 2026, residents protested after Friday prayers in Buaale town (Bu'aale, Middle Juba) against Israel's recognition of the Somaliland administration. Al Shabaab organized the protest.",0,crowd size=no report,1772496257
SOM54201,02-January-2026,2026,1,Demonstrations,Protests,Peaceful protest,Protesters (Somalia),Al Shabaab,6,,,0,60,,706,Eastern Africa,Somalia,Hiraan,Bulo Burto,,Buqda Caqable,4.0601,45.2577,1,REDACTED IN SAMPLE,REDACTED IN SAMPLE,"On 2 January 2026, residents protested in Buqda Caqable village (Bulo Burto, Hiraan) against Israel's recognition of the Somaliland administration. Al Shabaab organized the protest.",0,crowd size=no report,1772496257
SOM54211,02-January-2026,2026,1,Demonstrations,Protests,Peaceful protest,Protesters (Somalia),Al Shabaab,6,,,0,60,,706,Eastern Africa,Somalia,Bay,Buur Hakaba,,Buulo Fulaay,2.1106,43.5233,1,REDACTED IN SAMPLE,REDACTED IN SAMPLE,"On 2 January 2026, residents protested in Buulo Fulaay town (Buur Hakaba, Bay) against Israel's recognition of the Somaliland administration. Al Shabaab organized the protest.",0,crowd size=no report,1772496257
SOM54219,02-January-2026,2026,1,Political violence,Explosions/Remote violence,Air/drone strike,Unidentified Military Forces,Military Forces of Somalia (2022-),8,Al Shabaab,,2,28,,706,Eastern Africa,Somalia,Middle Shabelle,Cadale,,Cadale,2.7603,46.3222,2,REDACTED IN SAMPLE,REDACTED IN SAMPLE,"On 2 January 2026, international forces (coded as Unidentified Military Forces) and government security forces (SNA) launched an airstrike against Al Shabaab position between Wargaadhi and Cadale town (Balcad, Middle Shabelle). Casualties unknown.",0,,1768354736
SOM54266,02-January-2026,2026,1,Strategic developments,Strategic developments,Change to group/activity,Al Shabaab,,2,,,0,20,,706,Eastern Africa,Somalia,Gedo,Garbahaarey,,Geriley,3.22,42.63,1,REDACTED IN SAMPLE,REDACTED IN SAMPLE,"Movement of forces: On 2 January 2026, Al Shabaab were seen moving in the Dibac Garoon area in Geriley village (Garbahaarey, Gedo) after a vehicle was stolen.",0,,1776191110
SOM54268,02-January-2026,2026,1,Demonstrations,Protests,Peaceful protest,Protesters (Somalia),,6,,,0,60,,706,Eastern Africa,Somalia,Galgaduud,Dhuusamarreeb,,Guri-Ceel,5.3083,45.8774,1,REDACTED IN SAMPLE,REDACTED IN SAMPLE,"On 2 January 2026, residents protested in Guri-Ceel town (Dhuusamarreeb, Galgaduud) against Israel's recognition of the Somaliland administration.",0,crowd size=no report,1772496257
SOM54272,02-January-2026,2026,1,Demonstrations,Protests,Peaceful protest,Protesters (Somalia),Al Shabaab,6,,,0,60,,706,Eastern Africa,Somalia,Lower Shabelle,Baraawe,,Haawaay,1.1685,43.7143,1,REDACTED IN SAMPLE,REDACTED IN SAMPLE,"On 2 January 2026, some residents protested in Haawaay village (Baraawe, Lower Shabelle) against Israel's recognition of the Somaliland administration. Al Shabaab organized the protest.",0,crowd size=some,1772496257
SOM54285,02-January-2026,2026,1,Demonstrations,Protests,Peaceful protest,Protesters (Somalia),ASWJ: Ahlu Sunna Wal Jamaa,6,,,0,60,,706,Eastern Africa,Somalia,Galgaduud,Cabudwaaq,,Hurshe,6.1201,46.3153,1,REDACTED IN SAMPLE,REDACTED IN SAMPLE,"On 2 January 2026, residents and Ahlu Sunaa Waljamaac protested in Hurshe village (Cabudwaaq, Galgaduud) against Israel's recognition of the Somaliland administration.",0,crowd size=no report,1772496257
SOM54300,02-January-2026,2026,1,Demonstrations,Protests,Peaceful protest,Protesters (Somalia),Al Shabaab,6,,,0,60,,706,Eastern Africa,Somalia,Middle Juba,Jilib,,Jilib,0.4833,42.7666,1,REDACTED IN SAMPLE,REDACTED IN SAMPLE,"On 2 January 2026, residents protested after Friday prayers at the Hawlwadaag area in Jilib town (Jilib, Middle Shabelle) against Israel's recognition of the Somaliland administration. Al Shabaab organized the protest.",0,crowd size=no report,1772496257
SOM54303,02-January-2026,2026,1,Political violence,Explosions/Remote violence,Remote explosive/landmine/IED,Al Shabaab,,2,Civilians (Somalia),Government of Somalia (2022-) Hirshabelle Administration,7,27,Civilian targeting,706,Eastern Africa,Somalia,Middle Shabelle,Jowhar,,Jowhar,2.7797,45.5042,1,REDACTED IN SAMPLE,REDACTED IN SAMPLE,"On 2 January 2026, an IED planted by Al Shabaab exploded, targeting Hirshabelle local officials convoy in Jiiro Carmoole area at the Bula Xanshooley neighborhood in Jowhar town (Jowhar, Middle Shabelle). The Hirshabelle state president survived the assassination attempt. Al Shabaab claimed to have injured 5 local officials..",0,local administrators,1768354736
SOM54317,02-January-2026,2026,1,Demonstrations,Protests,Peaceful protest,Protesters (Somalia),Al Shabaab,6,,,0,60,,706,Eastern Africa,Somalia,Lower Shabelle,Kurtunwaarey,,Kurtunwaarey,1.6104,44.3329,1,REDACTED IN SAMPLE,REDACTED IN SAMPLE,"On 2 January 2026, residents protested in Kurtunwaarey town (Kurtunwaarey, Lower Shabelle) against Israel's recognition of the Somaliland administration. Al Shabaab organized the protest.",0,crowd size=no report,1772496257
SOM54334,02-January-2026,2026,1,Demonstrations,Protests,Peaceful protest,Protesters (Somalia),,6,,,0,60,,706,Eastern Africa,Somalia,Hiraan,Belet Weyne,,Matabaan,5.1994,45.5252,1,REDACTED IN SAMPLE,REDACTED IN SAMPLE,"On 2 January 2026, residents and local officials protested in Matabaan town (Belet Weyne, Hiraan) against Israel's recognition of the Somaliland administration.",0,crowd size=no report,1772496257
SOM54346,02-January-2026,2026,1,Demonstrations,Protests,Peaceful protest,Protesters (Somalia),,6,,,0,60,,706,Eastern Africa,Somalia,Banadir,Banadir,,Mogadishu - Hodan,2.0376,45.3058,1,REDACTED IN SAMPLE,REDACTED IN SAMPLE,"On 2 January 2026, residents protested in Mogadishu - Hodan (Banadir) against Israel's recognition of the Somaliland administration.",0,crowd size=no report,1772496257
SOM54386,02-January-2026,2026,1,Demonstrations,Protests,Peaceful protest,Protesters (Somalia),Al Shabaab,6,,,0,60,,706,Eastern Africa,Somalia,Middle Juba,Saakow,,Saakow,1.6394,42.4522,1,REDACTED IN SAMPLE,REDACTED IN SAMPLE,"On 2 January 2026, residents protested after Friday prayers in Saakow town (Saakow, Middle Juba) against Israel's recognition of the Somaliland administration. Al Shabaab organized the protest.",0,crowd size=no report,1772496257
SOM54391,02-January-2026,2026,1,Demonstrations,Protests,Peaceful protest,Protesters (Somalia),,6,,,0,60,,706,Eastern Africa,Somalia,Awdal,Zeylac,,Saylac,11.3539,43.4731,1,REDACTED IN SAMPLE,REDACTED IN SAMPLE,"On 2 January 2026, residents protested in Saylac town (Zeylac, Awdal) against Israel's recognition of the Somaliland administration.",0,crowd size=no report,1772496257
SOM54398,02-January-2026,2026,1,Demonstrations,Protests,Peaceful protest,Protesters (Somalia),Al Shabaab,6,,,0,60,,706,Eastern Africa,Somalia,Hiraan,Jalalaqsi,,Shaw,3.4166,45.4085,1,REDACTED IN SAMPLE,REDACTED IN SAMPLE,"On 2 January 2026, residents protested in Shaw village (Jalalaqsi, Hiraan) against Israel's recognition of the Somaliland administration. Al Shabaab organized the protest.",0,crowd size=no report,1772496257
SOM54401,02-January-2026,2026,1,Political violence,Battles,Armed clash,Military Forces of Somalia (2022-) Special Forces,,1,Al Shabaab,,2,12,,706,Eastern Africa,Somalia,Middle Shabelle,Cadale,,Sumadaale,2.9194,46.0998,1,REDACTED IN SAMPLE,REDACTED IN SAMPLE,"On 2 January 2026, government security forces (Gorgor) clashed with Al Shabaab position in Sumadaale village (Cadale, Middle Shabelle). There were no casualties.",0,,1768354736
SOM54407,02-January-2026,2026,1,Demonstrations,Protests,Peaceful protest,Protesters (Somalia),Al Shabaab,6,,,0,60,,706,Eastern Africa,Somalia,Bakool,Tayeeglow,,Tayeeglow,4.0182,44.5127,1,REDACTED IN SAMPLE,REDACTED IN SAMPLE,"On 2 January 2026, residents protested in Tayeeglow town (Tayeeglow, Bakool)against Israel's recognition of the Somaliland administration. Al Shabaab organized the protest.",0,crowd size=no report,1772496257
SOM54409,02-January-2026,2026,1,Political violence,Battles,Armed clash,Al Shabaab,,2,Military Forces of Somalia (2022-),Hawiye-Abgal Sub-Clan Militia (Somalia),1,12,,706,Eastern Africa,Somalia,Middle Shabelle,Jowhar,,Towfiiq,2.7565,45.6466,2,REDACTED IN SAMPLE,REDACTED IN SAMPLE,"On 2 January 2026, Al Shabaab clashed with government security forces (SNA) and Hawiye-Abgal sub-clan militia in Godka Galayda and Shoolka area near Towfiiq village (Jowhar, Middle Shabelle). An unknown number of soldiers and militants were killed and wounded. Unspecified number of fatalities coded as 3.",3,,1768354736
SOM54415,02-January-2026,2026,1,Political violence,Battles,Non-state actor overtakes territory,Al Shabaab,,2,Military Forces of Somalia (2022-),Hawiye-Abgal Sub-Clan Militia (Somalia),1,12,,706,Eastern Africa,Somalia,Middle Shabelle,Cadale,,Wargaadhi,3.2033,46.5681,1,REDACTED IN SAMPLE,REDACTED IN SAMPLE,"On 2 January 2026, Al Shabaab clashed with government security forces (SNA) and Hawiye-Abgal sub-clan militia at a base in Wargaadhi village (Cadale, Middle Shabelle). Al Shabaab took control over the village (initial takeover by SNA/Hawiye-Abgal sub-clan militia unclear). An unknown number of soldiers were killed and wounded. Unspecified number of fatalities coded as 3. Al Shabaab claimed responsibility.",3,,1768354736
SOM54416,02-January-2026,2026,1,Strategic developments,Strategic developments,Change to group/activity,Military Forces of Somalia (2022-),,1,,,0,10,,706,Eastern Africa,Somalia,Middle Shabelle,Cadale,,Wargaadhi,3.2033,46.5681,2,REDACTED IN SAMPLE,REDACTED IN SAMPLE,"Movement of forces: On 2 January 2026, government security forces (SNA) were deployed in 5km to Wargaadhi village (Cadale, Middle Shabelle), where Al Shabaab was present in the area.",0,,1768354736
SOM54427,02-January-2026,2026,1,Political violence,Battles,Armed clash,Military Forces of Somalia (2022-) Special Forces,,1,Al Shabaab,,2,12,,706,Eastern Africa,Somalia,Middle Shabelle,Cadale,,Xaaji-Cali,2.9192,46.2173,1,REDACTED IN SAMPLE,REDACTED IN SAMPLE,"On 2 January 2026, government security forces (Gorgor) clashed with Al Shabaab position in Xaaji-Cali village (Cadale, Middle Shabelle). There were no casualties.",0,,1768354736
SOM54605,02-January-2026,2026,1,Political violence,Battles,Armed clash,Military Forces of Somalia (2022-) Puntland Dervish Force,,1,Islamic State Somalia Province,,2,12,,706,Eastern Africa,Somalia,Bari,Qandala,,Daanyo,11.0771,50.1374,1,REDACTED IN SAMPLE,REDACTED IN SAMPLE,"On 2 January 2026, Puntland Dervish Force clashed with Islamic State Somalia Province in Daanyo village (Qandala, Bari). The security forces destroyed hideouts and bases. There were no casualties.",0,,1776191110
SOM54606,02-January-2026,2026,1,Political violence,Battles,Armed clash,Military Forces of Somalia (2022-) Puntland Dervish Force,,1,Islamic State Somalia Province,,2,12,,706,Eastern Africa,Somalia,Bari,Qandala,,Dasaan,11.1703,49.8239,1,REDACTED IN SAMPLE,REDACTED IN SAMPLE,"On 2 January 2026, Puntland Dervish Force clashed with Islamic State Somalia Province in Dasaan village (Qandala, Bari). The security forces destroyed hideouts and bases. There were no casualties.",0,,1768354736
SOM54607,02-January-2026,2026,1,Strategic developments,Strategic developments,Change to group/activity,Military Forces of Somaliland (2024-),,1,,,0,10,,706,Eastern Africa,Somalia,Awdal,Zeylac,,Jidhi,10.6227,43.0706,2,REDACTED IN SAMPLE,REDACTED IN SAMPLE,"Movement of forces: On 2 January 2026, Somaliland forces withdrew from the bases in Heemaal village near Jidhi town (Zeylac, Awdal) amid tensions between clans in the area.",0,,1768354736
SOM54608,02-January-2026,2026,1,Political violence,Battles,Armed clash,Military Forces of Somalia (2022-) Puntland Dervish Force,,1,Islamic State Somalia Province,,2,12,,706,Eastern Africa,Somalia,Bari,Qandala,,Sixna,11.061,50.2123,1,REDACTED IN SAMPLE,REDACTED IN SAMPLE,"On 2 January 2026, Puntland Dervish Force clashed with Islamic State Somalia Province in Sixna village (Qandala, Bari). The security forces destroyed hideouts and bases. There were no casualties.",0,,1768354736
SOM54711,02-January-2026,2026,1,Political violence,Explosions/Remote violence,Air/drone strike,Military Forces of the United States (2025-),,8,Islamic State Somalia Province,,2,28,,706,Eastern Africa,Somalia,Bari,Bossaso,,Balade,11.2761,49.164,1,REDACTED IN SAMPLE,REDACTED IN SAMPLE,"On 2 January 2026, US forces conducted airstrikes targeting Islamic State Somalia Province position in the vicinity of the Golis Mountains, in Tooga Balade (Bossaso, Bari). Casualties unknown.",0,,1769546450
SOM54712,02-January-2026,2026,1,Political violence,Battles,Armed clash,Al Shabaab,,2,Military Forces of Somalia (2022-) Jubaland Security Force,,1,12,,706,Eastern Africa,Somalia,Lower Juba,Jamaame,,Bar-Sanguun,-0.0416,42.5945,2,REDACTED IN SAMPLE,REDACTED IN SAMPLE,"On 2 January 2026, Al Shabaab clashed with Jubaland security forces (SNA) at a checkpoint between Singaleyr village and Faragogo Bridge, near Bar-Sanguun village (Jamaame, Lower Juba). There were no casualties.",0,,1768354736
SOM54713,02-January-2026,2026,1,Political violence,Explosions/Remote violence,Shelling/artillery/missile attack,Al Shabaab,,2,Military Forces of Somalia (2022-),Military Forces of Somalia (2022-) Jubaland Security Force,1,12,,706,Eastern Africa,Somalia,Lower Juba,Jamaame,,Bar-Sanguun,-0.0416,42.5945,1,REDACTED IN SAMPLE,REDACTED IN SAMPLE,"On 2 January 2026, Al Shabaab launched 2 mortar rounds targeting government security forces (SNA) and Jubaland security forces at a base in Bar-Sanguun village (Jamaame, Lower Juba). 3 soldiers were injured, including 2 SNA soldiers and 1 Jubaland soldier.",0,,1768354736
SOM54714,02-January-2026,2026,1,Political violence,Battles,Armed clash,Military Forces of Somalia (2022-),,1,Police Forces of Somalia (2022-),,1,11,,706,Eastern Africa,Somalia,Gedo,Belet Xaawo,,Belet Xaawo,3.7807,41.8943,1,REDACTED IN SAMPLE,REDACTED IN SAMPLE,"On 2 January 2026, 2 government soldiers (SNA) shot and killed 3 police officers (on-duty) at the border between Kenya and Somalia in Belet Hawa town (Belet Xaawo, Gedo). The local forces apprehended the soldiers.",3,,1768354736
SOM54715,02-January-2026,2026,1,Political violence,Battles,Armed clash,Military Forces of Somalia (2022-) Special Forces,,1,Al Shabaab,,2,12,,706,Eastern Africa,Somalia,Bay,Buur Hakaba,,Buulo Fulaay,2.1106,43.5233,1,REDACTED IN SAMPLE,REDACTED IN SAMPLE,"On 2 January 2026, government security forces (Danab) clashed with Al Shabaab in Buulo Fulaay town (Buur Hakaba, Bay). The operation was supported by an airstrike from Danab. More than 20 militants were killed. Al Shabaab claimed civilians were killed during the confrontation (unspecified fatalities coded as 3). Fatalities coded as 23 (20 militants + 3 civilians).",23,,1768354736
SOM54716,02-January-2026,2026,1,Political violence,Battles,Armed clash,Dir-Gadabuursi Sub-Clan Militia (Somalia),,4,Dir-Issa Sub-Clan Militia (Somalia),,4,44,,706,Eastern Africa,Somalia,Awdal,Zeylac,,Jidhi,10.6227,43.0706,2,REDACTED IN SAMPLE,REDACTED IN SAMPLE,"On 2 January 2026, Gadabuursi and Issa sub-clans militias of Dir clan clashed in Heemaal village near Jidhi town (Zeylac, Awdal). Casualties unknown.",0,,1768354736
SOM54717,02-January-2026,2026,1,Political violence,Explosions/Remote violence,Remote explosive/landmine/IED,Al Shabaab,,2,AUSSOM: Africa Union Support and Stabilisation Mission in Somalia (2025-) (Uganda),,8,28,,706,Eastern Africa,Somalia,Lower Shabelle,Afgooye,,K60,1.9243,44.9231,2,REDACTED IN SAMPLE,REDACTED IN SAMPLE,"On 2 January 2026, a remote-controlled IED planted by Al Shabaab exploded, targeting AUSSOM UPDF convoy passing near K60 village (Afgooye, Lower Shabelle). Al Shabaab claimed to have killed 2 soldiers and injured another.",2,,1768354736
SOM54718,02-January-2026,2026,1,Political violence,Explosions/Remote violence,Remote explosive/landmine/IED,Al Shabaab,,2,Military Forces of Somalia (2022-),,1,12,,706,Eastern Africa,Somalia,Lower Shabelle,Afgooye,,K60,1.9243,44.9231,1,REDACTED IN SAMPLE,REDACTED IN SAMPLE,"On 2 January 2026, an IED planted by Al Shabaab exploded, targeting government soldiers (SNA) on foot patrol in the vicinity of K60 village (Afgooye, Lower Shabelle). There were no casualties. Al Shabaab claimed responsibility.",0,,1768354736
SOM54719,02-January-2026,2026,1,Political violence,Battles,Armed clash,Al Shabaab,,2,Military Forces of Somalia (2022-) Jubaland Security Force,,1,12,,706,Eastern Africa,Somalia,Lower Juba,Kismaayo,,Kismayo,-0.3603,42.5463,2,REDACTED IN SAMPLE,REDACTED IN SAMPLE,"On 2 January 2026, Al Shabaab clashed with Jubaland security forces at a base in Laba-garas village near Kismayo town (Kismaayo, Lower Juba). Al Shabaab claimed to have killed a soldier and another was injured.",1,,1768354736
SOM54720,02-January-2026,2026,1,Political violence,Violence against civilians,Attack,Military Forces of Somalia (2022-),,1,Civilians (Somalia),,7,17,Civilian targeting,706,Eastern Africa,Somalia,Banadir,Banadir,,Mogadishu - Waaberi,2.0195,45.31,1,REDACTED IN SAMPLE,REDACTED IN SAMPLE,"On 2 January 2026, a government soldier (SNA), traveling on a motorcycle and armed with an AK-47 rifle, shot and killed a civilian at the Via Liberia junction in Mogadishu - Waaberi (Banadir). The motive is unknown.",1,,1768354736
SOM54721,02-January-2026,2026,1,Political violence,Violence against civilians,Attack,Hawiye-Habar Gedir-Duduble Sub-Clan Militia (Somalia),,4,Civilians (Somalia),Hawiye-Habar Gedir-Saleban Sub-Clan Group (Somalia); Pastoralists (Somalia),7,47,Civilian targeting,706,Eastern Africa,Somalia,Galgaduud,Dhuusamarreeb,,Qaayib,5.4972,47.1472,2,REDACTED IN SAMPLE,REDACTED IN SAMPLE,"On 2 January 2026, Hawiye-Habar Gedir-Duduble sub-clan opened fire on a pastoralist from the Saleebaan clan in the vicinity of Baalal Dheer village, near Qaayib village (Dhuusamarreeb, Galgaduud). The motive was due to clan revenge and land dispute. 1 was killed, and another was injured.",1,,1768354736
SOM54722,02-January-2026,2026,1,Political violence,Explosions/Remote violence,Air/drone strike,Unidentified Military Forces,Military Forces of Somalia (2022-),8,Al Shabaab,,2,28,,706,Eastern Africa,Somalia,Middle Shabelle,Cadale,,Wargaadhi,3.2033,46.5681,1,REDACTED IN SAMPLE,REDACTED IN SAMPLE,"On 2 January 2026, overnight, international forces (coded as Unidentified Military Forces) and government security forces (SNA) launched an airstrike against Al Shabaab position in Wargaadhi village (Cadale, Middle Shabelle). Casualties unknown.",0,,1768354736
SOM54609,03-January-2026,2026,1,Political violence,Battles,Armed clash,Al Shabaab,,2,Military Forces of Somalia (2022-),,1,12,,706,Eastern Africa,Somalia,Lower Shabelle,Marka,,Danow,1.7317,44.6253,1,REDACTED IN SAMPLE,REDACTED IN SAMPLE,"On 3 January 2026, Al Shabaab clashed with government security forces (SNA) at a base in Danow village (Marka, Lower Shabelle). There were no casualties.",0,,1768354736
SOM54610,03-January-2026,2026,1,Political violence,Battles,Armed clash,Al Shabaab,,2,Military Forces of Somalia (2022-),,1,12,,706,Eastern Africa,Somalia,Lower Shabelle,Marka,,Janaale,1.8,44.7,1,REDACTED IN SAMPLE,REDACTED IN SAMPLE,"On 3 January 2026, Al Shabaab clashed with government security forces (SNA) at a defensive base in the vicinity of Janaale town (Marka, Lower Shabelle). There were no casualties.",0,,1768354736
SOM54611,03-January-2026,2026,1,Political violence,Battles,Armed clash,Dir-Issa Sub-Clan Militia (Somalia),,4,Military Forces of Somaliland (2024-),,1,14,,706,Eastern Africa,Somalia,Awdal,Zeylac,,Jidhi,10.6227,43.0706,2,REDACTED IN SAMPLE,REDACTED IN SAMPLE,"On 3 January 2026, Dir-Issa sub-clans militias clashed with Somaliland security forces in Heemaal village near Jidhi town (Zeylac, Awdal). 13 soldiers were killed.",13,,1768354736
SOM54612,03-January-2026,2026,1,Political violence,Battles,Armed clash,Dir-Gadabuursi Sub-Clan Militia (Somalia),,4,Dir-Issa Sub-Clan Militia (Somalia),,4,44,,706,Eastern Africa,Somalia,Awdal,Zeylac,,Jidhi,10.6227,43.0706,2,REDACTED IN SAMPLE,REDACTED IN SAMPLE,"On 3 January 2026, Gadabuursi and Issa sub-clans militias of Dir clan clashed in Heemaal village near Jidhi town (Zeylac, Awdal). More than 20 people were killed and 30 others were injured.",20,,1768354736
SOM54696,03-January-2026,2026,1,Demonstrations,Protests,Peaceful protest,Protesters (Somalia),,6,,,0,60,,706,Eastern Africa,Somalia,Awdal,Borama,,Borama,9.9387,43.1839,1,REDACTED IN SAMPLE,REDACTED IN SAMPLE,"On 3 January 2026, residents protested in Borama town (Borama, Awdal), demanding the release of people arrested in last month's protest (coded separately).",0,crowd size=no report,1768354736
SOM54723,03-January-2026,2026,1,Strategic developments,Strategic developments,Change to group/activity,Military Forces of Somalia (2022-) Puntland Dervish Force,,1,,,0,10,,706,Eastern Africa,Somalia,Bari,Bossaso,,Al Madow,11.1632,49.0395,1,REDACTED IN SAMPLE,REDACTED IN SAMPLE,"Movement of forces: On 3 January 2026, Puntland Dervish Forces were deployed in Al Madow area (Bossaso, Bari). The Puntland administration plans to launch offensive operations targeting Al Shabaab and Islamic State Somalia Province in the Al Madow region.",0,,1768354736
SOM54724,03-January-2026,2026,1,Political violence,Battles,Armed clash,Al Shabaab,,2,Military Forces of Somalia (2022-),,1,12,,706,Eastern Africa,Somalia,Hiraan,Belet Weyne,,Belet Weyne,4.736,45.2043,1,REDACTED IN SAMPLE,REDACTED IN SAMPLE,"On 3 January 2026, Al Shabaab clashed with government security forces (SNA) at a checkpoint in Belet Weyne town (Belet Weyne, Hiraan). 1 soldier was injured. Al Shabaab claimed responsibility.",0,,1768354736
SOM54725,03-January-2026,2026,1,Political violence,Battles,Armed clash,Bantu-Jareer-Weyne Seddex-Cumurow Sub-Clan Militia (Somalia),,4,Bantu-Jareer-Weyne Seddex-Cumurow Sub-Clan Militia (Somalia),,4,44,,706,Eastern Africa,Somalia,Hiraan,Belet Weyne,,Belet Weyne,4.736,45.2043,1,REDACTED IN SAMPLE,REDACTED IN SAMPLE,"On 3 January 2026, 2 of Bantu-Jareer-Weyne Seddex-Cumurow sub-clan militia clashed at the Bundaweyn area in Belet Weyne town (Belet Weyne, Hiraan). The motive was due to narcotics-related disputes. 2 people were injured.",0,,1768354736
SOM54726,03-January-2026,2026,1,Political violence,Explosions/Remote violence,Remote explosive/landmine/IED,Al Shabaab,,2,AUSSOM: Africa Union Support and Stabilisation Mission in Somalia (2025-) (Uganda),,8,28,,706,Eastern Africa,Somalia,Lower Shabelle,Marka,,Buufow Bacaad,1.7493,44.7437,2,REDACTED IN SAMPLE,REDACTED IN SAMPLE,"On 3 January 2026, a roadside IED planted by Al Shabaab exploded, targeting AUSSOM UPDF convoy passing between K60 and Buufow Bacaad village (Marka, Lower Shabelle). The explosion struck and damaged one of the convoy trucks. Al Shabaab claimed to have killed and injured soldiers. Unspecified number of fatalities coded as 3.",3,,1768354736
SOM54727,03-January-2026,2026,1,Strategic developments,Strategic developments,Change to group/activity,Military Forces of Somalia (2022-) Puntland Dervish Force,,1,,,0,10,,706,Eastern Africa,Somalia,Bari,Qandala,,Buuraha Cali Miskat,10.8548,49.7434,1,REDACTED IN SAMPLE,REDACTED IN SAMPLE,"Movement of forces: On 3 January 2026, Puntland Dervish Force withdrew from Buuraha Cali Miskat (Qandala, Bari). The forces moved to join the planned offensive operations targeting Al Shabaab and Islamic State Somalia Province in the Al Madow region.",0,,1776191110
SOM54728,03-January-2026,2026,1,Political violence,Explosions/Remote violence,Remote explosive/landmine/IED,Al Shabaab,,2,Military Forces of Somalia (2022-),Military Forces of Somalia (2022-) Jubaland Security Force,1,12,,706,Eastern Africa,Somalia,Middle Juba,Jilib,,Hargeysa Yare,0.4474,42.7033,1,REDACTED IN SAMPLE,REDACTED IN SAMPLE,"On 3 January 2026, an IED planted by Al Shabaab exploded, targeting government security forces (SNA) and Jubaland security forces convoy in the vicinity of Hargeysa Yare village (Jilib, Middle Juba). 3 soldiers were injured. Al Shabaab claimed responsibility.",0,,1768354736
SOM54729,03-January-2026,2026,1,Political violence,Battles,Armed clash,Military Forces of Somalia (2022-) Special Forces,Military Forces of Somalia (2022-) Jubaland Security Force; Military Forces of the United States (2025-),1,Al Shabaab,,2,12,,706,Eastern Africa,Somalia,Middle Juba,Jilib,,Hargeysa Yare,0.4474,42.7033,1,REDACTED IN SAMPLE,REDACTED IN SAMPLE,"On 3 January 2026, overnight, government security forces (Danab) and Jubaland security forces clashed with Al Shabaab in Hargeysa Yare village (Jilib, Middle Juba). The operation was supported by airstrikes from US forces. 12 - 15 militants, including 3 senior members, were killed.",12,,1768354736
SOM54730,03-January-2026,2026,1,Political violence,Battles,Armed clash,Al Shabaab,,2,AUSSOM: Africa Union Support and Stabilisation Mission in Somalia (2025-) (Uganda),,8,28,,706,Eastern Africa,Somalia,Lower Shabelle,Marka,,Janaale,1.8,44.7,1,REDACTED IN SAMPLE,REDACTED IN SAMPLE,"On 3 January 2026, overnight, Al Shabaab clashed with AUSSOM UPDF troops at a forward operation base in the Nation-Link neighborhood in Janaale town (Marka, Lower Shabelle). The clash was initiated with RPGs. There were no casualties. Al Shabaab claimed responsibility.",0,,1768354736
SOM54731,03-January-2026,2026,1,Political violence,Battles,Armed clash,Military Forces of Somalia (2022-) Special Forces,Military Forces of Somalia (2022-) Jubaland Security Force; Military Forces of the United States (2025-),1,Al Shabaab,,2,12,,706,Eastern Africa,Somalia,Middle Juba,Jilib,,Jilib,0.4833,42.7666,1,REDACTED IN SAMPLE,REDACTED IN SAMPLE,"On 3 January 2026, overnight, government security forces (Danab) and Jubaland security forces clashed with Al Shabaab in Jilib town (Jilib, Middle Juba). The operation was supported by airstrikes from US forces. 15 - 17 militants were killed and 8 others were injured.",15,,1768354736
SOM54732,03-January-2026,2026,1,Political violence,Explosions/Remote violence,Remote explosive/landmine/IED,Al Shabaab,,2,Military Forces of Somalia (2022-) Special Forces,,1,12,,706,Eastern Africa,Somalia,Middle Juba,Jilib,,Jilib,0.4833,42.7666,2,REDACTED IN SAMPLE,REDACTED IN SAMPLE,"On 3 January 2026, an IED planted by Al Shabaab exploded, targeting government security forces (Danab) convoy on the outskirts of Kamdade village near Jilib town (Jilib, Middle Shabelle). Al Shabaab claimed to have killed 6 soldiers and injured 7 others.",6,,1768354736
SOM54733,03-January-2026,2026,1,Political violence,Explosions/Remote violence,Air/drone strike,Military Forces of the United States (2025-),,8,Al Shabaab,,2,28,,706,Eastern Africa,Somalia,Middle Juba,Jilib,,Jilib,0.4833,42.7666,2,REDACTED IN SAMPLE,REDACTED IN SAMPLE,"On 3 January 2026, overnight, US forces conducted airstrikes targeting Al Shabaab command site in the Warshada Shina area near Jilib town (Jilib, Middle Juba). More than 30 militants were killed, including several senior commanders.",30,,1768354736
SOM54734,03-January-2026,2026,1,Political violence,Explosions/Remote violence,Remote explosive/landmine/IED,Al Shabaab,,2,Military Forces of Somalia (2022-),,1,12,,706,Eastern Africa,Somalia,Middle Shabelle,Cadale,,Wargaadhi,3.2033,46.5681,2,REDACTED IN SAMPLE,REDACTED IN SAMPLE,"On 3 January 2026, an IED planted by Al Shabaab exploded, targeting government security forces (SNA) convoy near Wargaadhi village (Cadale, Middle Shabelle). Al Shabaab claimed to have killed 2 soldiers and 1 other was injured.",2,,1768354736
SOM54613,04-January-2026,2026,1,Political violence,Battles,Armed clash,Military Forces of Somalia (2022-) Puntland Dervish Force,,1,Islamic State Somalia Province,,2,12,,706,Eastern Africa,Somalia,Bari,Bossaso,,Balade,11.2761,49.164,2,REDACTED IN SAMPLE,REDACTED IN SAMPLE,"On 4 January 2026, Puntland Dervish Force clashed with Islamic State Somalia Province in Shakaloniiyka village near Balade village (Bossaso, Bari). There were no casualties.",0,,1769546450
SOM54614,04-January-2026,2026,1,Political violence,Battles,Armed clash,Military Forces of Somalia (2022-) Puntland Dervish Force,,1,Islamic State Somalia Province,,2,12,,706,Eastern Africa,Somalia,Bari,Qandala,,Buuraha Cali Miskat,10.8548,49.7434,1,REDACTED IN SAMPLE,REDACTED IN SAMPLE,"On 4 January 2026, Puntland Dervish Force clashed with Islamic State Somalia Province in Buuraha Cali Miskat (Qandala, Bari). There were no casualties.",0,,1776191110
SOM54615,04-January-2026,2026,1,Strategic developments,Strategic developments,Change to group/activity,Al Shabaab,,2,,,0,20,,706,Eastern Africa,Somalia,Middle Shabelle,Balcad,,Ceel Macaan,2.2444,45.6917,2,REDACTED IN SAMPLE,REDACTED IN SAMPLE,"Movement of forces: On 4 January 2026, more than 100 Al Shabaab were deployed in the forested area in the Tukiile area near Ceel Macaan village (Balcad, Middle Shabelle).",0,,1769546450
SOM54616,04-January-2026,2026,1,Political violence,Battles,Armed clash,Military Forces of Somalia (2022-) Puntland Dervish Force,,1,Islamic State Somalia Province,,2,12,,706,Eastern Africa,Somalia,Bari,Qandala,,Guriasamo,11.2729,49.7971,1,REDACTED IN SAMPLE,REDACTED IN SAMPLE,"On 4 January 2026, Puntland Dervish Force clashed with Islamic State Somalia Province in Guriasamo village (Qandala, Bari). There were no casualties.",0,,1776191110
SOM54617,04-January-2026,2026,1,Political violence,Battles,Armed clash,Military Forces of Somalia (2022-) Special Forces,Military Forces of Somalia (2022-) Jubaland Security Force,1,Al Shabaab,,2,12,,706,Eastern Africa,Somalia,Middle Juba,Jilib,,Hargeysa Yare,0.4474,42.7033,1,REDACTED IN SAMPLE,REDACTED IN SAMPLE,"On 4 January 2026, overnight, government security forces (Danab) and Jubaland security forces clashed with Al Shabaab in Hargeysa Yare village (Jilib, Middle Juba). There were no casualties.",0,,1768354736
SOM54618,04-January-2026,2026,1,Political violence,Battles,Armed clash,Military Forces of Somalia (2022-) Special Forces,Military Forces of Somalia (2022-) Jubaland Security Force,1,Al Shabaab,,2,12,,706,Eastern Africa,Somalia,Middle Juba,Jilib,,Jilib,0.4833,42.7666,1,REDACTED IN SAMPLE,REDACTED IN SAMPLE,"On 4 January 2026, overnight, government security forces (Danab) and Jubaland security forces clashed with Al Shabaab in Jilib town (Jilib, Middle Juba). An unknown number of Al Shabaab were killed and wounded. Unspecified number of fatalities coded as 3.",3,,1768354736
SOM54619,04-January-2026,2026,1,Political violence,Battles,Armed clash,Military Forces of Somalia (2022-) Special Forces,Military Forces of Somalia (2022-) Jubaland Security Force,1,Al Shabaab,,2,12,,706,Eastern Africa,Somalia,Middle Juba,Jilib,,Jilib,0.4833,42.7666,2,REDACTED IN SAMPLE,REDACTED IN SAMPLE,"On 4 January 2026, government security forces (Danab) and Jubaland security forces clashed with Al Shabaab in Kamdade village near Jilib town (Jilib, Middle Juba). There were no casualties.",0,,1768354736
SOM54620,04-January-2026,2026,1,Political violence,Violence against civilians,Attack,Military Forces of Somalia (2022-),,1,Civilians (Somalia),,7,17,Civilian targeting,706,Eastern Africa,Somalia,Banadir,Banadir,,Mogadishu - Garasbaaley,2.0611,45.2589,1,REDACTED IN SAMPLE,REDACTED IN SAMPLE,"On 4 January 2026, government soldiers (SNA) opened heavy gunfire on civilian passengers in the Macaani neighborhood in Mogadishu - Garasbaaley (Banadir). 1 civilian was injured.",0,,1768354736
SOM54621,04-January-2026,2026,1,Political violence,Battles,Armed clash,Rahanweyn-Digil-Duubane-Darbane Sub-Clan Militia (Somalia),,4,Rahanweyn-Digil-Duubane-Darbane Sub-Clan Militia (Somalia),,4,44,,706,Eastern Africa,Somalia,Lower Shabelle,Qoryooley,,Qoryooley,1.7878,44.53,1,REDACTED IN SAMPLE,REDACTED IN SAMPLE,"On 4 January 2026, 2 groups of Rahanweyn-Digil-Duubane-Darbane sub-clan militia clashed in Qoryooley town (Qoryooley, Lower Shabelle). The motive of the clash was unknown. 1 clan militia member was killed.",1,,1768354736
SOM54622,04-January-2026,2026,1,Political violence,Battles,Armed clash,Al Shabaab,,2,Military Forces of Somalia (2022-),,1,12,,706,Eastern Africa,Somalia,Lower Shabelle,Marka,,Shalaambood,1.7087,44.6961,1,REDACTED IN SAMPLE,REDACTED IN SAMPLE,"On 4 January 2026, Al Shabaab clashed with government security forces (SNA) at a defensive base in the vicinity of Shalaambood town (Marka, Lower Shabelle). There were no casualties.",0,,1768354736
SOM54623,04-January-2026,2026,1,Strategic developments,Strategic developments,Change to group/activity,Military Forces of Somalia (2022-),,1,,,0,10,,706,Eastern Africa,Somalia,Middle Shabelle,Cadale,,Sumadaale,2.9194,46.0998,1,REDACTED IN SAMPLE,REDACTED IN SAMPLE,"Movement of forces: On 4 January 2026, Al Shabaab gathered and established a checkpoint in the forested area in Sumadaale village (Cadale, Middle Shabelle).",0,,1768354736
SOM54624,04-January-2026,2026,1,Strategic developments,Strategic developments,Change to group/activity,Al Shabaab,,2,,,0,20,,706,Eastern Africa,Somalia,Middle Shabelle,Balcad,,Warshiikh,2.2983,45.798,2,REDACTED IN SAMPLE,REDACTED IN SAMPLE,"Movement of forces: On 4 January 2026, more than 100 Al Shabaab were deployed in the forested area in the Tubyaalo area near Warshiikh village (Balcad, Middle Shabelle).",0,,1768354736
SOM54625,04-January-2026,2026,1,Strategic developments,Strategic developments,Change to group/activity,Military Forces of Somalia (2022-),,1,,,0,10,,706,Eastern Africa,Somalia,Middle Shabelle,Balcad,,Xawaadleey,2.5826,45.4894,2,REDACTED IN SAMPLE,REDACTED IN SAMPLE,"Movement of forces: On 4 January 2026, government security forces (SNA) were deployed in Shaas'Qaate and Tiffow area near Xawaadleey village (Balcad, Middle Shabelle).",0,,1768354736
SOM54735,04-January-2026,2026,1,Political violence,Explosions/Remote violence,Remote explosive/landmine/IED,Al Shabaab,,2,Military Forces of Somalia (2022-),,1,12,,706,Eastern Africa,Somalia,Gedo,Baardheere,,Bardera,2.3385,42.2843,1,REDACTED IN SAMPLE,REDACTED IN SAMPLE,"On 4 January 2026, an IED planted by Al Shabaab exploded, targeting government soldiers (SNA) at a teashop in Bardera town (Baardheere, Gedo). Al Shabaab claimed to have killed 1 soldier.",1,,1768354736
SOM54736,04-January-2026,2026,1,Political violence,Violence against civilians,Attack,Unidentified Armed Group (Somalia),,3,Civilians (Somalia),Darod-Marehan Sub-Clan Group (Somalia),7,37,Civilian targeting,706,Eastern Africa,Somalia,Gedo,Belet Xaawo,,Belet Xaawo,3.7807,41.8943,1,REDACTED IN SAMPLE,REDACTED IN SAMPLE,"On 4 January 2026, unidentified gunmen shot and killed a prominent local influencer from Darod-Marehan sub-clan in Belet Xaawo town (Belet Xaawo, Gedo). The attack is suspected to be political since the victim was popular on social media and frequently criticized various actors in the region, including the Federal Government of Somalia, Jubaland State, and Al Shabaab.",1,,1768354736
SOM54737,04-January-2026,2026,1,Political violence,Explosions/Remote violence,Remote explosive/landmine/IED,Al Shabaab,,2,Civilians (Somalia),,7,27,Civilian targeting,706,Eastern Africa,Somalia,Galgaduud,Ceel Dheer,,Ceel Dheer,3.8491,47.1803,1,REDACTED IN SAMPLE,REDACTED IN SAMPLE,"On 4 January 2026, an IED planted by Al Shabaab exploded, targeting a Toyota land cruiser carrying civilians in the Magad area on the outskirts of Ceel Dheer town (Ceel Dheer, Galgaduud). 6 civilians were killed and 3 others were injured.",6,,1768354736
SOM54738,04-January-2026,2026,1,Political violence,Explosions/Remote violence,Remote explosive/landmine/IED,Islamic State Somalia Province,,2,Military Forces of Somalia (2022-) Puntland Dervish Force,,1,12,,706,Eastern Africa,Somalia,Bari,Qandala,,Dhaadaar,11.128,49.8755,2,REDACTED IN SAMPLE,REDACTED IN SAMPLE,"On 4 January 2026, an IED planted by Islamic State Somalia Province targeted a Puntland Dervish Force convoy between Dhemasno and Dhaadaar village (Qandala, Bari). 1 vehicle was hit, 3 soldiers were killed, including a commander, and 5 others were injured.",3,,1768354736
SOM54739,04-January-2026,2026,1,Demonstrations,Protests,Peaceful protest,Protesters (Somalia),Unidentified Armed Group (Somalia),6,,,0,60,,706,Eastern Africa,Somalia,Mudug,Gaalkacyo,,Gaalkacyo North,6.77,47.63,1,REDACTED IN SAMPLE,REDACTED IN SAMPLE,"On 4 January 2026, a group of armed men protested and blocked (means unspecified) the access gate of the district council office in Gaalkacyo North town (Gaalkacyo, Mudug). The motive remains unclear.",0,crowd size=no report,1768354736
SOM54740,04-January-2026,2026,1,Strategic developments,Strategic developments,Disrupted weapons use,Military Forces of Somalia (2022-) Special Forces,,1,Al Shabaab,,2,12,,706,Eastern Africa,Somalia,Lower Shabelle,Marka,,Jabad-Cade,1.6285,44.6091,2,REDACTED IN SAMPLE,REDACTED IN SAMPLE,"Defusal: On 4 January 2026, government security forces (Gorgor) defused an IED planted by Al Shabaab in Jawad Ari near Jabad-Cade village (Marka, Lower Shabelle).",0,,1768354736
SOM54741,04-January-2026,2026,1,Political violence,Explosions/Remote violence,Remote explosive/landmine/IED,Al Shabaab,,2,AUSSOM: Africa Union Support and Stabilisation Mission in Somalia (2025-) (Uganda),Military Forces of Somalia (2022-),8,28,,706,Eastern Africa,Somalia,Lower Shabelle,Afgooye,,K60,1.9243,44.9231,2,REDACTED IN SAMPLE,REDACTED IN SAMPLE,"On 4 January 2026, a roadside IED planted by Al Shabaab exploded, targeting AUSSOM UPDF and government security forces (SNA) convoy near K60 village (Afgooye, Lower Shabelle). Al Shabaab claimed to have killed 2 SNA soldiers, and 3 others were injured.",2,,1768354736
SOM54742,04-January-2026,2026,1,Political violence,Explosions/Remote violence,Remote explosive/landmine/IED,Al Shabaab,,2,Civilians (Somalia),,7,27,Civilian targeting,706,Eastern Africa,Somalia,Middle Shabelle,Adan Yabaal,,Run-nirgod,3.5595,46.7753,2,REDACTED IN SAMPLE,REDACTED IN SAMPLE,"On 4 January 2026, a roadside IED planted by Al Shabaab exploded, targeting a Toyota Land Cruiser between Marsatha Ciige and Kudkudaaleey village near Run-nirgod village (Adan Yabaal, Middle Shabelle). The land cruiser was transporting civilian passengers heading to the Ceel Dheere district of the Galgadud region. More than 10 civilians were killed, and 4 others were injured.",10,,1768354736
SOM54743,04-January-2026,2026,1,Political violence,Explosions/Remote violence,Remote explosive/landmine/IED,Al Shabaab,,2,Military Forces of Somalia (2022-),Hawiye-Gaaljecel Sub-Clan Militia (Somalia),1,12,,706,Eastern Africa,Somalia,Lower Shabelle,Wanla Weyn,,Yaaq Biri Weyne,2.6295,44.6977,1,REDACTED IN SAMPLE,REDACTED IN SAMPLE,"On 4 January 2026, an IED planted by Al Shabaab exploded, targeting government soldiers (SNA) and Hawiye-Gaaljecel clan militia at a tea shop in Yaaq Biri Weyne village (Wanla Weyn, Lower Shabelle). 3 were killed, including 2 clan militia, a civilian, and 3 were injured. Al Shabaab claimed responsibility.",3,,1768354736
SOM54626,05-January-2026,2026,1,Political violence,Battles,Armed clash,Hawiye-Abgal Sub-Clan Militia (Somalia),,4,Al Shabaab,,2,24,,706,Eastern Africa,Somalia,Middle Shabelle,Adan Yabaal,,Adan Yabaal,3.7742,46.2499,2,REDACTED IN SAMPLE,REDACTED IN SAMPLE,"On 5 January 2026, Hawiye-Abgal sub-clan militia clashed with Al Shabaab in Qaahiro village near Adan Yabaal town (Adan Yabaal, Middle Shabelle). There were no casualties.",0,,1768354736
SOM54627,05-January-2026,2026,1,Political violence,Violence against civilians,Attack,Military Forces of Somalia (2022-),,1,Civilians (Somalia),,7,17,Civilian targeting,706,Eastern Africa,Somalia,Bay,Baydhaba,,Baidoa,3.1172,43.6469,1,REDACTED IN SAMPLE,REDACTED IN SAMPLE,"On 5 January 2026, a government soldier (SNA) shot and injured a civilian in Baidoa town (Baydhaba, Bay). The reason for the attack was due to an unknown dispute.",0,,1768354736
SOM54628,05-January-2026,2026,1,Political violence,Battles,Armed clash,Military Forces of Somalia (2022-) Puntland Dervish Force,,1,Islamic State Somalia Province,,2,12,,706,Eastern Africa,Somalia,Bari,Bossaso,,Balade,11.2761,49.164,2,REDACTED IN SAMPLE,REDACTED IN SAMPLE,"On 5 January 2026, Puntland Dervish Force clashed with Islamic State Somalia Province in Maragade village near Balade village (Bossaso, Bari). There were no casualties.",0,,1769546450
SOM54629,05-January-2026,2026,1,Political violence,Battles,Armed clash,Al Shabaab,,2,Military Forces of Somalia (2022-) Jubaland Security Force,,1,12,,706,Eastern Africa,Somalia,Lower Juba,Jamaame,,Bangeeni,0.05,42.7167,1,REDACTED IN SAMPLE,REDACTED IN SAMPLE,"On 5 January 2026, Al Shabaab clashed with Jubaland security forces in the vicinity of Bangeeni village (Jamaame, Lower Juba). There were no casualties.",0,,1768354736
SOM54630,05-January-2026,2026,1,Political violence,Explosions/Remote violence,Air/drone strike,Unidentified Military Forces,Military Forces of Somalia (2022-),8,Al Shabaab,,2,28,,706,Eastern Africa,Somalia,Gedo,Baardheere,,Bardera,2.3385,42.2843,2,REDACTED IN SAMPLE,REDACTED IN SAMPLE,"On 5 January 2026, overnight, international forces (coded as Unidentified Military Forces) and government security forces (SNA) launched an airstrike against Al Shabaab position in Ceel-Cilaan village near Bardera town (Baardheere, Gedo). 5 militants were killed.",5,,1768354736
SOM54631,05-January-2026,2026,1,Strategic developments,Strategic developments,Change to group/activity,Military Forces of Somaliland (2024-),,1,,,0,10,,706,Eastern Africa,Somalia,Awdal,Borama,,Borama,9.9387,43.1839,1,REDACTED IN SAMPLE,REDACTED IN SAMPLE,"Movement of forces: On 5 January 2026, the Somaliland deployed several troops in Borama town (Borama, Awdal) amid the planned region-wide protests demanding the release of people arrested in last month's protest (coded separately).",0,,1768354736
SOM54632,05-January-2026,2026,1,Political violence,Battles,Armed clash,Hawiye-Habar Gedir-Saleban Sub-Clan Militia (Somalia),,4,Al Shabaab,,2,24,,706,Eastern Africa,Somalia,Galgaduud,Cadaado,,Cada Kibir,5.8958,46.9125,1,REDACTED IN SAMPLE,REDACTED IN SAMPLE,"On 5 January 2026, Hawiye-Habar Gedir-Saleban sub-clan militia clashed with Al Shabaab in Odin area, on the outskirts of Cada Kibir village (Cadaado, Galgaduud). The motive of the clash was due to an unknown dispute. Casualties unknown.",0,,1768354736
SOM54633,05-January-2026,2026,1,Demonstrations,Protests,Peaceful protest,Protesters (Somalia),,6,,,0,60,,706,Eastern Africa,Somalia,Woqooyi Galbeed,Hargeysa,,Hargeysa,9.5598,44.0668,1,REDACTED IN SAMPLE,REDACTED IN SAMPLE,"On 5 January 2026, locals, including youths, protested in Hargeysa town (Hargeysa, Woqooyi Galbeed), demanding that the administration deport tourists and journalists from Israel.",0,crowd size=no report,1772496257
SOM54634,05-January-2026,2026,1,Political violence,Battles,Armed clash,Military Forces of Somalia (2022-),,1,Al Shabaab,,2,12,,706,Eastern Africa,Somalia,Middle Shabelle,Balcad,,Jameeco Misra,2.5721,45.4953,1,REDACTED IN SAMPLE,REDACTED IN SAMPLE,"On 5 January 2026, government security forces (SNA) clashed with Al Shabaab in Jameeco Misra village (Balcad, Middle Shabelle). Unspecified Al Shabaab members were injured.",0,,1768354736
SOM54635,05-January-2026,2026,1,Political violence,Explosions/Remote violence,Remote explosive/landmine/IED,Al Shabaab,,2,Military Forces of Somalia (2022-),,1,12,,706,Eastern Africa,Somalia,Lower Shabelle,Afgooye,,K60,1.9243,44.9231,1,REDACTED IN SAMPLE,REDACTED IN SAMPLE,"On 5 January 2026, an IED planted by Al Shabaab exploded, targeting a government security forces (SNA) convoy in the vicinity of K60 village (Afgooye, Lower Shabelle). 1 vehicle was damaged. 2 soldiers were injured. Al Shabaab claimed responsibility.",0,,1768354736
SOM54636,05-January-2026,2026,1,Political violence,Battles,Armed clash,Al Shabaab,,2,Military Forces of Somalia (2022-) Jubaland Security Force,,1,12,,706,Eastern Africa,Somalia,Lower Juba,Jamaame,,Kobon,0.0356,42.7091,1,REDACTED IN SAMPLE,REDACTED IN SAMPLE,"On 5 January 2026, Al Shabaab clashed with Jubaland security forces in the vicinity of Kobon village (Jamaame, Lower Juba). There were no casualties.",0,,1768354736
SOM54637,05-January-2026,2026,1,Political violence,Battles,Armed clash,Al Shabaab,,2,Military Forces of Somalia (2022-) Jubaland Security Force,,1,12,,706,Eastern Africa,Somalia,Lower Juba,Jamaame,,Mana Moofi,0.0854,42.7123,2,REDACTED IN SAMPLE,REDACTED IN SAMPLE,"On 5 January 2026, Al Shabaab clashed with Jubaland security forces convoy near Mana Moofi village (Jamaame, Lower Juba). There were no casualties.",0,,1768354736
SOM54638,05-January-2026,2026,1,Political violence,Battles,Armed clash,Hawiye-Abgal Sub-Clan Militia (Somalia),,4,Al Shabaab,,2,24,,706,Eastern Africa,Somalia,Middle Shabelle,Jowhar,,Qoor-Dheere,2.7819,45.8151,1,REDACTED IN SAMPLE,REDACTED IN SAMPLE,"On 5 January 2026, Hawiye-Abgal sub-clan militia clashed with Al Shabaab in Qoor-Dheere village (Jowhar, Middle Shabelle). There were no casualties.",0,,1768354736
SOM54639,05-January-2026,2026,1,Political violence,Battles,Armed clash,Hawiye-Abgal Sub-Clan Militia (Somalia),,4,Al Shabaab,,2,24,,706,Eastern Africa,Somalia,Middle Shabelle,Adan Yabaal,,Xararey,3.811,46.44,1,REDACTED IN SAMPLE,REDACTED IN SAMPLE,"On 5 January 2026, Hawiye-Abgal sub-clan militia clashed with Al Shabaab in Xararey village (Adan Yabaal, Middle Shabelle). There were no casualties.",0,,1768354736
SOM54640,05-January-2026,2026,1,Political violence,Explosions/Remote violence,Remote explosive/landmine/IED,Al Shabaab,,2,Military Forces of Somalia (2022-),Hawiye-Abgal Sub-Clan Militia (Somalia),1,12,,706,Eastern Africa,Somalia,Middle Shabelle,Balcad,,Xawaadleey,2.5826,45.4894,2,REDACTED IN SAMPLE,REDACTED IN SAMPLE,"On 5 January 2026, an IED planted by Al Shabaab exploded, targeting government security forces (SNA) and Hawiye-Abgal sub-clan militia convoy between Jameeco and Xawaadleey village (Balcad, Middle Shabelle). Unspecified number of soldiers were injured.",0,,1768354736
SOM54697,05-January-2026,2026,1,Demonstrations,Protests,Peaceful protest,Protesters (Somalia),,6,,,0,60,,706,Eastern Africa,Somalia,Awdal,Borama,,Borama,9.9387,43.1839,1,REDACTED IN SAMPLE,REDACTED IN SAMPLE,"On 5 January 2026, residents protested in Borama town (Borama, Awdal), demanding the release of people arrested in last month's protest (coded separately).",0,crowd size=no report,1768354736
SOM54698,05-January-2026,2026,1,Demonstrations,Protests,Peaceful protest,Protesters (Somalia),,6,,,0,60,,706,Eastern Africa,Somalia,Awdal,Zeylac,,Saylac,11.3539,43.4731,1,REDACTED IN SAMPLE,REDACTED IN SAMPLE,"On 5 January 2026, residents protested in Saylac town (Zeylac, Awdal), demanding the release of people arrested in last month's protest (coded separately).",0,crowd size=no report,1768354736
SOM54744,05-January-2026,2026,1,Political violence,Battles,Armed clash,Hawiye-Abgal Sub-Clan Militia (Somalia),,4,Al Shabaab,,2,24,,706,Eastern Africa,Somalia,Middle Shabelle,Adan Yabaal,,Maxamed Saciid,3.3417,46.6015,1,REDACTED IN SAMPLE,REDACTED IN SAMPLE,"On 5 January 2026, Hawiye-Abgal sub-clan militia clashed with Al Shabaab in the vicinity of Maxamed Saciid village (Adan Yabaal, Middle Juba). 3 Al Shabaab militants, including a senior member, were killed.",3,,1769546450
SOM54641,06-January-2026,2026,1,Political violence,Battles,Armed clash,Al Shabaab,,2,Police Forces of Somalia (2022-) Southwest Special Police Forces,,1,12,,706,Eastern Africa,Somalia,Bay,Baydhaba,,Baidoa,3.1172,43.6469,1,REDACTED IN SAMPLE,REDACTED IN SAMPLE,"On 6 January 2026, Al Shabaab clashed with Southwest Special Police Forces (SWSPF) at a checkpoint in Buulo-jameeco neighborhood in Baidoa town (Baydhaba, Bay). Al Shabaab claimed to have killed 4 officers, and 6 others were injured.",4,,1768354736
SOM54642,06-January-2026,2026,1,Political violence,Violence against civilians,Attack,Military Forces of Somalia (2022-),,1,Civilians (Somalia),,7,17,Civilian targeting,706,Eastern Africa,Somalia,Hiraan,Belet Weyne,,Belet Weyne,4.736,45.2043,1,REDACTED IN SAMPLE,REDACTED IN SAMPLE,"On 6 January 2026, a government soldier (SNA) shot and killed a civilian at a checkpoint in Buundaweyn neighborhood in Belet Weyne town (Belet Weyne, Hiraan). The individual was driving a private vehicle when checkpoint personnel attempted to stop him for routine screening. The civilian failed to comply with the instructions.",1,,1768354736
SOM54643,06-January-2026,2026,1,Political violence,Battles,Armed clash,Al Shabaab,,2,Police Forces of Somalia (2022-) Southwest Special Police Forces,,1,12,,706,Eastern Africa,Somalia,Bay,Baydhaba,,Carah Guduud,3.1138,43.5853,1,REDACTED IN SAMPLE,REDACTED IN SAMPLE,"On 6 January 2026, Al Shabaab clashed with Southwest Special Police Forces (SWSPF) at a checkpoint in Carah Guduud village (Baydhaba, Bay). There were no casualties.",0,,1768354736
SOM54644,06-January-2026,2026,1,Political violence,Explosions/Remote violence,Remote explosive/landmine/IED,Al Shabaab,,2,Police Forces of Somalia (2022-) Southwest Special Police Forces,,1,12,,706,Eastern Africa,Somalia,Bay,Baydhaba,,Carah Guduud,3.1138,43.5853,2,REDACTED IN SAMPLE,REDACTED IN SAMPLE,"On 6 January 2026, an IED planted by Al Shabaab exploded, targeting Southwest Special Police Forces (SWSPF) convoy near Carah Guduud village (Baydhaba, Bay). Casualties unknown.",0,,1768354736
SOM54645,06-January-2026,2026,1,Strategic developments,Strategic developments,Agreement,Al Shabaab,,2,Hawiye-Abgal-Wacaysle Sub-Clan Militia (Somalia),,4,24,,706,Eastern Africa,Somalia,Galgaduud,Ceel Buur,,Ceel Buur,4.6815,46.6234,1,REDACTED IN SAMPLE,REDACTED IN SAMPLE,"On 6 January 2026, Al Shabaab held talks with the Abgal Waceysle sub-clan in Ceel Buur town (Ceel Buur, Galgaduud) after the militants targeted civilians in the Middle Shabelle region (coded separately). The content of the agreement was not disclosed.",0,,1768354736
SOM54646,06-January-2026,2026,1,Strategic developments,Strategic developments,Agreement,Hawiye-Murusade Sub-Clan Militia (Somalia),,4,Hawiye-Abgal-Wacaysle Sub-Clan Militia (Somalia),,4,44,,706,Eastern Africa,Somalia,Galgaduud,Ceel Buur,,Ceel Buur,4.6815,46.6234,2,REDACTED IN SAMPLE,REDACTED IN SAMPLE,"On 6 January 2026, Al Shabaab organized a peace meeting between Hawiye-Murusade and Hawiye-Abgal-Wacaysle sub-clan militias in Meersisi village near Ceel Buur town (Ceel Buur, Galgaduud). The content of the agreement was not disclosed.",0,,1768354736
SOM54647,06-January-2026,2026,1,Strategic developments,Strategic developments,Change to group/activity,Islamic State Somalia Province,,2,,,0,20,,706,Eastern Africa,Somalia,Bari,Qandala,,Dhaadaar,11.128,49.8755,2,REDACTED IN SAMPLE,REDACTED IN SAMPLE,"Movement of forces: On 6 January 2026, Islamic State Somalia Province were seen gathering between Dasaan and Dhaadaar village (Qandala, Bari). The fighters were patrolling the movement of Puntland forces.",0,,1768354736
SOM54648,06-January-2026,2026,1,Political violence,Violence against civilians,Attack,Rahanweyn-Digil-Dabarre Sub-Clan Militia (Somalia),,4,Civilians (Somalia),Rahanweyn-Digil-Geledle Sub-Clan Group (Somalia),7,47,Civilian targeting,706,Eastern Africa,Somalia,Bay,Diinsoor,,Diinsoor,2.4074,42.9766,1,REDACTED IN SAMPLE,REDACTED IN SAMPLE,"On 6 January 2026, Rahanweyn-Digil-Dabarre sub-clan militia shot and killed a civilian businessman from Rahanweyn-Digil-Geledle sub-clan in Diinsoor town (Diinsoor, Bay). The motive was due to a clan dispute.",1,,1768354736
SOM54649,06-January-2026,2026,1,Political violence,Battles,Government regains territory,Military Forces of Somalia (2022-),Military Forces of Somalia (2022-) National Intelligence and Security Agency,1,Al Shabaab,,2,12,,706,Eastern Africa,Somalia,Lower Shabelle,Marka,,Jilib-Marca,1.7977,44.9076,1,REDACTED IN SAMPLE,REDACTED IN SAMPLE,"On 6 January 2026, government security forces (SNA and NISA) clashed with Al Shabaab in Jilib-Marca village (Marka, Lower Shabelle). The security forces took control over the village (initial takeover by AS unclear). Casualties unknown.",0,,1768354736
SOM54650,06-January-2026,2026,1,Demonstrations,Riots,Violent demonstration,Rioters (Somalia),,5,Police Forces of Somalia (2022-),,1,15,,706,Eastern Africa,Somalia,Banadir,Banadir,,Mogadishu - Daynile,2.0576,45.2853,1,REDACTED IN SAMPLE,REDACTED IN SAMPLE,"On 6 January 2026, residents demonstrated in the War-Laliska neighborhood in Mogadishu - Daynile (Banadir) against the order to vacate the land within 30 minutes. The police from the Banadir Region, accompanied by tractors, attempted to demolish houses in the area. Rioters threw stones at police. The police opened fire on unarmed residents. 3 - 10 demonstrators were killed, and 5 others were injured. Police denied any fatalities on the occasion. Fatalities coded as 3.",3,crowd size=no report,1768354736
SOM54651,06-January-2026,2026,1,Political violence,Riots,Mob violence,Rioters (Somalia),Vigilante Group (Somalia),5,Civilians (Somalia),,7,57,Civilian targeting,706,Eastern Africa,Somalia,Banadir,Banadir,,Mogadishu - Karan,2.0652,45.39,1,REDACTED IN SAMPLE,REDACTED IN SAMPLE,"On 6 January 2026, a mob attacked and injured two youths from the gang 'Ciyal Wero' in Mogadishu - Karan (Banadir), accused of stealing and stabbing civilians in the area.",0,crowd size=no report,1768354736
SOM54652,06-January-2026,2026,1,Political violence,Battles,Armed clash,Military Forces of Somalia (2022-),,1,Military Forces of Somalia (2022-),,1,11,,706,Eastern Africa,Somalia,Banadir,Banadir,,Mogadishu - Wadajir,2.0462,45.3341,1,REDACTED IN SAMPLE,REDACTED IN SAMPLE,"On 6 January 2026, 2 groups of government security forces (SNA) clashed in Kaawo Godeey neighborhood Mogadishu - Wadajir (Banadir). The motive of the clash is unknown. 2 soldiers were injured.",0,,1768354736
SOM54653,06-January-2026,2026,1,Political violence,Battles,Armed clash,Al Shabaab,,2,Hawiye-Hawadle Sub-Clan Militia (Somalia),,4,24,,706,Eastern Africa,Somalia,Hiraan,Jalalaqsi,,Tarda,3.5676,45.9656,2,REDACTED IN SAMPLE,REDACTED IN SAMPLE,"On 6 January 2026, Al Shabaab clashed with Hawiye-Hawadle sub-clan militia near Tarda village (Jalalaqsi, Hiraan). There were no casualties.",0,,1768354736
SOM54654,06-January-2026,2026,1,Strategic developments,Strategic developments,Change to group/activity,Islamic State Somalia Province,,2,,,0,20,,706,Eastern Africa,Somalia,Bari,Bossaso,,Tasjiic,10.8623,49.4576,1,REDACTED IN SAMPLE,REDACTED IN SAMPLE,"Movement of forces: On 6 January 2026, Islamic State Somalia Province arrived in the forested areas of Tasjiic village (Bossaso, Bari).",0,,1768354736
SOM54655,06-January-2026,2026,1,Political violence,Battles,Armed clash,Hawiye-Habar Gedir-Sacad Sub-Clan Militia (Somalia),,4,Darod-Leelkayse Sub-Clan Militia (Somalia),,4,44,,706,Eastern Africa,Somalia,Mudug,Gaalkacyo,,Teerage,6.8598,47.3054,2,REDACTED IN SAMPLE,REDACTED IN SAMPLE,"On 6 January 2026, Hawiye-Habar Gedir-Sacad sub-clan militia and Darod-Leelkayse sub-clan militia clashed near Teerage village (Gaalkacyo, Mudug). The motive was due to clan revenge. 3 people were killed, and 2 others were injured.",3,,1768354736
SOM54656,06-January-2026,2026,1,Strategic developments,Strategic developments,Change to group/activity,Islamic State Somalia Province,,2,,,0,20,,706,Eastern Africa,Somalia,Bari,Bossaso,,Xabley,10.723,49.4906,1,REDACTED IN SAMPLE,REDACTED IN SAMPLE,"Movement of forces: On 6 January 2026, Islamic State Somalia Province arrived in the forested areas of Xabley village (Bossaso, Bari).",0,,1776191110
SOM54692,06-January-2026,2026,1,Demonstrations,Protests,Peaceful protest,Protesters (Somalia),Al Shabaab,6,,,0,60,,706,Eastern Africa,Somalia,Hiraan,Bulo Burto,,Buqda Caqable,4.0601,45.2577,1,REDACTED IN SAMPLE,REDACTED IN SAMPLE,"On 6 January 2026, residents protested in Buqda Caqable village (Bulo Burto, Hiraan) against Israel's recognition of Somaliland as an independent country. Al Shabaab organized the protest.",0,crowd size=no report,1768354736
SOM54693,06-January-2026,2026,1,Demonstrations,Protests,Peaceful protest,Protesters (Somalia),Al Shabaab,6,,,0,60,,706,Eastern Africa,Somalia,Hiraan,Jalalaqsi,,Shaw,3.4166,45.4085,1,REDACTED IN SAMPLE,REDACTED IN SAMPLE,"On 6 January 2026, residents protested in Shaw village (Jalalaqsi, Hiraan) against Israel's recognition of Somaliland as an independent country. Al Shabaab organized the protest.",0,crowd size=no report,1768354736
SOM54657,07-January-2026,2026,1,Political violence,Explosions/Remote violence,Grenade,Al Shabaab,,2,Military Forces of Somalia (2022-) National Intelligence and Security Agency,,1,12,,706,Eastern Africa,Somalia,Bay,Baydhaba,,Baidoa,3.1172,43.6469,1,REDACTED IN SAMPLE,REDACTED IN SAMPLE,"On 7 January 2026, overnight, Al Shabaab threw a hand grenade targeting government security forces (NISA) in Berdale neighborhood in Baidoa town (Baydhaba, Bay). There were no casualties. Al Shabaab claimed responsibility.",0,,1768354736
SOM54658,07-January-2026,2026,1,Political violence,Explosions/Remote violence,Remote explosive/landmine/IED,Al Shabaab,,2,Civilians (Somalia),Military Forces of Somalia (2022-); Police Forces of Somalia (2022-),7,27,Civilian targeting,706,Eastern Africa,Somalia,Hiraan,Belet Weyne,,Belet Weyne,4.736,45.2043,1,REDACTED IN SAMPLE,REDACTED IN SAMPLE,"On 7 January 2026, an IED planted by Al Shabaab exploded, targeting the residence of police officers and a government soldier (SNA) in Buundaweyn neighborhood in Belet Weyne town (Belet Weyne, Hiraan). The explosion damaged the main gate and injured a civilian. Al Shabaab claimed responsibility.",0,,1768354736
SOM54659,07-January-2026,2026,1,Political violence,Battles,Armed clash,Police Forces of Somalia (2022-) Puntland Police Force,,1,Police Forces of Somalia (2022-) Puntland Police Force,,1,11,,706,Eastern Africa,Somalia,Bari,Bossaso,,Bosaso,11.2842,49.1816,1,REDACTED IN SAMPLE,REDACTED IN SAMPLE,"On 7 January 2026, two units of Pultland police forces clashed in Bosaso town (Bossaso, Bari). They were conducting security operations targeting 'youth gangs' or Ciyal Werro. Casualties unknown.",0,,1769546450
SOM54660,07-January-2026,2026,1,Demonstrations,Protests,Peaceful protest,Protesters (Somalia),Al Shabaab,6,,,0,60,,706,Eastern Africa,Somalia,Middle Juba,Bu'aale,,Buaale,1.2448,42.5732,1,REDACTED IN SAMPLE,REDACTED IN SAMPLE,"On 7 January 2026, residents protested in Buaale town (Bu'aale, Middle Juba), condemning the US, Jubaland security forces, and government security forces (Danab) for targeting civilians in Hargeysa Yarey. Al Shabaab organized the protest.",0,crowd size=no report,1768354736
SOM54661,07-January-2026,2026,1,Demonstrations,Protests,Peaceful protest,Protesters (Somalia),Al Shabaab,6,,,0,60,,706,Eastern Africa,Somalia,Bay,Buur Hakaba,,Buulo Fulaay,2.1106,43.5233,1,REDACTED IN SAMPLE,REDACTED IN SAMPLE,"On 7 January 2026, residents protested in Buulo Fulaay town (Buur Hakaba, Bay), condemning the US, Jubaland security forces, and government security forces (Danab) for targeting civilians in Hargeysa Yarey. Al Shabaab organized the protest.",0,crowd size=no report,1768354736
SOM54662,07-January-2026,2026,1,Political violence,Battles,Armed clash,Military Forces of Somalia (2022-) Puntland Dervish Force,,1,Islamic State Somalia Province,,2,12,,706,Eastern Africa,Somalia,Bari,Qandala,,Buuraha Cali Miskat,10.8548,49.7434,1,REDACTED IN SAMPLE,REDACTED IN SAMPLE,"On 7 January 2026, Puntland Dervish Force clashed with Islamic State Somalia Province in Buraha Tafaya in Buuraha Cali Miskat (Qandala, Bari). There were no casualties.",0,,1776191110
SOM54663,07-January-2026,2026,1,Political violence,Explosions/Remote violence,Shelling/artillery/missile attack,Islamic State Somalia Province,,2,Military Forces of Somalia (2022-) Puntland Dervish Force,,1,12,,706,Eastern Africa,Somalia,Bari,Qandala,,Dhaadaar,11.128,49.8755,1,REDACTED IN SAMPLE,REDACTED IN SAMPLE,"On 7 January 2026, Islamic State Somalia Province fired shells at a military base in Dhaadaar village (Qandala, Bari). Casualties unknown.",0,,1768354736
SOM54664,07-January-2026,2026,1,Demonstrations,Protests,Peaceful protest,Protesters (Somalia),Al Shabaab,6,,,0,60,,706,Eastern Africa,Somalia,Lower Juba,Jamaame,,Jamaame,0.0692,42.7382,1,REDACTED IN SAMPLE,REDACTED IN SAMPLE,"On 7 January 2026, residents protested in Jamaame town (Jamaame, Lower Juba), condemning the US, Jubaland security forces, and government security forces (Danab) for targeting civilians in Hargeysa Yarey. Al Shabaab organized the protest.",0,crowd size=no report,1768354736
SOM54665,07-January-2026,2026,1,Demonstrations,Protests,Peaceful protest,Protesters (Somalia),Al Shabaab,6,,,0,60,,706,Eastern Africa,Somalia,Bay,Baydhaba,,Labatan Jirow,3.5392,43.7579,1,REDACTED IN SAMPLE,REDACTED IN SAMPLE,"On 7 January 2026, residents protested in Labatan Jirow village (Baydhaba, Bay), condemning the US, Jubaland security forces, and government security forces (Danab) for targeting civilians in Hargeysa Yarey. Al Shabaab organized the protest.",0,crowd size=no report,1768354736
SOM54666,07-January-2026,2026,1,Demonstrations,Protests,Peaceful protest,Protesters (Somalia),Al Shabaab,6,,,0,60,,706,Eastern Africa,Somalia,Middle Juba,Saakow,,Saakow,1.6394,42.4522,1,REDACTED IN SAMPLE,REDACTED IN SAMPLE,"On 7 January 2026, residents protested in Saakow town (Saakow, Middle Juba), condemning the US, Jubaland security forces, and government security forces (Danab) for targeting civilians in Hargeysa Yarey. Al Shabaab organized the protest.",0,crowd size=no report,1768354736
SOM54667,07-January-2026,2026,1,Demonstrations,Protests,Peaceful protest,Protesters (Somalia),Al Shabaab,6,,,0,60,,706,Eastern Africa,Somalia,Middle Juba,Saakow,,Salagle,1.81,42.2899,1,REDACTED IN SAMPLE,REDACTED IN SAMPLE,"On 7 January 2026, residents protested in Salagle town (Saakow, Middle Juba), condemning the US, Jubaland security forces, and government security forces (Danab) for targeting civilians in Hargeysa Yarey. Al Shabaab organized the protest.",0,crowd size=no report,1768354736
SOM54668,07-January-2026,2026,1,Demonstrations,Protests,Peaceful protest,Protesters (Somalia),Al Shabaab,6,,,0,60,,706,Eastern Africa,Somalia,Bakool,Tayeeglow,,Tayeeglow,4.0182,44.5127,1,REDACTED IN SAMPLE,REDACTED IN SAMPLE,"On 7 January 2026, residents protested in Tayeeglow town (Tayeeglow, Bakool), condemning the US, Jubaland security forces, and government security forces (Danab) for targeting civilians in Hargeysa Yarey. Al Shabaab organized the protest.",0,crowd size=no report,1768354736
SOM54669,07-January-2026,2026,1,Demonstrations,Protests,Peaceful protest,Protesters (Somalia),Al Shabaab,6,,,0,60,,706,Eastern Africa,Somalia,Lower Juba,Jamaame,,Turdho,-0.1379,42.7146,1,REDACTED IN SAMPLE,REDACTED IN SAMPLE,"On 7 January 2026, residents protested in Turdho village (Jamaame, Lower Juba), condemning the US, Jubaland security forces, and government security forces (Danab) for targeting civilians in Hargeysa Yarey. Al Shabaab organized the protest.",0,crowd size=no report,1776191110
SOM54670,07-January-2026,2026,1,Political violence,Explosions/Remote violence,Remote explosive/landmine/IED,Al Shabaab,,2,Civilians (Somalia),Labor Group (Somalia),7,27,Civilian targeting,706,Eastern Africa,Somalia,Hiraan,Belet Weyne,,Waabweyn,4.6865,45.5903,1,REDACTED IN SAMPLE,REDACTED IN SAMPLE,"On 7 January 2026, an IED planted by Al Shabaab exploded, targeting a mini truck transporting mango fruit from Bullo-Burte in Waabweyn village (Belet Weyne, Hiraan). 2 civilians were injured.",0,,1768354736
SOM54671,07-January-2026,2026,1,Demonstrations,Protests,Peaceful protest,Protesters (Somalia),Al Shabaab,6,,,0,60,,706,Eastern Africa,Somalia,Lower Juba,Badhaadhe,,Wadajir,-0.7334,41.6643,1,REDACTED IN SAMPLE,REDACTED IN SAMPLE,"On 7 January 2026, residents protested in Wadajir village (Badhaadhe, Lower Juba), condemning the US, Jubaland security forces, and government security forces (Danab) for targeting civilians in Hargeysa Yarey. Al Shabaab organized the protest.",0,crowd size=no report,1768354736
SOM54694,07-January-2026,2026,1,Demonstrations,Protests,Peaceful protest,Protesters (Somalia),Muslim Group (Somalia),6,,,0,60,,706,Eastern Africa,Somalia,Banadir,Banadir,,Mogadishu - Bondhere,2.0456,45.34,1,REDACTED IN SAMPLE,REDACTED IN SAMPLE,"On 7 January 2026, hundreds of residents, including religious scholars, protested at the Daljirka Dahsoon neighborhood in Mogadishu - Bondhere (Banadir) against Israel's recognition of Somaliland as an independent state.",0,crowd size=hundreds,1768354736
SOM54672,08-January-2026,2026,1,Strategic developments,Strategic developments,Change to group/activity,Al Shabaab,,2,,,0,20,,706,Eastern Africa,Somalia,Lower Juba,Kismaayo,,Abdi-Dhore,-0.3257,42.2799,1,REDACTED IN SAMPLE,REDACTED IN SAMPLE,"Movement of forces: On 8 January 2026, Al Shabaab arrived at Abdi-Dhore village (Kismaayo, Lower Juba).",0,,1768354736
SOM54673,08-January-2026,2026,1,Demonstrations,Protests,Peaceful protest,Protesters (Somalia),,6,,,0,60,,706,Eastern Africa,Somalia,Bari,Bossaso,,Bosaso,11.2842,49.1816,1,REDACTED IN SAMPLE,REDACTED IN SAMPLE,"On 8 January 2026, a group of youths protested in Bosaso town (Bossaso, Bari) against the increased rate of insecurity.",0,crowd size=no report,1769546450
SOM54674,08-January-2026,2026,1,Strategic developments,Strategic developments,Change to group/activity,Al Shabaab,,2,,,0,20,,706,Eastern Africa,Somalia,Lower Shabelle,Qoryooley,,Busley Da'Ud,1.8536,44.7452,1,REDACTED IN SAMPLE,REDACTED IN SAMPLE,"Movement of forces: On 8 January 2026, Al Shabaab regrouped on the outskirts of Busley Da'Ud village (Qoryooley, Lower Shabelle).",0,,1768354736
SOM54675,08-January-2026,2026,1,Political violence,Battles,Armed clash,Military Forces of Somalia (2022-) Puntland Dervish Force,,1,Islamic State Somalia Province,,2,12,,706,Eastern Africa,Somalia,Bari,Qandala,,Buuraha Cali Miskat,10.8548,49.7434,1,REDACTED IN SAMPLE,REDACTED IN SAMPLE,"On 8 January 2026, Puntland Dervish Force clashed with Islamic State Somalia Province in Buuraha Cali Miskat (Qandala, Bari). There were no casualties.",0,,1776191110
SOM54676,08-January-2026,2026,1,Political violence,Battles,Armed clash,Military Forces of Somalia (2022-) Puntland Dervish Force,,1,Islamic State Somalia Province,,2,12,,706,Eastern Africa,Somalia,Bari,Qandala,,Gaatir-Oodan,11.0295,49.9414,1,REDACTED IN SAMPLE,REDACTED IN SAMPLE,"On 8 January 2026, Puntland Dervish Forces clashed with Islamic State Somalia Province on the outskirts of Gaatir-Oodan village (Qandala, Bari). There were no casualties.",0,,1768354736
SOM54677,08-January-2026,2026,1,Political violence; Demonstrations,Protests,Excessive force against protesters,Protesters (Somalia),Taxi Drivers (Somalia),6,Police Forces of Somalia (2022-) Galmudug Police Force,,1,16,Civilian targeting,706,Eastern Africa,Somalia,Galgaduud,Dhuusamarreeb,,Guri-Ceel,5.3083,45.8774,1,REDACTED IN SAMPLE,REDACTED IN SAMPLE,"On 8 January 2026, tuk-tuk drivers protested in Guri-Ceel town (Dhuusamarreeb, Galgaduud) over new taxes imposed by the local administration. The Galmudug police forces opened fire on the drivers, beat and injured some of them, and arrested an unknown number of people.",0,crowd size=no report,1768354736
SOM54678,08-January-2026,2026,1,Political violence,Explosions/Remote violence,Shelling/artillery/missile attack,Military Forces of Somalia (2022-),,1,Al Shabaab,,2,12,,706,Eastern Africa,Somalia,Lower Shabelle,Qoryooley,,Haduuman,1.7632,44.5644,1,REDACTED IN SAMPLE,REDACTED IN SAMPLE,"On 8 January 2026, government security forces (SNA) fired shells in the Al Shabaab area in Haduuman village (Qoryooley, Lower Shabelle). Casualties unknown.",0,,1768354736
SOM54679,08-January-2026,2026,1,Strategic developments,Strategic developments,Change to group/activity,Al Shabaab,,2,,,0,20,,706,Eastern Africa,Somalia,Lower Shabelle,Marka,,Jilib-Marca,1.7977,44.9076,1,REDACTED IN SAMPLE,REDACTED IN SAMPLE,"Movement of forces: On 8 January 2026, Al Shabaab regrouped on the outskirts of the Jilib-Marca village (Marka, Lower Shabelle).",0,,1768354736
SOM54680,08-January-2026,2026,1,Political violence,Battles,Armed clash,Military Forces of Somalia (2022-),Hawiye-Abgal Sub-Clan Militia (Somalia),1,Al Shabaab,,2,12,,706,Eastern Africa,Somalia,Middle Shabelle,Cadale,,Masjid Cali Gaduud,3.1808,46.4354,1,REDACTED IN SAMPLE,REDACTED IN SAMPLE,"On 8 January 2026, government security forces (SNA) and Hawiye Abgal clan militia clashed with Al Shabaab in Masjid Cali Gaduud village (Cadale, Middle Shabelle). There were no casualties.",0,,1768354736
SOM54681,08-January-2026,2026,1,Strategic developments,Strategic developments,Change to group/activity,Military Forces of Somalia (2022-),,1,,,0,10,,706,Eastern Africa,Somalia,Hiraan,Belet Weyne,,Matabaan,5.1994,45.5252,1,REDACTED IN SAMPLE,REDACTED IN SAMPLE,"Movement of forces: On 8 January 2026, several government security forces (SNA) were mobilized and deployed in Matabaan town (Belet Weyne, Hiraan).",0,,1768354736
SOM54682,08-January-2026,2026,1,Political violence,Battles,Armed clash,Al Shabaab,,2,Military Forces of Somalia (2022-),,1,12,,706,Eastern Africa,Somalia,Banadir,Banadir,,Mogadishu - Daynile,2.0576,45.2853,1,REDACTED IN SAMPLE,REDACTED IN SAMPLE,"On 8 January 2026, overnight, Al Shabaab clashed with government security forces (SNA) at a checkpoint in Barwaaqo neighborhood in Mogadishu - Daynile (Banadir), after the militants threw a hand grenade. Al Shabaab claimed to have injured soldiers.",0,,1768354736
SOM54683,08-January-2026,2026,1,Political violence,Battles,Armed clash,Military Forces of Somalia (2022-) Puntland Dervish Force,,1,Islamic State Somalia Province,,2,12,,706,Eastern Africa,Somalia,Bari,Qandala,,Qandala,11.471,49.8726,1,REDACTED IN SAMPLE,REDACTED IN SAMPLE,"On 8 January 2026, Puntland dervish forces clashed with Islamic State Somalia Province near Dambamale area in Qandala town (Qandala, Bari). There were no casualties.",0,,1768354736
SOM54684,08-January-2026,2026,1,Political violence,Battles,Armed clash,Al Shabaab,,2,Military Forces of Somalia (2022-),,1,12,,706,Eastern Africa,Somalia,Lower Shabelle,Qoryooley,,Qoryooley,1.7878,44.53,1,REDACTED IN SAMPLE,REDACTED IN SAMPLE,"On 8 January 2026, Al Shabaab clashed with government security forces (SNA) in Qoryooley town (Qoryooley, Lower Shabelle). There were no casualties.",0,,1768354736
SOM54685,08-January-2026,2026,1,Political violence,Explosions/Remote violence,Air/drone strike,Unidentified Military Forces,Military Forces of Somalia (2022-) Special Forces,8,Al Shabaab,,2,28,,706,Eastern Africa,Somalia,Middle Juba,Saakow,,Saakow,1.6394,42.4522,1,REDACTED IN SAMPLE,REDACTED IN SAMPLE,"On 8 January 2026, US forces, in coordination with government security forces (Danab) launched an airstrike against Al Shabaab positions in Saakow town (Saakow, Middle Shabelle). 18 militants were killed.",18,,1768354736
SOM54686,08-January-2026,2026,1,Political violence,Battles,Armed clash,Military Forces of Somalia (2022-),Hawiye-Abgal Sub-Clan Militia (Somalia),1,Al Shabaab,,2,12,,706,Eastern Africa,Somalia,Middle Shabelle,Cadale,,Tawakal,3.4539,46.1218,1,REDACTED IN SAMPLE,REDACTED IN SAMPLE,"On 8 January 2026, government security forces (SNA) and Hawiye Abgal clan militia clashed with Al Shabaab in Tawakal village (Cadale, Middle Shabelle). There were no casualties.",0,,1776191110
SOM54687,08-January-2026,2026,1,Political violence,Battles,Armed clash,Military Forces of Somalia (2022-),Hawiye-Abgal Sub-Clan Militia (Somalia),1,Al Shabaab,,2,12,,706,Eastern Africa,Somalia,Middle Shabelle,Jowhar,,Towfiiq,2.7565,45.6466,1,REDACTED IN SAMPLE,REDACTED IN SAMPLE,"On 8 January 2026, government security forces (SNA) and Hawiye Abgal clan militia clashed with Al Shabaab in Towfiiq village (Jowhar, Middle Shabelle). There were no casualties.",0,,1768354736
SOM54695,08-January-2026,2026,1,Demonstrations,Protests,Peaceful protest,Protesters (Somalia),,6,,,0,60,,706,Eastern Africa,Somalia,Banadir,Banadir,,Mogadishu - Hodan,2.0376,45.3058,1,REDACTED IN SAMPLE,REDACTED IN SAMPLE,"On 8 January 2026, residents, including religious scholars, protested in the Talex in Mogadishu - Hodan (Banadir) against Israel's recognition of Somaliland as an independent state.",0,crowd size=no report,1768354736
SOM54745,08-January-2026,2026,1,Political violence,Battles,Armed clash,Al Shabaab,,2,Military Forces of Somalia (2022-),,1,12,,706,Eastern Africa,Somalia,Lower Shabelle,Afgooye,,Awbocow,1.985,45.0018,1,REDACTED IN SAMPLE,REDACTED IN SAMPLE,"On 8 January 2026, Al Shabaab clashed with government security forces (SNA) at a base in Awbocow village (Afgooye, Lower Shabelle). An unspecified number of soldiers were injured.",0,,1769546450
SOM54746,08-January-2026,2026,1,Political violence,Battles,Armed clash,Al Shabaab,,2,Military Forces of Somalia (2022-),,1,12,,706,Eastern Africa,Somalia,Lower Shabelle,Afgooye,,K50,2.0054,44.9872,2,REDACTED IN SAMPLE,REDACTED IN SAMPLE,"On 8 January 2026, Al Shabaab clashed with government security forces (SNA) convoy between Muuri and K50 village (Afgooye, Lower Shabelle). There were no casualties.",0,,1769546450
SOM54747,08-January-2026,2026,1,Strategic developments,Strategic developments,Change to group/activity,Al Shabaab,,2,,,0,20,,706,Eastern Africa,Somalia,Hiraan,Bulo Burto,,Miirqoorey,4.1644,45.686,1,REDACTED IN SAMPLE,REDACTED IN SAMPLE,"Movement of forces: On 8 January 2026, several Al Shabaab arrived in Miirqoorey village (Bulo Burto, Hiraan).",0,,1769546450
SOM54852,08-January-2026,2026,1,Political violence,Violence against civilians,Attack,Military Forces of Somalia (2022-),,1,Civilians (Somalia),,7,17,Civilian targeting,706,Eastern Africa,Somalia,Banadir,Banadir,,Mogadishu - Karan,2.0652,45.39,1,REDACTED IN SAMPLE,REDACTED IN SAMPLE,"On 8 January 2026, a government soldier (SNA) shot and killed a civilian in the Jamahiriya neighborhood in Mogadishu - Karan (Banadir). The boy threw a stone at the house where the soldier was residing.",1,,1768945728
SOM54868,08-January-2026,2026,1,Strategic developments,Strategic developments,Change to group/activity,Al Shabaab,,2,,,0,20,,706,Eastern Africa,Somalia,Hiraan,Belet Weyne,,Tedan,4.3928,46.0881,1,REDACTED IN SAMPLE,REDACTED IN SAMPLE,"Movement of forces: On 8 January 2026, several Al Shabaab arrived in Tedan village (Belet Weyne, Hiraan) and Bukurale village (coded separately).",0,,1769546450
SOM54869,08-January-2026,2026,1,Strategic developments,Strategic developments,Change to group/activity,Al Shabaab,,2,,,0,20,,706,Eastern Africa,Somalia,Hiraan,Jalalaqsi,,Bukurale,3.3167,45.85,1,REDACTED IN SAMPLE,REDACTED IN SAMPLE,"Movement of forces: On 8 January 2026, several Al Shabaab arrived in Bukurale village (Jalalaqsi, Hiraan) and Tedan village (coded separately).",0,,1776191110
SOM54887,08-January-2026,2026,1,Political violence,Explosions/Remote violence,Air/drone strike,Military Forces of the United States (2025-),,8,Islamic State Somalia Province,,2,28,,706,Eastern Africa,Somalia,Bari,Bossaso,,Balade,11.2761,49.164,1,REDACTED IN SAMPLE,REDACTED IN SAMPLE,"On 8 January 2026, US forces conducted airstrikes targeting Islamic State Somalia Province position in the vicinity of the Golis Mountains, in Tooga Balade (Bossaso, Bari). Casualties unknown.",0,,1769546450
SOM54888,08-January-2026,2026,1,Political violence,Explosions/Remote violence,Air/drone strike,Military Forces of the United States (2025-),,8,Al Shabaab,,2,28,,706,Eastern Africa,Somalia,Middle Juba,Saakow,,Saakow,1.6394,42.4522,1,REDACTED IN SAMPLE,REDACTED IN SAMPLE,"On 8 January 2026, US forces conducted airstrikes targeting Al Shabaab position in the vicinity of Saakow town (Saakow, Middle Juba). Casualties unknown.",0,,1768945728
SOM54890,08-January-2026,2026,1,Political violence,Explosions/Remote violence,Air/drone strike,Military Forces of the United States (2025-),,8,Al Shabaab,,2,28,,706,Eastern Africa,Somalia,Bay,Buur Hakaba,,Bur-Heybe,2.9926,44.3073,1,REDACTED IN SAMPLE,REDACTED IN SAMPLE,"On 8 January 2026, US forces conducted airstrikes targeting Al Shabaab position in Bur-Heybe village (Buur Hakaba, Bay). Casualties unknown.",0,,1769546450
SOM54688,09-January-2026,2026,1,Political violence,Explosions/Remote violence,Air/drone strike,Unidentified Military Forces,Military Forces of Somalia (2022-) Special Forces,8,Al Shabaab,,2,28,,706,Eastern Africa,Somalia,Bay,Buur Hakaba,,Buur Ellaadhe,2.4442,43.5382,1,REDACTED IN SAMPLE,REDACTED IN SAMPLE,"On 9 January 2026, international forces (coded as Unidentified Military Forces) and government security forces (Danab) launched an airstrike against Al Shabaab position in Buur Ellaadhe village (Buur Hakaba, Bay). 22 militants were killed.",22,,1768354736
SOM54689,09-January-2026,2026,1,Demonstrations,Protests,Peaceful protest,Protesters (Somalia),Taxi Drivers (Somalia),6,,,0,60,,706,Eastern Africa,Somalia,Galgaduud,Dhuusamarreeb,,Guri-Ceel,5.3083,45.8774,1,REDACTED IN SAMPLE,REDACTED IN SAMPLE,"On 9 January 2026, tuk-tuk drivers protested in Guri-Ceel town (Dhuusamarreeb, Galgaduud) over new taxes imposed by the local administration.",0,crowd size=no report,1768354736
SOM54690,09-January-2026,2026,1,Strategic developments,Strategic developments,Change to group/activity,Al Shabaab,,2,,,0,20,,706,Eastern Africa,Somalia,Middle Juba,Jilib,,Jilib,0.4833,42.7666,1,REDACTED IN SAMPLE,REDACTED IN SAMPLE,"Movement of forces: On 9 January 2026, Al Shabaab assembled fighters in the Halwadaag area in Jilib town (Jilib, Middle Juba) to advance towards areas of operation. The group partially removed the command centre from Jilib to Bu'aale town and closed all training camps in the Jilib area.",0,,1768354736
SOM54691,09-January-2026,2026,1,Strategic developments,Strategic developments,Change to group/activity,Al Shabaab,,2,,,0,20,,706,Eastern Africa,Somalia,Middle Juba,Jilib,,Kunyo Barrow,0.8014,43.3837,1,REDACTED IN SAMPLE,REDACTED IN SAMPLE,"Movement of forces: On 9 January 2026, over 400 Al Shabaab fighters arrived in the Ali Farxaan area under Kunyo Barrow village (Jilib, Lower Shabelle) to participate in the Al Shabaab fighting in Middle Juba. The fighters moved from the Bay region.",0,,1768354736
SOM54748,09-January-2026,2026,1,Political violence,Battles,Armed clash,Military Forces of Somalia (2022-) Puntland Dervish Force,,1,Islamic State Somalia Province,,2,12,,706,Eastern Africa,Somalia,Bari,Bossaso,,Bosaso,11.2842,49.1816,2,REDACTED IN SAMPLE,REDACTED IN SAMPLE,"On 9 January 2026, Puntland Dervish Force clashed with Islamic State Somalia Province in Daryeel area near Bosaso town (Bossaso, Bari). There were no casualties.",0,,1769546450
SOM54749,09-January-2026,2026,1,Political violence,Battles,Armed clash,Military Forces of Somalia (2022-) Puntland Dervish Force,,1,Islamic State Somalia Province,,2,12,,706,Eastern Africa,Somalia,Bari,Bossaso,,Xabley,10.723,49.4906,2,REDACTED IN SAMPLE,REDACTED IN SAMPLE,"On 9 January 2026, Puntland Dervish Force clashed with Islamic State Somalia Province in Dul area near Xabley village (Bossaso, Bari). There were no casualties.",0,,1776191110
SOM54853,09-January-2026,2026,1,Political violence,Explosions/Remote violence,Remote explosive/landmine/IED,Al Shabaab,,2,Military Forces of Somalia (2022-),,1,12,,706,Eastern Africa,Somalia,Banadir,Banadir,,Mogadishu - Yaqshid,2.0678,45.35,1,REDACTED IN SAMPLE,REDACTED IN SAMPLE,"On 9 January 2026, a roadside IED planted by an unknown armed group (likely Al Shabaab due to similar attacks by the group) exploded, targeting a government security forces (SNA) convoy traveling along the road between Fagah Junction and the former Bal cad control point, near Hotel Guuleed neighborhood in Mogadishu - Yaqshid (Banadir). A nearby minibus van was damaged in the explosion.",0,,1769546450
SOM54859,09-January-2026,2026,1,Political violence,Battles,Armed clash,Al Shabaab,,2,Military Forces of Somalia (2022-),,1,12,,706,Eastern Africa,Somalia,Bay,Baydhaba,,Burjeedka,3.0246,43.5948,1,REDACTED IN SAMPLE,REDACTED IN SAMPLE,"On 9 January 2026, Al Shabaab clashed with government security forces (SNA) at a base in Burjeedka village (Baydhaba, Bay). There were no casualties. Al Shabaab claimed responsibility.",0,,1769546450
SOM54860,09-January-2026,2026,1,Political violence,Battles,Armed clash,Al Shabaab,,2,Police Forces of Somalia (2022-) Southwest Special Police Forces,,1,12,,706,Eastern Africa,Somalia,Bay,Qansax Dheere,,Qansax Dheere,2.8712,43.0043,1,REDACTED IN SAMPLE,REDACTED IN SAMPLE,"On 9 January 2026, overnight, Al Shabaab clashed with Southwest Special Police Forces (SWSPF) at a base in Qansax Dheere town (Qansax Dheere, Bay). Al Shabaab claimed to have injured at least 1 officer.",0,,1769546450
SOM54861,09-January-2026,2026,1,Political violence,Explosions/Remote violence,Grenade,Al Shabaab,,2,Police Forces of Somalia (2022-) Southwest Special Police Forces,,1,12,,706,Eastern Africa,Somalia,Bay,Baydhaba,,Berdaale,3.215,43.1983,1,REDACTED IN SAMPLE,REDACTED IN SAMPLE,"On 9 January 2026, overnight, Al Shabaab threw a hand grenade against Southwest Special Police Forces (SWSPF) at a base in Berdaale town (Baydhaba, Bay). Al Shabaab claimed to have injured 2 officers.",0,,1769546450
SOM54870,09-January-2026,2026,1,Political violence,Battles,Armed clash,Al Shabaab,,2,Military Forces of Somalia (2022-),Hawiye-Hawadle Sub-Clan Militia (Somalia),1,12,,706,Eastern Africa,Somalia,Hiraan,Jalalaqsi,,Bukurale,3.3167,45.85,1,REDACTED IN SAMPLE,REDACTED IN SAMPLE,"On 9 January 2026, Al Shabaab clashed with government security forces (SNA) and Hawiye-Hawadle sub-clan militia in the vicinity of Bukurale village (Jalalaqsi, Hiraan). Several Al Shabaab militants were killed and injured. Unspecified number of fatalities coded as 3.",3,,1776191110
SOM54871,09-January-2026,2026,1,Political violence,Battles,Armed clash,Al Shabaab,,2,Military Forces of Somalia (2022-),Hawiye-Hawadle Sub-Clan Militia (Somalia),1,12,,706,Eastern Africa,Somalia,Hiraan,Belet Weyne,,Tedan,4.3928,46.0881,1,REDACTED IN SAMPLE,REDACTED IN SAMPLE,"On 9 January 2026, Al Shabaab clashed with government security forces (SNA) and Hawiye-Hawadle sub-clan militia in the vicinity of Tedan village (Belet Weyne, Hiraan). Several Al Shabaab militants were killed and injured. Unspecified number of fatalities coded as 3.",3,,1769546450
SOM54889,09-January-2026,2026,1,Political violence,Explosions/Remote violence,Air/drone strike,Military Forces of the United States (2025-),,8,Islamic State Somalia Province,,2,28,,706,Eastern Africa,Somalia,Bari,Bossaso,,Balade,11.2761,49.164,1,REDACTED IN SAMPLE,REDACTED IN SAMPLE,"On 9 January 2026, US forces conducted airstrikes targeting Islamic State Somalia Province position in the vicinity of the Golis Mountains, in Tooga Balade (Bossaso, Bari). Casualties unknown.",0,,1769546450
SOM54750,10-January-2026,2026,1,Strategic developments,Strategic developments,Change to group/activity,Military Forces of Somalia (2022-) Galmudug Security Force,,1,,,0,10,,706,Eastern Africa,Somalia,Galgaduud,Ceel Buur,,Bar Ujeed,4.9638,46.2656,1,REDACTED IN SAMPLE,REDACTED IN SAMPLE,"Movement of forces: On 10 January 2026, Galmudug security forces withdrew from the base in the Bar Ujeed village (Ceel Buur, Galgaduud). The reason for the withdrawal is unclear.",0,,1769546450
SOM54751,10-January-2026,2026,1,Political violence,Battles,Armed clash,Police Forces of Somalia (2022-) Galmudug Police Force,,1,Military Forces of Somalia (2022-),,1,11,,706,Eastern Africa,Somalia,Galgaduud,Dhuusamarreeb,,Guri-Ceel,5.3083,45.8774,1,REDACTED IN SAMPLE,REDACTED IN SAMPLE,"On 10 January 2026, Galmudug police forces clashed with government security forces (SNA) on patrol operation in Guri-Ceel town (Dhuusamarreeb, Galgaduud). There were no casualties.",0,,1768945728
SOM54833,10-January-2026,2026,1,Demonstrations,Protests,Peaceful protest,Protesters (Somalia),Al Shabaab,6,,,0,60,,706,Eastern Africa,Somalia,Middle Juba,Bu'aale,,Arabow,1.4518,42.9518,1,REDACTED IN SAMPLE,REDACTED IN SAMPLE,"On 10 January 2026, several residents protested in Arabow village (Bu'aale, Middle Juba) against Israel's recognition of Somaliland as an independent country. Al Shabaab organized the protest.",0,crowd size=several,1769546450
SOM54834,10-January-2026,2026,1,Demonstrations,Protests,Peaceful protest,Protesters (Somalia),Al Shabaab,6,,,0,60,,706,Eastern Africa,Somalia,Middle Juba,Bu'aale,,Buaale,1.2448,42.5732,1,REDACTED IN SAMPLE,REDACTED IN SAMPLE,"On 10 January 2026, several residents protested in Buaale town (Bu'aale, Middle Juba) against Israel's recognition of Somaliland as an independent country. Al Shabaab organized the protest.",0,crowd size=several,1768945728
SOM54835,10-January-2026,2026,1,Demonstrations,Protests,Peaceful protest,Protesters (Somalia),Al Shabaab,6,,,0,60,,706,Eastern Africa,Somalia,Hiraan,Belet Weyne,,Ceel Cali,4.195,44.9885,1,REDACTED IN SAMPLE,REDACTED IN SAMPLE,"On 10 January 2026, residents protested in Ceel Cali village (Belet Weyne Hiraan) against Israel's recognition of Somaliland as an independent country. Al Shabaab organized the protest.",0,crowd size=no report,1769546450
SOM54836,10-January-2026,2026,1,Demonstrations,Protests,Peaceful protest,Protesters (Somalia),Al Shabaab,6,,,0,60,,706,Eastern Africa,Somalia,Middle Juba,Jilib,,Dhey Tubaako,0.4782,42.927,1,REDACTED IN SAMPLE,REDACTED IN SAMPLE,"On 10 January 2026, several residents protested in Dhey Tubaako village (Jilib, Middle Juba) against Israel's recognition of Somaliland as an independent country. Al Shabaab organized the protest.",0,crowd size=several,1769546450
SOM54837,10-January-2026,2026,1,Demonstrations,Protests,Peaceful protest,Protesters (Somalia),Al Shabaab,6,,,0,60,,706,Eastern Africa,Somalia,Middle Juba,Bu'aale,,Diqiyo Madow,1.1779,42.5675,1,REDACTED IN SAMPLE,REDACTED IN SAMPLE,"On 10 January 2026, several residents protested in Diqiyo Madow village (Bu'aale, Middle Juba) against Israel's recognition of Somaliland as an independent country. Al Shabaab organized the protest.",0,crowd size=several,1769546450
SOM54838,10-January-2026,2026,1,Demonstrations,Protests,Peaceful protest,Protesters (Somalia),Al Shabaab,6,,,0,60,,706,Eastern Africa,Somalia,Galgaduud,Ceel Buur,,Galhareeri,4.5307,47.145,1,REDACTED IN SAMPLE,REDACTED IN SAMPLE,"On 10 January 2026, residents protested in Galhareeri village (Ceel Buur, Galgaduud) against Israel's recognition of Somaliland as an independent country. Al Shabaab organized the protest.",0,crowd size=no report,1769546450
SOM54839,10-January-2026,2026,1,Demonstrations,Protests,Peaceful protest,Protesters (Somalia),Al Shabaab,6,,,0,60,,706,Eastern Africa,Somalia,Middle Juba,Jilib,,Haramka,0.6285,43.1746,1,REDACTED IN SAMPLE,REDACTED IN SAMPLE,"On 10 January 2026, several residents protested in Haramka village (Jilib, Middle Juba) against Israel's recognition of Somaliland as an independent country. Al Shabaab organized the protest.",0,crowd size=several,1769546450
SOM54840,10-January-2026,2026,1,Demonstrations,Protests,Peaceful protest,Protesters (Somalia),Al Shabaab,6,,,0,60,,706,Eastern Africa,Somalia,Bay,Baydhaba,,Labatan Jirow,3.5392,43.7579,1,REDACTED IN SAMPLE,REDACTED IN SAMPLE,"On 10 January 2026, residents protested in Labatan Jirow village (Baydhaba, Bay) against Israel's recognition of Somaliland as an independent country. Al Shabaab organized the protest.",0,crowd size=no report,1768945728
SOM54841,10-January-2026,2026,1,Demonstrations,Protests,Peaceful protest,Protesters (Somalia),Al Shabaab,6,,,0,60,,706,Eastern Africa,Somalia,Hiraan,Jalalaqsi,,Shaw,3.4166,45.4085,1,REDACTED IN SAMPLE,REDACTED IN SAMPLE,"On 10 January 2026, residents protested in Shaw village (Jalalaqsi, Hiraan) against Israel's recognition of Somaliland as an independent country. Al Shabaab organized the protest.",0,crowd size=no report,1768945728
SOM54854,10-January-2026,2026,1,Political violence,Battles,Armed clash,Military Forces of Somalia (2022-) Jubaland Security Force,,1,Military Forces of Somalia (2022-) Jubaland Security Force,,1,11,,706,Eastern Africa,Somalia,Gedo,Ceel Waaq,,El Wak,2.7908,41.0149,1,REDACTED IN SAMPLE,REDACTED IN SAMPLE,"On 10 January 2026, 2 groups of Jubalaland security forces clashed in El Wak town (Ceel Waaq, Gedo). The motive of the clash was unknown. Casualties unknown.",0,,1769546450
SOM54855,10-January-2026,2026,1,Political violence,Violence against civilians,Attack,Darod-Marehan Sub-Clan Militia (Somalia),,4,Civilians (Somalia),Hawiye-Habar Gedir-Ayr-Yabar Dhowrakece Sub-Clan Group (Somalia); Pastoralists (Somalia),7,47,Civilian targeting,706,Eastern Africa,Somalia,Galgaduud,Cabudwaaq,,Sayle,6.1044,46.1447,2,REDACTED IN SAMPLE,REDACTED IN SAMPLE,"On 10 January 2026, Darod-Marehan sub-clan militia shot and killed a pastoralist from Hawiye-Habar Gedir-Ayr-Yabar Dhowrakece sub-clan near Sayle village (Cabudwaaq, Galgaduud). The motive was due to clan revenge.",1,,1769546450
SOM54856,10-January-2026,2026,1,Political violence,Violence against civilians,Attack,Military Forces of Somalia (2022-),,1,Civilians (Somalia),Taxi Drivers (Somalia),7,17,Civilian targeting,706,Eastern Africa,Somalia,Banadir,Banadir,,Mogadishu - Dharkenley,2.0308,45.2661,1,REDACTED IN SAMPLE,REDACTED IN SAMPLE,"On 10 January 2026, a government soldier (SNA) shot and killed a tuk-tuk driver and injured another civilian in the Suuq-Bocle neighborhood in Mogadishu - Dharkenley (Banadir). The motive is unknown.",1,,1769546450
SOM54857,10-January-2026,2026,1,Political violence,Battles,Armed clash,Military Forces of Somalia (2022-),,1,Military Forces of Somalia (2022-),,1,11,,706,Eastern Africa,Somalia,Banadir,Banadir,,Mogadishu - Yaqshid,2.0678,45.35,1,REDACTED IN SAMPLE,REDACTED IN SAMPLE,"On 10 January 2026, 2 government soldiers (SNA) exchanged gunfire in the Qabuuraha Barakat neighborhood in Mogadishu - Yaqshid (Banadir). The confrontation began after a dispute. 1 soldier was injured.",0,,1769546450
SOM54858,10-January-2026,2026,1,Political violence,Battles,Armed clash,Military Forces of Somalia (2022-),,1,Al Shabaab,,2,12,,706,Eastern Africa,Somalia,Lower Shabelle,Marka,,Jilib-Marca,1.7977,44.9076,1,REDACTED IN SAMPLE,REDACTED IN SAMPLE,"On 10 January 2026, government security forces (SNA) clashed with Al Shabaab in the vicinity of Jilib-Marca village (Marka, Lower Shabelle). The security forces destroyed Al Shabaab goods and hideouts. 3 militants were killed, and several others were injured.",3,,1768945728
SOM54862,10-January-2026,2026,1,Political violence,Explosions/Remote violence,Grenade,Al Shabaab,,2,Military Forces of Somalia (2022-),,1,12,,706,Eastern Africa,Somalia,Bay,Baydhaba,,Baidoa,3.1172,43.6469,1,REDACTED IN SAMPLE,REDACTED IN SAMPLE,"On 10 January 2026, Al Shabaab threw a hand grenade targeting government security forces (SNA) at a checkpoint in Baidoa town (Baydhaba, Bay). Al Shabaab claimed to have injured soldiers.",0,,1768945728
SOM54863,10-January-2026,2026,1,Demonstrations,Protests,Peaceful protest,Protesters (Somalia),Al Shabaab,6,,,0,60,,706,Eastern Africa,Somalia,Middle Juba,Jilib,,Jilib,0.4833,42.7666,1,REDACTED IN SAMPLE,REDACTED IN SAMPLE,"On 10 January 2026, thousands of residents protested in Jilib town (Jilib, Middle Juba) against Israel's recognition of Somaliland as an independent country. Al Shabaab organized the protest.",0,crowd size=thousands,1768945728
SOM54864,10-January-2026,2026,1,Demonstrations,Protests,Peaceful protest,Protesters (Somalia),Al Shabaab,6,,,0,60,,706,Eastern Africa,Somalia,Middle Juba,Jilib,,Kunyo Barrow,0.8014,43.3837,1,REDACTED IN SAMPLE,REDACTED IN SAMPLE,"On 10 January 2026, hundreds of residents protested in Kunyo Barrow town (Jilib, Middle Juba) against Israel's recognition of Somaliland as an independent country. Al Shabaab organized the protest.",0,crowd size=hundreds,1768945728
SOM54865,10-January-2026,2026,1,Demonstrations,Protests,Peaceful protest,Protesters (Somalia),Al Shabaab,6,,,0,60,,706,Eastern Africa,Somalia,Bay,Buur Hakaba,,Buulo Fulaay,2.1106,43.5233,1,REDACTED IN SAMPLE,REDACTED IN SAMPLE,"On 10 January 2026, hundreds of residents protested in Buulo Fulaay town (Buur Hakaba, Bay) against Israel's recognition of Somaliland as an independent country. Al Shabaab organized the protest.",0,crowd size=hundreds,1768945728
SOM54866,10-January-2026,2026,1,Demonstrations,Protests,Peaceful protest,Protesters (Somalia),Al Shabaab,6,,,0,60,,706,Eastern Africa,Somalia,Hiraan,Bulo Burto,,Buqda Caqable,4.0601,45.2577,1,REDACTED IN SAMPLE,REDACTED IN SAMPLE,"On 10 January 2026, hundreds of residents protested in Buqda Caqable village (Bulo Burto, Hiraan) against Israel's recognition of Somaliland as an independent country. Al Shabaab organized the protest.",0,crowd size=hundreds,1768945728
SOM54867,10-January-2026,2026,1,Demonstrations,Protests,Peaceful protest,Protesters (Somalia),Al Shabaab,6,,,0,60,,706,Eastern Africa,Somalia,Galgaduud,Ceel Buur,,Jowlo,4.6599,47.5154,1,REDACTED IN SAMPLE,REDACTED IN SAMPLE,"On 10 January 2026, hundreds of residents protested in Jowlo village (Ceel Buur, Galgaduud) against Israel's recognition of Somaliland as an independent country. Al Shabaab organized the protest.",0,crowd size=hundreds,1769546450
SOM54872,10-January-2026,2026,1,Political violence,Battles,Armed clash,Military Forces of Somalia (2022-),Hawiye-Hawadle Sub-Clan Militia (Somalia),1,Al Shabaab,,2,12,,706,Eastern Africa,Somalia,Hiraan,Bulo Burto,,Moqokori,4.0625,46.1342,1,REDACTED IN SAMPLE,REDACTED IN SAMPLE,"On 10 January 2026, government security forces (SNA) and Hawiye-Hawadle sub-clan militia clashed with Al Shabaab in the vicinity of Moqokori town (Bulo Burto, Hiraan). Casualties unknown.",0,,1769546450
SOM54873,10-January-2026,2026,1,Political violence,Battles,Armed clash,Military Forces of Somalia (2022-),Hawiye-Hawadle Sub-Clan Militia (Somalia),1,Al Shabaab,,2,12,,706,Eastern Africa,Somalia,Hiraan,Bulo Burto,,Maxaas,4.3934,46.0882,1,REDACTED IN SAMPLE,REDACTED IN SAMPLE,"On 10 January 2026, government security forces (SNA) and Hawiye-Hawadle sub-clan militia clashed with Al Shabaab in the vicinity of Maxaas town (Bulo Burto, Hiraan). Casualties unknown.",0,,1769546450
SOM54874,10-January-2026,2026,1,Strategic developments,Strategic developments,Change to group/activity,Al Shabaab,,2,,,0,20,,706,Eastern Africa,Somalia,Hiraan,Bulo Burto,,Moqokori,4.0625,46.1342,1,REDACTED IN SAMPLE,REDACTED IN SAMPLE,"Movement of forces: On 10 January 2026, Al Shabaab withdrew from Moqokori town (Bulo Burto, Hiraan) and Maxaas (coded separately).",0,,1769546450
SOM54875,10-January-2026,2026,1,Strategic developments,Strategic developments,Change to group/activity,Al Shabaab,,2,,,0,20,,706,Eastern Africa,Somalia,Hiraan,Bulo Burto,,Maxaas,4.3934,46.0882,1,REDACTED IN SAMPLE,REDACTED IN SAMPLE,"Movement of forces: On 10 January 2026, Al Shabaab withdrew from Maxaas town (Bulo Burto, Hiraan) and Moqokori (coded separately).",0,,1769546450
SOM54876,10-January-2026,2026,1,Strategic developments,Strategic developments,Change to group/activity,Al Shabaab,,2,,,0,20,,706,Eastern Africa,Somalia,Hiraan,Jalalaqsi,,Bukurale,3.3167,45.85,1,REDACTED IN SAMPLE,REDACTED IN SAMPLE,"Movement of forces: On 10 January 2026, Al Shabaab withdrew from Bukurale village (Jalalaqsi, Hiraan) and Tedan village (coded separately).",0,,1776191110
SOM54877,10-January-2026,2026,1,Strategic developments,Strategic developments,Change to group/activity,Al Shabaab,,2,,,0,20,,706,Eastern Africa,Somalia,Hiraan,Belet Weyne,,Tedan,4.3928,46.0881,1,REDACTED IN SAMPLE,REDACTED IN SAMPLE,"Movement of forces: On 10 January 2026, Al Shabaab withdrew from Tedan village (Belet Weyne, Hiraan) and Bukurale village (coded separately).",0,,1769546450
SOM54752,11-January-2026,2026,1,Political violence,Explosions/Remote violence,Air/drone strike,Military Forces of the United States (2025-),,8,Islamic State Somalia Province,,2,28,,706,Eastern Africa,Somalia,Bari,Bossaso,,Balade,11.2761,49.164,1,REDACTED IN SAMPLE,REDACTED IN SAMPLE,"On 11 January 2026, US forces conducted airstrikes targeting Islamic State Somalia Province position in the vicinity of the Golis Mountains, in Tooga Balade (Bossaso, Bari). Casualties unknown.",0,,1769546450
SOM54753,11-January-2026,2026,1,Demonstrations,Protests,Peaceful protest,Protesters (Somalia),Military Forces of Somalia (2022-) Puntland Dervish Force,6,,,0,60,,706,Eastern Africa,Somalia,Bari,Qandala,,Buuraha Cali Miskat,10.8548,49.7434,1,REDACTED IN SAMPLE,REDACTED IN SAMPLE,"On 11 January 2026, Puntland Dervish Force protested in the Burta Gambara area within the Buuraha Cali Miskat (Qandala, Bari). They demanded unpaid salaries.",0,crowd size=no report,1776191110
SOM54754,11-January-2026,2026,1,Political violence,Battles,Armed clash,Military Forces of Somalia (2022-) Puntland Dervish Force,,1,Islamic State Somalia Province,,2,12,,706,Eastern Africa,Somalia,Bari,Qandala,,Buuraha Cali Miskat,10.8548,49.7434,2,REDACTED IN SAMPLE,REDACTED IN SAMPLE,"On 11 January 2026, Puntland Dervish Forces clashed with Islamic State Somalia Province in Buqo-Caleed area near Buuraha Cali Miskat (Qandala, Bari). There were no casualties.",0,,1776191110
SOM54755,11-January-2026,2026,1,Strategic developments,Strategic developments,Change to group/activity,Al Shabaab,,2,,,0,20,,706,Eastern Africa,Somalia,Galgaduud,Ceel Dheer,,Cali Yabaal,3.9723,47.0819,2,REDACTED IN SAMPLE,REDACTED IN SAMPLE,"Movement of forces: On 11 January 2026, Al Shabaab were seen gathering and patrolling roads between Masagawaay and Cali Yabaal village (Ceel Dheer, Galgaduud).",0,,1769546450
SOM54756,11-January-2026,2026,1,Political violence,Battles,Armed clash,Darod-Majeerteen Sub-Clan Militia (Somalia),,4,Police Forces of Somalia (2022-) Puntland Police Force,,1,14,,706,Eastern Africa,Somalia,Mudug,Gaalkacyo,,Gaalkacyo North,6.77,47.63,1,REDACTED IN SAMPLE,REDACTED IN SAMPLE,"On 11 January 2026, Darod-Majeerteen sub-clan militia clashed with Puntland police forces at the administration headquarters in Gaalkacyo North (Gaalkacyo, Mudug). The militia withdrew from the area. There were no casualties.",0,,1768945728
SOM54842,11-January-2026,2026,1,Demonstrations,Protests,Peaceful protest,Protesters (Somalia),Al Shabaab,6,,,0,60,,706,Eastern Africa,Somalia,Lower Juba,Badhaadhe,,Badhaadhe,-1.03,41.483,1,REDACTED IN SAMPLE,REDACTED IN SAMPLE,"On 11 January 2026, residents protested in Badhaadhe town (Badhaadhe, Lower Juba) against Israel's recognition of Somaliland as an independent country. Al Shabaab organized the protest.",0,crowd size=no report,1769546450
SOM54843,11-January-2026,2026,1,Demonstrations,Protests,Peaceful protest,Protesters (Somalia),Al Shabaab,6,,,0,60,,706,Eastern Africa,Somalia,Lower Juba,Afmadow,,Hagar,0.87,41.9758,1,REDACTED IN SAMPLE,REDACTED IN SAMPLE,"On 11 January 2026, residents protested in Hagar village (Afmadow, Lower Juba) against Israel's recognition of Somaliland as an independent country. Al Shabaab organized the protest.",0,crowd size=no report,1769546450
SOM54878,11-January-2026,2026,1,Demonstrations,Protests,Peaceful protest,Protesters (Somalia),,6,,,0,60,,706,Eastern Africa,Somalia,Banadir,Banadir,,Mogadishu - Bondhere,2.0456,45.34,1,REDACTED IN SAMPLE,REDACTED IN SAMPLE,"On 11 January 2026, hundreds residents, including women, protested at the Daljirka Dahsoon neighborhood in Mogadishu - Bondhere (Banadir) against Israel's recognition of Somaliland as an independent state.",0,crowd size=hundreds,1768945728
SOM54879,11-January-2026,2026,1,Political violence,Explosions/Remote violence,Remote explosive/landmine/IED,Al Shabaab,,2,Military Forces of Somalia (2022-),,1,12,,706,Eastern Africa,Somalia,Lower Shabelle,Marka,,Buufow Bacaad,1.7493,44.7437,2,REDACTED IN SAMPLE,REDACTED IN SAMPLE,"On 11 January 2026, an IED planted by Al Shabaab exploded, targeting government security forces (SNA) convoy traveling between K60 and Buufow Bacaad village (Marka, Lower Shabelle). Al Shabaab claimed to have injured soldiers.",0,,1768945728
SOM54880,11-January-2026,2026,1,Political violence,Explosions/Remote violence,Grenade,Al Shabaab,,2,Military Forces of Somalia (2022-),,1,12,,706,Eastern Africa,Somalia,Banadir,Banadir,,Mogadishu - Kaxda,2.0399,45.2384,1,REDACTED IN SAMPLE,REDACTED IN SAMPLE,"On 11 January 2026, overnight, Al Shabaab threw a hand grenade targeting government security forces (SNA) at a checkpoint in Dayax neighborhood in Mogadishu - Kaxda (Banadir). There were no casualties. Al Shabaab claimed responsibility.",0,,1769546450
SOM54881,11-January-2026,2026,1,Political violence,Battles,Armed clash,Al Shabaab,,2,Military Forces of Somalia (2022-),,1,12,,706,Eastern Africa,Somalia,Banadir,Banadir,,Mogadishu - Daynile,2.0576,45.2853,1,REDACTED IN SAMPLE,REDACTED IN SAMPLE,"On 11 January 2026, overnight, Al Shabaab clashed with government security forces (SNA) at a checkpoint in Taraqa and Sigaarka neighborhood in Mogadishu - Daynile (Banadir) after the militants threw a hand grenade. Al Shabaab claimed to have injured 2 soldiers.",0,,1768945728
SOM54883,11-January-2026,2026,1,Political violence,Battles,Armed clash,Al Shabaab,,2,AUSSOM: Africa Union Support and Stabilisation Mission in Somalia (2025-) (Ethiopia),,8,28,,706,Eastern Africa,Somalia,Bay,Baydhaba,,Baidoa,3.1172,43.6469,1,REDACTED IN SAMPLE,REDACTED IN SAMPLE,"On 11 January 2026, overnight, Al Shabaab clashed with AUSSOM ENDF troops at a base in the vicinity of Baidoa town (Baydhaba, Bay). Casualties unknown. Al Shabaab claimed responsibility.",0,,1768945728
SOM54884,11-January-2026,2026,1,Political violence,Battles,Armed clash,Al Shabaab,,2,Military Forces of Ethiopia (2018-),,8,28,,706,Eastern Africa,Somalia,Bay,Baydhaba,,Aawdiinle,3.1706,43.4099,1,REDACTED IN SAMPLE,REDACTED IN SAMPLE,"On 11 January 2026, overnight, Al Shabaab clashed with Ethiopia security forces (non-AUSSOM) at a base in Aawdiinle village (Baydhaba, Bay). There were no casualties. Al Shabaab claimed responsibility.",0,,1769546450
SOM54885,11-January-2026,2026,1,Political violence,Battles,Armed clash,Al Shabaab,,2,Police Forces of Somalia (2022-) Southwest Special Police Forces,,1,12,,706,Eastern Africa,Somalia,Bay,Baydhaba,,Makuudo,3.0597,43.6041,1,REDACTED IN SAMPLE,REDACTED IN SAMPLE,"On 11 January 2026, overnight, Al Shabaab clashed with Southwest Special Police Forces (SWSPF) at a base in Makuudo village (Baydhaba, Bay). There were no casualties. Al Shabaab claimed responsibility.",0,,1769546450
SOM54886,11-January-2026,2026,1,Political violence,Explosions/Remote violence,Grenade,Al Shabaab,,2,Civilians (Somalia),Government of Somalia (2022-) Southwest Administration,7,27,Civilian targeting,706,Eastern Africa,Somalia,Bay,Baydhaba,,Baidoa,3.1172,43.6469,1,REDACTED IN SAMPLE,REDACTED IN SAMPLE,"On 11 January 2026, an unknown armed group (likely Al Shabaab due to similar attacks by the group) threw a hand grenade at the residence of a government official in the Berdaale neighborhood of Baidoa town (Baydhaba, Bay). The grenade landed inside the house, causing several casualties. Fatalities coded as 0.",0,local administrators,1768945728
SOM54891,11-January-2026,2026,1,Political violence,Explosions/Remote violence,Air/drone strike,Unidentified Military Forces,Military Forces of Somalia (2022-),8,Al Shabaab,,2,28,,706,Eastern Africa,Somalia,Middle Shabelle,Balcad,,Xawaadleey,2.5826,45.4894,1,REDACTED IN SAMPLE,REDACTED IN SAMPLE,"On 11 January 2026, overnight, international forces (coded as Unidentified Military Forces) and government security forces (SNA) launched an airstrike against Al Shabaab position in the vicinity of Xawaadleey town (Balcad, Middle Shabelle). An unknown number of Al Shabaab were killed and wounded. Unspecified number of fatalities coded as 3.",3,,1768945728
SOM54892,11-January-2026,2026,1,Demonstrations,Protests,Peaceful protest,Protesters (Somalia),Al Shabaab,6,,,0,60,,706,Eastern Africa,Somalia,Lower Juba,Jamaame,,Kamsuuma,0.2494,42.7751,1,REDACTED IN SAMPLE,REDACTED IN SAMPLE,"On 11 January 2026, hundreds of residents protested in Kamsuuma village (Jamaame, Lower Juba) against Israel's recognition of Somaliland as an independent country. Al Shabaab organized the protest.",0,crowd size=hundreds,1769546450
SOM54893,11-January-2026,2026,1,Demonstrations,Protests,Peaceful protest,Protesters (Somalia),Al Shabaab,6,,,0,60,,706,Eastern Africa,Somalia,Lower Juba,Jamaame,,Jamaame,0.0692,42.7382,1,REDACTED IN SAMPLE,REDACTED IN SAMPLE,"On 11 January 2026, hundreds of residents protested in Jamaame town (Jamaame, Lower Juba) against Israel's recognition of Somaliland as an independent country. Al Shabaab organized the protest.",0,crowd size=hundreds,1768945728
SOM54894,11-January-2026,2026,1,Demonstrations,Protests,Peaceful protest,Protesters (Somalia),Al Shabaab,6,,,0,60,,706,Eastern Africa,Somalia,Bakool,Tayeeglow,,Tayeeglow,4.0182,44.5127,1,REDACTED IN SAMPLE,REDACTED IN SAMPLE,"On 11 January 2026, hundreds of residents protested in Tayeeglow town (Tayeeglow, Bakool) against Israel's recognition of Somaliland as an independent country. Al Shabaab organized the protest.",0,crowd size=hundreds,1768945728
SOM54895,11-January-2026,2026,1,Demonstrations,Protests,Peaceful protest,Protesters (Somalia),Al Shabaab,6,,,0,60,,706,Eastern Africa,Somalia,Galgaduud,Ceel Buur,,Ceel Buur,4.6815,46.6234,1,REDACTED IN SAMPLE,REDACTED IN SAMPLE,"On 11 January 2026, hundreds of residents protested in Ceel Buur town (Ceel Buur, Galgaduud) against Israel's recognition of Somaliland as an independent country. Al Shabaab organized the protest.",0,crowd size=hundreds,1768945728
SOM54896,11-January-2026,2026,1,Demonstrations,Protests,Peaceful protest,Protesters (Somalia),Al Shabaab,6,,,0,60,,706,Eastern Africa,Somalia,Gedo,Baardheere,,Bardera,2.3385,42.2843,1,REDACTED IN SAMPLE,REDACTED IN SAMPLE,"On 11 January 2026, hundreds of residents protested in Ilbeete village near Bardera town (Baardheere, Gedo) against Israel's recognition of Somaliland as an independent country. Al Shabaab organized the protest.",0,crowd size=hundreds,1768945728
SOM54898,11-January-2026,2026,1,Political violence,Battles,Armed clash,Hawiye-Abgal-Wacaysle Sub-Clan Militia (Somalia),,4,Hawiye-Murusade Sub-Clan Militia (Somalia),,4,44,,706,Eastern Africa,Somalia,Galgaduud,Ceel Dheer,,Cowswayne,4.1244,46.9166,1,REDACTED IN SAMPLE,REDACTED IN SAMPLE,"On 11 January 2026, Hawiye-Abgal-Wacaysle sub-clan militia and Hawiye-Murusade sub-clan clashed on the outskirts of Cowswayne town (Ceel Dheere, Galgaduud). The motive was due to clan revenge and land dispute. Casualties unknown.",0,,1769546450
SOM54899,11-January-2026,2026,1,Political violence,Explosions/Remote violence,Shelling/artillery/missile attack,Military Forces of Somalia (2022-),,1,Al Shabaab,,2,12,,706,Eastern Africa,Somalia,Lower Juba,Jamaame,,Niirey,-0.0494,42.6772,1,REDACTED IN SAMPLE,REDACTED IN SAMPLE,"On 11 January 2026, government security forces (SNA) fired eight mortar rounds targeting an Al Shabaab command base at the Haji Hareid Yarow farm in Niirey village (Jamaame, Lower Juba). Casualties unknown.",0,,1769546450
SOM54757,12-January-2026,2026,1,Political violence,Violence against civilians,Attack,Al Shabaab,,2,Civilians (Somalia),,7,27,Civilian targeting,706,Eastern Africa,Somalia,Lower Juba,Kismaayo,,Beerhani,-0.2201,42.1959,1,REDACTED IN SAMPLE,REDACTED IN SAMPLE,"On 12 January 2026, Al Shabaab beat and abducted a civilian in the market area in Beerhani village (Kismaayo, Lower Juba). The victim was transferred to Baghdad. Extent of injuries unknown.",0,,1769546450
SOM54758,12-January-2026,2026,1,Strategic developments,Strategic developments,Change to group/activity,Military Forces of Turkey (2016-),,8,,,0,80,,706,Eastern Africa,Somalia,Woqooyi Galbeed,Berbera,,Berbera,10.4396,45.0143,1,REDACTED IN SAMPLE,REDACTED IN SAMPLE,"Movement of forces: On 12 January 2026, Turkish drones were seen hovering over Berbera town (Berbera, Woqooyi Galbeed). These surveillance activities are due to cooperation with the Federal Government of Somalia and due to Somalia's rejection of Israel's recognition of Somaliland.",0,,1769546450
SOM54759,12-January-2026,2026,1,Political violence,Battles,Armed clash,Military Forces of Somalia (2022-) Puntland Dervish Force,,1,Islamic State Somalia Province,,2,12,,706,Eastern Africa,Somalia,Bari,Qandala,,Buruc,11.4733,49.6824,2,REDACTED IN SAMPLE,REDACTED IN SAMPLE,"On 12 January 2026, Puntland dervish forces clashed with Islamic State Somalia Province in Buurta Shuuqa area near Buruc village (Qandala, Bari). There were no casualties.",0,,1769546450
SOM54760,12-January-2026,2026,1,Political violence; Demonstrations,Protests,Excessive force against protesters,Protesters (Somalia),,6,Police Forces of Somaliland (2024-),,1,16,Civilian targeting,706,Eastern Africa,Somalia,Togdheer,Buuhoodle,,Buuhoodle,8.2516,46.3157,1,REDACTED IN SAMPLE,REDACTED IN SAMPLE,"On 12 January 2026, youth groups demonstrated at the front gate in Buuhoodle town (Buuhoodle, Togdheer) against a football game dispute. The police opened fire. 1 civilian was killed, and several others were injured.",1,crowd size=no report,1769546450
SOM54761,12-January-2026,2026,1,Political violence,Battles,Armed clash,Military Forces of Somalia (2022-) Puntland Dervish Force,,1,Islamic State Somalia Province,,2,12,,706,Eastern Africa,Somalia,Bari,Qandala,,Buuraha Cali Miskat,10.8548,49.7434,1,REDACTED IN SAMPLE,REDACTED IN SAMPLE,"On 12 January 2026, Puntland dervish forces clashed with Islamic State Somalia Province in Ceelka Gambara area within the Buuraha Cali Miskat (Qandala, Bari). The clash was initiated with RPGs. There were no casualties.",0,,1776191110
SOM54762,12-January-2026,2026,1,Political violence,Battles,Armed clash,Dir-Samaroon Sub-Clan Militia (Somalia),,4,Dir-Ciise Sub-Clan Militia (Somalia),,4,44,,706,Eastern Africa,Somalia,Awdal,Zeylac,,Cabduqaadir,10.5167,42.9333,1,REDACTED IN SAMPLE,REDACTED IN SAMPLE,"On 12 January 2026, Samaroon and Ciise sub-clan militia, both from the Dir clan, clashed in Cabduqaadir village (Zeylac, Awdal). The motive was due to a land dispute. There were no casualties.",0,,1776191110
SOM54763,12-January-2026,2026,1,Political violence,Explosions/Remote violence,Remote explosive/landmine/IED,Al Shabaab,,2,Military Forces of Somalia (2022-),,1,12,,706,Eastern Africa,Somalia,Middle Shabelle,Cadale,,Cadale,2.7603,46.3222,2,REDACTED IN SAMPLE,REDACTED IN SAMPLE,"On 12 January 2026, an IED planted by Al Shabaab exploded, targeting a government security forces (SNA) supply truck near Cadale town (Cadale, Middle Shabelle). Al Shabaab claimed to have injured 3 soldiers.",0,,1768945728
SOM54764,12-January-2026,2026,1,Political violence,Battles,Armed clash,Military Forces of Somalia (2022-) Puntland Dervish Force,,1,Islamic State Somalia Province,,2,12,,706,Eastern Africa,Somalia,Bari,Qandala,,Qandala,11.471,49.8726,1,REDACTED IN SAMPLE,REDACTED IN SAMPLE,"On 12 January 2026, Puntland dervish forces clashed with Islamic State Somalia Province near the Daban Qoxle area in Qandala town (Qandala, Bari). There were no casualties.",0,,1768945728
SOM54765,12-January-2026,2026,1,Political violence,Battles,Armed clash,Military Forces of Somalia (2022-),,1,Al Shabaab,,2,12,,706,Eastern Africa,Somalia,Lower Shabelle,Qoryooley,,Qoryooley,1.7878,44.53,1,REDACTED IN SAMPLE,REDACTED IN SAMPLE,"On 12 January 2026, government security forces (SNA) clashed with Al Shabaab at a hideout position in the vicinity of Qoryooley town (Qoryooley, Lower Shabelle). There were no casualties.",0,,1768945728
SOM54766,12-January-2026,2026,1,Political violence,Violence against civilians,Attack,Al Shabaab,,2,Civilians (Somalia),Taxi Drivers (Somalia),7,27,Civilian targeting,706,Eastern Africa,Somalia,Lower Juba,Afmadow,,Tabta,0.3046,41.4394,2,REDACTED IN SAMPLE,REDACTED IN SAMPLE,"On 12 January 2026, Al Shabaab assaulted a driver near Tabta village (Afmadow, Lower Juba). Motivation and extent of injuries unknown.",0,,1769546450
SOM54882,12-January-2026,2026,1,Political violence,Battles,Armed clash,Al Shabaab,,2,Military Forces of Somalia (2022-),,1,12,,706,Eastern Africa,Somalia,Gedo,Baardheere,,Bardera,2.3385,42.2843,1,REDACTED IN SAMPLE,REDACTED IN SAMPLE,"On 12 January 2026, Al Shabaab clashed with government security forces (SNA) at a checkpoint in Bardera town (Baardheere, Gedo). Al Shabaab claimed to have killed 1 soldier.",1,,1768945728
SOM54897,12-January-2026,2026,1,Demonstrations,Protests,Peaceful protest,Protesters (Somalia),Military Forces of Somalia (2022-) Puntland Dervish Force,6,,,0,60,,706,Eastern Africa,Somalia,Bari,Bossaso,,Kalabeyr,10.8297,49.2529,1,REDACTED IN SAMPLE,REDACTED IN SAMPLE,"On 12 January 2026, Puntland Dervish Force erected an illegal checkpoint and protested along the Bosaso main road, in the vicinity of Kalabeyr village (Bossaso, Bari). The protest was due to delayed and unpaid salaries.",0,crowd size=no report,1769546450
SOM54900,12-January-2026,2026,1,Political violence,Violence against civilians,Attack,Hawiye-Baadiade Sub-Clan Militia (Somalia),,4,Civilians (Somalia),Hawiye-Baadiade Sub-Clan Group (Somalia),7,47,Civilian targeting,706,Eastern Africa,Somalia,Hiraan,Jalalaqsi,,Jalalaqsi,3.3834,45.5969,1,REDACTED IN SAMPLE,REDACTED IN SAMPLE,"On 12 January 2026, Hawiye-Baadiade sub-clan militia shot and injured a civilian (cultivating-machine) driver from the same clan on the outskirts of Jalalaqsi town (Jalalqsi, Hiraan). The incident was motivated by an illegal snap checkpoint by the driver.",0,,1768945728
SOM54901,12-January-2026,2026,1,Political violence,Battles,Armed clash,Al Shabaab,,2,Military Forces of Somalia (2022-),,1,12,,706,Eastern Africa,Somalia,Gedo,Garbahaarey,,Garbahaarey,3.328,42.2199,2,REDACTED IN SAMPLE,REDACTED IN SAMPLE,"On 12 January 2026, Al Shabaab clashed with government soldiers (SNA) on foot patrol in the vicinity of Daarmacalin near Garbahaarey town (Garbahaarey, Gedo). Casualties unknown.",0,,1769546450
SOM54902,12-January-2026,2026,1,Political violence,Violence against civilians,Attack,Military Forces of Somalia (2022-),,1,Civilians (Somalia),,7,17,Civilian targeting,706,Eastern Africa,Somalia,Banadir,Banadir,,Mogadishu - Wadajir,2.0462,45.3341,1,REDACTED IN SAMPLE,REDACTED IN SAMPLE,"On 12 January 2026, government soldiers (SNA) opened fire on a minibus carrying passengers in the Kawo Godey neighborhood in Mogadishu - Wadajir (Banadir). The incident is believed to have occurred after the minibus refused to stop. 1 civilian bystander was injured.",0,,1768945728
SOM54903,12-January-2026,2026,1,Political violence,Explosions/Remote violence,Air/drone strike,Military Forces of the United States (2025-),Military Forces of Somalia (2022-),8,Al Shabaab,,2,28,,706,Eastern Africa,Somalia,Middle Shabelle,Balcad,,Warshiikh,2.2983,45.798,2,REDACTED IN SAMPLE,REDACTED IN SAMPLE,"On 12 January 2026, overnight, US forces and government security forces (SNA) launched an airstrike against Al Shabaab position in Jabad Godane village near Warshiikh village (Balcad, Middle Shabelle). 17 militants, including senior members, were killed.",17,,1768945728
SOM54767,13-January-2026,2026,1,Political violence,Explosions/Remote violence,Remote explosive/landmine/IED,Al Shabaab,,2,Civilians (Somalia),Government of Somalia (2022-) Southwest Administration,7,27,Civilian targeting,706,Eastern Africa,Somalia,Bay,Baydhaba,,Aawdiinle,3.1706,43.4099,1,REDACTED IN SAMPLE,REDACTED IN SAMPLE,"On 13 January 2026, an IED planted by Al Shabaab exploded, targeting the residential house of the district commissioner in Aawdiinle village (Baydhaba, Bay). Casualties unknown. Al Shabaab claimed responsibility.",0,local administrators,1769546450
SOM54768,13-January-2026,2026,1,Strategic developments,Strategic developments,Change to group/activity,Al Shabaab,,2,,,0,20,,706,Eastern Africa,Somalia,Lower Shabelle,Afgooye,,Awdheegle,1.9833,44.8333,1,REDACTED IN SAMPLE,REDACTED IN SAMPLE,"Movement of forces: On 13 January 2026, Al Shabaab were deployed in Awdheegle town (Afgooye, Lower Shabelle).",0,,1769546450
SOM54769,13-January-2026,2026,1,Strategic developments,Strategic developments,Change to group/activity,Al Shabaab,,2,,,0,20,,706,Eastern Africa,Somalia,Lower Juba,Badhaadhe,,Badhaadhe,-1.03,41.483,1,REDACTED IN SAMPLE,REDACTED IN SAMPLE,"Movement of forces: On 13 January 2026, over 150 Al Shabaab armed with heavy weapons gathered at the District Police Station and in the southern vicinity of the district water point area in Badhaadhe town (Badhaadhe, Lower Juba).",0,,1769546450
SOM54770,13-January-2026,2026,1,Political violence,Explosions/Remote violence,Grenade,Al Shabaab,,2,Military Forces of Somalia (2022-) National Intelligence and Security Agency,,1,12,,706,Eastern Africa,Somalia,Bay,Baydhaba,,Baidoa,3.1172,43.6469,1,REDACTED IN SAMPLE,REDACTED IN SAMPLE,"On 13 January 2026, overnight, Al Shabaab threw a hand grenade, targeting government security forces (NISA) on foot patrol at the Isha neighborhood in Baidoa town (Baydhaba, Bay). There were no casualties. Al Shabaab claimed responsibility.",0,,1768945728
SOM54771,13-January-2026,2026,1,Political violence,Violence against civilians,Attack,Hawiye-Habar Gedir-Saleban Sub-Clan Militia (Somalia),,4,Civilians (Somalia),Darod-Marehan-Wagardhac Sub-Clan Group (Somalia),7,47,Civilian targeting,706,Eastern Africa,Somalia,Galgaduud,Cabudwaaq,,Balli-Howd,5.8261,46.125,1,REDACTED IN SAMPLE,REDACTED IN SAMPLE,"On 13 January 2026, Hawiye-Habar Gedir-Saleban sub-clan militia attacked civilians from Darod-Marehan-Wagardhac sub-clan on a vehicle on the outskirts of Balli-Howd village (Cabudwaaq, Galgaduud). The motive was due to clan revenge. 1 person was killed and another was injured.",1,,1776191110
SOM54772,13-January-2026,2026,1,Strategic developments,Strategic developments,Change to group/activity,Al Shabaab,,2,,,0,20,,706,Eastern Africa,Somalia,Lower Shabelle,Afgooye,,Bariirre,2.0476,44.8975,1,REDACTED IN SAMPLE,REDACTED IN SAMPLE,"Movement of forces: On 13 January 2026, Al Shabaab were deployed in Bariirre village (Afgooye, Lower Shabelle).",0,,1769546450
SOM54773,13-January-2026,2026,1,Political violence,Battles,Armed clash,Al Shabaab,,2,Military Forces of Somalia (2022-),Bantu-Jareer-Weyne Makane Sub-Clan Militia (Somalia),1,12,,706,Eastern Africa,Somalia,Hiraan,Belet Weyne,,Belet Weyne,4.736,45.2043,1,REDACTED IN SAMPLE,REDACTED IN SAMPLE,"On 13 January 2026, overnight, Al Shabaab clashed with government security forces (SNA) and Bantu-Jareer-Weyne Makane sub-clan in the Doonsubagle area, Buundaweyn neighborhood of Belet Weyne town (Belet Weyne, Hiiraan). The clash was initiated with RPGs and an explosion. An unknown number of Al Shabaab and soldiers were killed and wounded. Unspecified number of fatalities coded as 3. Al Shabaab claimed responsibility.",3,,1768945728
SOM54774,13-January-2026,2026,1,Strategic developments,Strategic developments,Change to group/activity,Al Shabaab,,2,,,0,20,,706,Eastern Africa,Somalia,Lower Shabelle,Afgooye,,Caanoole,2.1304,45.0402,1,REDACTED IN SAMPLE,REDACTED IN SAMPLE,"Movement of forces: On 13 January 2026, Al Shabaab were deployed in Caanoole village (Afgooye, Lower Shabelle).",0,,1769546450
SOM54775,13-January-2026,2026,1,Political violence,Battles,Armed clash,Unidentified Armed Group (Somalia),,3,Police Forces of Somalia (2022-) Puntland Police Force,,1,13,,706,Eastern Africa,Somalia,Bari,Bossaso,,Lanta Hawada,11.2771,49.1701,1,REDACTED IN SAMPLE,REDACTED IN SAMPLE,"On 13 January 2026, 4 members of an unidentified armed group clashed with security guards of the Governor of Bari region (coded as Police Forces of Somalia (2022-) Puntland Police Force), in Lanta Hawada village (Bossaso, Bari). The gunmen targeted the Governor of the Bari region. 1 security guard was injured.",0,,1769546450
SOM54844,13-January-2026,2026,1,Demonstrations,Protests,Peaceful protest,Protesters (Somalia),Al Shabaab,6,,,0,60,,706,Eastern Africa,Somalia,Gedo,Garbahaarey,,Ceel Cadde,3.0359,41.8674,1,REDACTED IN SAMPLE,REDACTED IN SAMPLE,"On 13 January 2026, hundreds of residents protested in Ceel Cadde town (Garbahaarey, Gedo) against Israel's recognition of Somaliland as an independent country. Al Shabaab organized the protest.",0,crowd size=hundreds,1769546450
SOM54850,13-January-2026,2026,1,Political violence,Battles,Armed clash,Al Shabaab,,2,AUSSOM: Africa Union Support and Stabilisation Mission in Somalia (2025-) (Ethiopia),,8,28,,706,Eastern Africa,Somalia,Bay,Diinsoor,,Diinsoor,2.4074,42.9766,1,REDACTED IN SAMPLE,REDACTED IN SAMPLE,"On 13 January 2026, Al Shabaab clashed with AUSSOM ENDF troops at the airstrip base in Diinsoor town (Diinsoor, Bay). There were no casualties.",0,,1768945728
SOM54776,14-January-2026,2026,1,Political violence,Battles,Armed clash,Military Forces of Somalia (2022-) National Intelligence and Security Agency,,1,Al Shabaab,,2,12,,706,Eastern Africa,Somalia,Lower Shabelle,Afgooye,,Afgooye,2.15,45.116,2,REDACTED IN SAMPLE,REDACTED IN SAMPLE,"On 14 January 2026, government security forces (NISA) clashed with Al Shabaab hideout near Afgooye town (Afgooye, Lower Shabelle). 1 militant was killed.",1,,1769546450
SOM54777,14-January-2026,2026,1,Political violence,Battles,Armed clash,Al Shabaab,,2,Military Forces of Somalia (2022-),,1,12,,706,Eastern Africa,Somalia,Lower Shabelle,Afgooye,,Afgooye,2.15,45.116,1,REDACTED IN SAMPLE,REDACTED IN SAMPLE,"On 14 January 2026, Al Shabaab clashed with government security forces (SNA) in the Hantadhereer area in Afgooye town (Afgooye, Lower Shabelle). There were no casualties.",0,,1769546450
SOM54778,14-January-2026,2026,1,Political violence,Battles,Armed clash,Hawiye-Habar Gedir-Saleban Sub-Clan Militia (Somalia),,4,Darod-Marehan-Wagardhac Sub-Clan Militia (Somalia),,4,44,,706,Eastern Africa,Somalia,Galgaduud,Cabudwaaq,,Balicad,6.3843,46.4523,1,REDACTED IN SAMPLE,REDACTED IN SAMPLE,"On 14 January 2026, Hawiye-Habar Gedir-Saleban sub-clan militia and Darod-Marehan-Wagardhac sub-clan militia clashed in Balicad village (Cabudwaaq, Galgaduud). The motive was due to clan revenge. 1 was killed and 2 others were injured.",1,,1769546450
SOM54779,14-January-2026,2026,1,Political violence,Explosions/Remote violence,Shelling/artillery/missile attack,Al Shabaab,,2,Military Forces of Somalia (2022-),Military Forces of Somalia (2022-) Jubaland Security Force,1,12,,706,Eastern Africa,Somalia,Lower Juba,Jamaame,,Bangeeni,0.05,42.7167,2,REDACTED IN SAMPLE,REDACTED IN SAMPLE,"On 14 January 2026, Al Shabaab fired shells towards government security forces (SNA) and Jubaland security forces on a temporary basis near Bangeeni village (Jamaame, Lower Juba). Casualties unknown.",0,,1768945728
SOM54780,14-January-2026,2026,1,Political violence,Explosions/Remote violence,Air/drone strike,Military Forces of the United States (2025-),,8,Al Shabaab,,2,28,,706,Eastern Africa,Somalia,Lower Shabelle,Afgooye,,Bariirre,2.0476,44.8975,2,REDACTED IN SAMPLE,REDACTED IN SAMPLE,"On 14 January 2026, US forces conducted airstrikes targeting Al Shabaab position approximately 55 km southwest of Mogadishu, near Bariirre village (Afgooye, Lower Shabelle). Casualties unknown.",0,,1769546450
SOM54781,14-January-2026,2026,1,Demonstrations,Protests,Peaceful protest,Protesters (Somalia),,6,,,0,60,,706,Eastern Africa,Somalia,Woqooyi Galbeed,Berbera,,Berbera,10.4396,45.0143,1,REDACTED IN SAMPLE,REDACTED IN SAMPLE,"On 14 January 2026, residents protested in Berbera town (Berbera, Woqooyi Galbeed) against the federal government of Somalia, which suspended bilateral agreements with the United Arab Emirates.",0,crowd size=no report,1769546450
SOM54782,14-January-2026,2026,1,Demonstrations,Protests,Peaceful protest,Protesters (Somalia),,6,,,0,60,,706,Eastern Africa,Somalia,Togdheer,Burco,,Burco,9.745,45.634,1,REDACTED IN SAMPLE,REDACTED IN SAMPLE,"On 14 January 2026, residents protested in Burco town (Burco, Togdheer) against the federal government of Somalia, which suspended bilateral agreements with the United Arab Emirates.",0,crowd size=no report,1769546450
SOM54783,14-January-2026,2026,1,Political violence,Battles,Armed clash,Military Forces of Somalia (2022-) National Intelligence and Security Agency,,1,Al Shabaab,,2,12,,706,Eastern Africa,Somalia,Lower Shabelle,Qoryooley,,Busley Da'Ud,1.8536,44.7452,1,REDACTED IN SAMPLE,REDACTED IN SAMPLE,"On 14 January 2026, government security forces (NISA) launched an operation and clashed with Al Shabaab in Busley Da'Ud village (Qoryooley, Lower Shabelle). There were no casualties.",0,,1768945728
SOM54784,14-January-2026,2026,1,Political violence,Battles,Armed clash,Military Forces of Somalia (2022-),Military Forces of Somalia (2022-) Jubaland Security Force,1,Al Shabaab,,2,12,,706,Eastern Africa,Somalia,Lower Juba,Kismaayo,,Buulo Xaaji,-0.632,41.9839,1,REDACTED IN SAMPLE,REDACTED IN SAMPLE,"On 14 January 2026, government security forces (SNA) and Jubaland security forces clashed with Al Shabaab in Buulo Xaaji village (Kismaayo, Lower Juba), Xalima Caddey, Wadajir, Boqoqaha, Garas Kukiye, and Hajini area (coded separately). 5-12 militants were killed. Fatalities coded as 12 based on Local Network and Shabelle Media Network (latest reports). 12 fatalities split across 4 events and coded as 3 for this event.",3,,1769546450
SOM54785,14-January-2026,2026,1,Strategic developments,Strategic developments,Disrupted weapons use,Military Forces of Somalia (2022-) Jubaland Security Force,,1,Al Shabaab,,2,12,,706,Eastern Africa,Somalia,Lower Juba,Kismaayo,,Buulo Xaaji,-0.632,41.9839,1,REDACTED IN SAMPLE,REDACTED IN SAMPLE,"Defusal: On 14 January 2026, Jubaland security forces defused a remote-controlled IED planted by Al Shabaab along the main road, in the vicinity of Buulo Xaaji village (Kismaayo, Lower Juba).",0,,1769546450
SOM54786,14-January-2026,2026,1,Political violence,Battles,Armed clash,Hawiye-Habar Gedir-Saleban Sub-Clan Militia (Somalia),,4,Darod-Marehan-Wagardhac Sub-Clan Militia (Somalia),,4,44,,706,Eastern Africa,Somalia,Galgaduud,Cabudwaaq,,Cabudwaaq,6.1478,46.3964,1,REDACTED IN SAMPLE,REDACTED IN SAMPLE,"On 14 January 2026, Hawiye-Habar Gedir Saleban and Darod-Marehan-Wagardhac clan militias clashed in the Xanaan Fariid area of Cabudwaaq town (Cabudwaaq, Galgaduud), resulting in an unspecified number of casualties. One clan militia was captured. Unspecified number of fatalities coded as 3.",3,,1769546450
SOM54787,14-January-2026,2026,1,Political violence,Battles,Armed clash,Military Forces of Somalia (2022-) National Intelligence and Security Agency,,1,Al Shabaab,,2,12,,706,Eastern Africa,Somalia,Lower Shabelle,Marka,,Cagaaran,1.6947,44.7471,1,REDACTED IN SAMPLE,REDACTED IN SAMPLE,"On 14 January 2026, government security forces (NISA) launched an operation and clashed with Al Shabaab in Cagaaran village (Marka, Lower Shabelle). There were no casualties.",0,,1769546450
SOM54788,14-January-2026,2026,1,Demonstrations,Protests,Peaceful protest,Protesters (Somalia),Labor Group (Somalia),6,,,0,60,,706,Eastern Africa,Somalia,Woqooyi Galbeed,Gebiley,,Gabiley,9.7333,43.6333,1,REDACTED IN SAMPLE,REDACTED IN SAMPLE,"On 14 January 2026, a group of khat traders blocked (means unspecified) the road in Gabiley town (Gebiley, Woqooyi Galbeed) against increased taxation.",0,crowd size=no report,1769546450
SOM54789,14-January-2026,2026,1,Demonstrations,Protests,Peaceful protest,Protesters (Somalia),,6,,,0,60,,706,Eastern Africa,Somalia,Woqooyi Galbeed,Gebiley,,Gabiley,9.7333,43.6333,1,REDACTED IN SAMPLE,REDACTED IN SAMPLE,"On 14 January 2026, residents protested in Gabiley town (Gebiley, Woqooyi Galbeed) against the federal government of Somalia, which suspended bilateral agreements with the United Arab Emirates.",0,crowd size=no report,1769546450
SOM54790,14-January-2026,2026,1,Political violence,Battles,Armed clash,Military Forces of Somalia (2022-),Military Forces of Somalia (2022-) Jubaland Security Force,1,Al Shabaab,,2,12,,706,Eastern Africa,Somalia,Lower Juba,Kismaayo,,Gurmadka,-0.4778,42.2261,2,REDACTED IN SAMPLE,REDACTED IN SAMPLE,"On 14 January 2026, government security forces (SNA) and Jubaland security forces clashed with Al Shabaab in Boqoqaha, Garas Kukiye, and Hajini areas near Gurmadka village (Kismaayo, Lower Juba), Wadajir, Xaliima Caddey, and Buulo Xaaji villages (coded separately). 5-12 militants were killed. Fatalities coded as 12 based on Local Network and Shabelle Media Network (latest reports). 12 fatalities split across 4 events and coded as 3 for this event.",3,,1769546450
SOM54791,14-January-2026,2026,1,Demonstrations,Riots,Violent demonstration,Rioters (Somalia),Students (Somalia),5,Civilians (Somalia),Police Forces of Somalia (2022-); Teachers (Somalia),7,57,,706,Eastern Africa,Somalia,Woqooyi Galbeed,Hargeysa,,Hargeysa,9.5598,44.0668,1,REDACTED IN SAMPLE,REDACTED IN SAMPLE,"On 14 January 2026, students at Gad yare school threw stones at the headmaster's office and slightly injured him in Masa Laha area in Hargeysa town (Hargeysa, Woqooyi Galbeed) during a demonstration against the firing of teachers. The police arrived at the scene and shot into the air to disperse the students.",0,crowd size=no report,1768945728
SOM54792,14-January-2026,2026,1,Demonstrations,Protests,Peaceful protest,Protesters (Somalia),,6,,,0,60,,706,Eastern Africa,Somalia,Woqooyi Galbeed,Hargeysa,,Hargeysa,9.5598,44.0668,1,REDACTED IN SAMPLE,REDACTED IN SAMPLE,"On 14 January 2026, residents protested in Moahmed Haybe and Ahmed Dagah areas in Hargeysa town (Hargeysa, Woqooyi Galbeed) aganist the federal government of Somalia, which suspended bilateral agreements with the United Arab Emirates. They were chanting Somaliland is not Somalia.",0,crowd size=no report,1768945728
SOM54793,14-January-2026,2026,1,Political violence,Battles,Armed clash,Al Shabaab,,2,Military Forces of Somalia (2022-) Special Forces,,1,12,,706,Eastern Africa,Somalia,Lower Shabelle,Afgooye,,K60,1.9243,44.9231,1,REDACTED IN SAMPLE,REDACTED IN SAMPLE,"On 14 January 2026, Al Shabaab clashed with a government security forces (Gorgor) convoy in the vicinity of K60 village (Afgooye, Lower Shabelle). Al Shabaab claimed to have killed 7 soldiers and confiscated 7 weapons, including RPGs and PKMs.",7,,1768945728
SOM54794,14-January-2026,2026,1,Political violence,Explosions/Remote violence,Shelling/artillery/missile attack,Al Shabaab,,2,Military Forces of Somalia (2022-),Military Forces of Somalia (2022-) Jubaland Security Force,1,12,,706,Eastern Africa,Somalia,Lower Juba,Jamaame,,Kobon,0.0356,42.7091,2,REDACTED IN SAMPLE,REDACTED IN SAMPLE,"On 14 January 2026, Al Shabaab fired shells towards government security forces (SNA) and Jubaland security forces at a temporary basis near Kobon village (Jamaame, Lower Juba). Casualties unknown.",0,,1768945728
SOM54795,14-January-2026,2026,1,Strategic developments,Strategic developments,Change to group/activity,Military Forces of Somalia (2022-) Special Forces,,1,,,0,10,,706,Eastern Africa,Somalia,Sool,Laas Caanood,,Laascaanood,8.4774,47.3597,1,REDACTED IN SAMPLE,REDACTED IN SAMPLE,"Movement of forces: On 14 January 2026, government security forces (Danab) with several dozens of armed technical vehicles arrived in Laascaanood town (Laas Caanood, Sool). The forces were deployed from Bossaso and Garowe. The arrangement is linked to preparations for the upcoming visit of Somalia's Federal President to Laascaanood.",0,,1769546450
SOM54796,14-January-2026,2026,1,Political violence,Battles,Armed clash,Military Forces of Somalia (2022-) National Intelligence and Security Agency,,1,Al Shabaab,,2,12,,706,Eastern Africa,Somalia,Lower Shabelle,Marka,,Marka,1.7131,44.7639,2,REDACTED IN SAMPLE,REDACTED IN SAMPLE,"On 14 January 2026, government security forces (NISA) launched an operation and clashed with Al Shabaab in Bula Haji Isse village near Marka town (Marka, Lower Shabelle). There were no casualties.",0,,1769546450
SOM54797,14-January-2026,2026,1,Political violence,Riots,Mob violence,Rioters (Somalia),Vigilante Group (Somalia),5,Civilians (Somalia),,7,57,Civilian targeting,706,Eastern Africa,Somalia,Banadir,Banadir,,Mogadishu,2.0414,45.3337,1,REDACTED IN SAMPLE,REDACTED IN SAMPLE,"On 14 January 2026, a mob attacked, beat, and injured a civilian accused of stealing in the downtown areas of Mogadishu (Banadir).",0,crowd size=no report,1769546450
SOM54798,14-January-2026,2026,1,Demonstrations,Protests,Peaceful protest,Protesters (Somalia),,6,,,0,60,,706,Eastern Africa,Somalia,Banadir,Banadir,,Mogadishu - Hamar Jabjab,2.0276,45.33,1,REDACTED IN SAMPLE,REDACTED IN SAMPLE,"On 14 January 2026, residents protested in Mogadishu - Hamar Jabjab (Banadir) against the forced eviction by the government.",0,crowd size=no report,1769546450
SOM54799,14-January-2026,2026,1,Political violence,Battles,Armed clash,Al Shabaab,,2,Military Forces of Somalia (2022-),,1,12,,706,Eastern Africa,Somalia,Lower Shabelle,Afgooye,,Mukaiga,2.1517,45.0686,1,REDACTED IN SAMPLE,REDACTED IN SAMPLE,"On 14 January 2026, Al Shabaab clashed with government security forces (SNA) in Mukaiga village (Afgooye, Lower Shabelle). There were no casualties.",0,,1769546450
SOM54800,14-January-2026,2026,1,Political violence,Battles,Armed clash,Military Forces of Somalia (2022-),Military Forces of Somalia (2022-) Jubaland Security Force,1,Al Shabaab,,2,12,,706,Eastern Africa,Somalia,Lower Juba,Badhaadhe,,Wadajir,-0.7334,41.6643,1,REDACTED IN SAMPLE,REDACTED IN SAMPLE,"On 14 January 2026, government security forces (SNA) and Jubaland security forces clashed with Al Shabaab in Wadajir village (Badhaadhe, Lower Juba), Xalima Caddey, Buulo Xaaji, Boqoqaha, Garas Kukiye, and Hajini area (coded separately). 5-12 militants were killed. Fatalities coded as 12 based on Local Network and Shabelle Media Network (latest reports). 12 fatalities split across 4 events and coded as 3 for this event.",3,,1768945728
SOM54801,14-January-2026,2026,1,Political violence,Battles,Armed clash,Military Forces of Somalia (2022-),Military Forces of Somalia (2022-) Jubaland Security Force,1,Al Shabaab,,2,12,,706,Eastern Africa,Somalia,Lower Juba,Kismaayo,,Xaliima Caddey,-0.6666,41.7333,1,REDACTED IN SAMPLE,REDACTED IN SAMPLE,"On 14 January 2026, government security forces (SNA) and Jubaland security forces clashed with Al Shabaab in Xaliima Caddey village (Kismaayo, Lower Juba), Wadajir, Buulo Xaaji, Boqoqaha, Garas Kukiye, and Hajini area (coded separately). 5-12 militants were killed. Fatalities coded as 12 based on Local Network and Shabelle Media Network (latest reports). 12 fatalities split across 4 events and coded as 3 for this event.",3,,1769546450
SOM54851,14-January-2026,2026,1,Political violence,Battles,Armed clash,Al Shabaab,,2,AUSSOM: Africa Union Support and Stabilisation Mission in Somalia (2025-) (Ethiopia),,8,28,,706,Eastern Africa,Somalia,Bay,Diinsoor,,Diinsoor,2.4074,42.9766,1,REDACTED IN SAMPLE,REDACTED IN SAMPLE,"On 14 January 2026, overnight, Al Shabaab clashed with AUSSOM ENDF troops at the airstrip base in Diinsoor town (Diinsoor, Bay). There were no casualties.",0,,1768945728
SOM54802,15-January-2026,2026,1,Political violence,Battles,Armed clash,Al Shabaab,,2,Police Forces of Somalia (2022-) Southwest Special Police Forces,,1,12,,706,Eastern Africa,Somalia,Bay,Baydhaba,,Baidoa,3.1172,43.6469,1,REDACTED IN SAMPLE,REDACTED IN SAMPLE,"On 15 January 2026, Al Shabaab clashed with Southwest Special Police Forces (SWSPF) at a checkpoint near the animal market on the southeastern outskirts of Baidoa town (Baydhaba, Bay). Al Shabaab claimed to have injured 1 soldier.",0,,1768945728
SOM54803,15-January-2026,2026,1,Demonstrations,Protests,Protest with intervention,Protesters (Somalia),,6,Police Forces of Somaliland (2024-),,1,16,,706,Eastern Africa,Somalia,Awdal,Borama,,Borama,9.9387,43.1839,1,REDACTED IN SAMPLE,REDACTED IN SAMPLE,"On 15 January 2026, residents protested in Borama town (Borama, Awdal) against the Somaliland administration. The Somaliland police dispersed the youths.",0,crowd size=no report,1768945728
SOM54804,15-January-2026,2026,1,Political violence,Explosions/Remote violence,Air/drone strike,Unidentified Military Forces,Military Forces of Somalia (2022-) National Intelligence and Security Agency,8,Al Shabaab,,2,28,,706,Eastern Africa,Somalia,Middle Juba,Bu'aale,,Buaale,1.2448,42.5732,1,REDACTED IN SAMPLE,REDACTED IN SAMPLE,"On 15 January 2026, international forces (coded as Unidentified Military Forces) and government security forces (NISA) launched an airstrike against Al Shabaab position in Buaale town (Bu'aale, Middle Shabelle). Casualties unknown.",0,,1768945728
SOM54805,15-January-2026,2026,1,Political violence,Battles,Armed clash,Military Forces of Somalia (2022-),AUSSOM: Africa Union Support and Stabilisation Mission in Somalia (2025-) (Uganda); Unidentified Military Forces,1,Al Shabaab,,2,12,,706,Eastern Africa,Somalia,Lower Shabelle,Marka,,Buulo Nagaad,1.8494,44.8461,1,REDACTED IN SAMPLE,REDACTED IN SAMPLE,"On 15 January 2026, government security forces (SNA) and AUSSOM UPDF troops clashed with Al Shabaab in the vicinity of Buulo Nagaad village (Marka, Lower Juba). The operation was supported by an airstrike from international forces (coded as Unidentified Military Forces). More than 30 militants were killed.",30,,1769546450
SOM54806,15-January-2026,2026,1,Political violence,Battles,Armed clash,Military Forces of Somalia (2022-) Puntland Dervish Force,,1,Islamic State Somalia Province,,2,12,,706,Eastern Africa,Somalia,Bari,Qandala,,Buuraha Cali Miskat,10.8548,49.7434,1,REDACTED IN SAMPLE,REDACTED IN SAMPLE,"On 15 January 2026, Puntland dervish forces clashed with Islamic State Somalia Province in Ceelka Dharinta Sabaxsabax area in Buuraha Cali Miskat (Qandala, Bari). The forces captured the hideout. Casualties unknown.",0,,1776191110
SOM54807,15-January-2026,2026,1,Strategic developments,Strategic developments,Change to group/activity,Islamic State Somalia Province,,2,,,0,20,,706,Eastern Africa,Somalia,Bari,Qandala,,Buuraha Cali Miskat,10.8548,49.7434,1,REDACTED IN SAMPLE,REDACTED IN SAMPLE,"Movement of forces: On 15 January 2026, Islamic State Somalia Province arrived near the Ceelka Gambara village in Buuraha Cali Miskat (Qandala, Bari).",0,,1776191110
SOM54808,15-January-2026,2026,1,Political violence,Battles,Armed clash,Al Shabaab,,2,Military Forces of Somalia (2022-),Hawiye-Abgal Sub-Clan Militia (Somalia),1,12,,706,Eastern Africa,Somalia,Middle Shabelle,Cadale,,Cadale,2.7603,46.3222,2,REDACTED IN SAMPLE,REDACTED IN SAMPLE,"On 15 January 2026, government security forces (SNA) and Hawiye-Abgal sub-clan militia in Laandheer village near Cadale town (Cadale, Middle Shabelle). Al Shabaab claimed to have injured 6 soldiers. Several Al Shabaab were killed. Unspecified number of fatalities coded as 3. Al Shabaab claimed responsibility.",3,,1768945728
SOM54809,15-January-2026,2026,1,Political violence,Explosions/Remote violence,Remote explosive/landmine/IED,Al Shabaab,,2,Military Forces of Somalia (2022-),,1,12,,706,Eastern Africa,Somalia,Middle Shabelle,Cadale,,Cadale,2.7603,46.3222,2,REDACTED IN SAMPLE,REDACTED IN SAMPLE,"On 15 January 2026, an IED planted by Al Shabaab exploded, targeting government security forces (SNA) convoy near Cadale town (Cadale, Middle Shabelle). Al Shabaab claimed to have killed 3 soldiers and 2 others were injured.",3,,1768945728
SOM54810,15-January-2026,2026,1,Political violence,Battles,Armed clash,Islamic State Somalia Province,,2,Military Forces of Somalia (2022-) Puntland Dervish Force,,1,12,,706,Eastern Africa,Somalia,Bari,Qandala,,Dasaan,11.1703,49.8239,1,REDACTED IN SAMPLE,REDACTED IN SAMPLE,"On 15 January 2026, Islamic State Somalia Province ambushed a Puntland Dervish Force on the outskirts of Dasaan village (Qandala, Bari). There were no casualties.",0,,1768945728
SOM54811,15-January-2026,2026,1,Demonstrations,Protests,Peaceful protest,Protesters (Somalia),,6,,,0,60,,706,Eastern Africa,Somalia,Nugaal,Garoowe,,Garowe,8.4064,48.4819,1,REDACTED IN SAMPLE,REDACTED IN SAMPLE,"On 15 January 2026, the Garowe regional administration organized a protest in Garowe town (Garoowe, Nugaal). They rejected the move of the federal government of Somalia to cut off ties with the United Arab Emirates (UAE). They said the UAE supported the operation against the Islamic State in Puntland.",0,crowd size=no report,1769546450
SOM54812,15-January-2026,2026,1,Demonstrations,Protests,Peaceful protest,Protesters (Somalia),,6,,,0,60,,706,Eastern Africa,Somalia,Woqooyi Galbeed,Hargeysa,,Hargeysa,9.5598,44.0668,1,REDACTED IN SAMPLE,REDACTED IN SAMPLE,"On 15 January 2026, youths and local officials protested in front of the gate of Xarunta's district administration in Hargeysa town (Hargeysa, Woqooyi Galbeed) against the troops' deployment to Lascanood town. They demanded respect and claimed the Sool region is part of Somaliland.",0,crowd size= no report,1768945728
SOM54813,15-January-2026,2026,1,Political violence,Battles,Armed clash,Al Shabaab,,2,Military Forces of Somalia (2022-) Special Forces,,1,12,,706,Eastern Africa,Somalia,Lower Shabelle,Afgooye,,K60,1.9243,44.9231,1,REDACTED IN SAMPLE,REDACTED IN SAMPLE,"On 15 January 2026, Al Shabaab clashed with government security forces (Gorgor) convoy in the vicinity of K60 village (Afgooye, Lower Shabelle). Al Shabaab claimed to have killed at least 2 soldiers and destroyed one motorcycle. Al Shabaab claimed responsibility.",2,,1768945728
SOM54814,15-January-2026,2026,1,Demonstrations,Protests,Peaceful protest,Protesters (Somalia),,6,,,0,60,,706,Eastern Africa,Somalia,Lower Juba,Kismaayo,,Kismayo,-0.3603,42.5463,1,REDACTED IN SAMPLE,REDACTED IN SAMPLE,"On 15 January 2026, residents protested in the K2 area in Kismayo town (Kismaayo, Lower Juba). They rejected the move of the federal government of Somalia to cut off ties with the United Arab Emirates.",0,crowd size=no report,1768945728
SOM54815,15-January-2026,2026,1,Political violence,Battles,Armed clash,Al Shabaab,,2,Military Forces of Somalia (2022-),Hawiye-Abgal Sub-Clan Militia (Somalia),1,12,,706,Eastern Africa,Somalia,Middle Shabelle,Cadale,,Masjid Cali Gaduud,3.1808,46.4354,1,REDACTED IN SAMPLE,REDACTED IN SAMPLE,"On 15 January 2026, Al Shabaab clashed with government security forces (SNA) and Hawiye Abgal clan militia at a base in the vicinity of Masjid Cali Gaduud village (Cadale, Middle Shabelle). Several Al Shabaab members were killed, including senior members. Unspecified number of fatalities coded as 3. Al Shabaab claimed responsibility.",0,,1768945728
SOM54816,15-January-2026,2026,1,Political violence,Explosions/Remote violence,Remote explosive/landmine/IED,Al Shabaab,,2,Military Forces of Somalia (2022-),,1,12,,706,Eastern Africa,Somalia,Banadir,Banadir,,Mogadishu - Garasbaaley,2.0611,45.2589,1,REDACTED IN SAMPLE,REDACTED IN SAMPLE,"On 15 January 2026, a remote-controlled IED planted by Al Shabaab exploded, targeting government security forces (SNA) convoy in the vicinity of Mogadishu - Garasbaaley (Banadir). Al Shabaab claimed to killed 7 soldiers and 3 others were injured.",7,,1768945728
SOM54817,15-January-2026,2026,1,Political violence,Battles,Armed clash,Police Forces of Somalia (2022-),,1,Military Forces of Somalia (2022-),,1,11,,706,Eastern Africa,Somalia,Banadir,Banadir,,Mogadishu - Garasbaaley,2.0611,45.2589,1,REDACTED IN SAMPLE,REDACTED IN SAMPLE,"On 15 January 2026, police security forces and government security forces (SNA) clashed at the Macaani area in Mogadishu - Garasbaaley (Banadir). The motive of the clash was unclear. Casualties unknown.",0,,1768945728
SOM54818,15-January-2026,2026,1,Political violence; Demonstrations,Protests,Excessive force against protesters,Protesters (Somalia),,6,Police Forces of Somalia (2022-),,1,16,Civilian targeting,706,Eastern Africa,Somalia,Banadir,Banadir,,Mogadishu - Hamar Jabjab,2.0276,45.33,1,REDACTED IN SAMPLE,REDACTED IN SAMPLE,"On 15 January 2026, residents protested and blocked the main road (through unspecified means) in Mogadishu - Hamar Jabjab (Banadir) against the forced eviction by the government. The police forces opened heavy gunfire on the people, and a young boy was killed after soldiers hit him with their vehicle.",1,crowd size=no report,1769546450
SOM54819,15-January-2026,2026,1,Political violence,Violence against civilians,Attack,Police Forces of Somalia (2022-),,1,Civilians (Somalia),,7,17,Civilian targeting,706,Eastern Africa,Somalia,Banadir,Banadir,,Mogadishu - Hawl Wadaag,2.048,45.32,1,REDACTED IN SAMPLE,REDACTED IN SAMPLE,"On 15 January 2026, police security forces opened fire on a vehcile suspected of carrying an IED explosion at the main road in Mogadishu - Hawl Wadaag (Banadir, Banadir). Casualties unknown.",0,,1769546450
SOM54820,15-January-2026,2026,1,Political violence,Violence against civilians,Attack,Military Forces of Somalia (2022-) National Intelligence and Security Agency,,1,Civilians (Somalia),,7,17,Civilian targeting,706,Eastern Africa,Somalia,Banadir,Banadir,,Mogadishu - Yaqshid,2.0678,45.35,1,REDACTED IN SAMPLE,REDACTED IN SAMPLE,"On 15 January 2026, a government soldier (NISA) shot and injured a civilian driver in Suuq Bacad in Mogadishu - Yaqshid (Banadir). No further information.",0,,1769546450
SOM54821,15-January-2026,2026,1,Political violence,Battles,Armed clash,Islamic State Somalia Province,,2,Military Forces of Somalia (2022-) Puntland Dervish Force,,1,12,,706,Eastern Africa,Somalia,Bari,Qandala,,Qandala,11.471,49.8726,1,REDACTED IN SAMPLE,REDACTED IN SAMPLE,"On 15 January 2026, Islamic State Somalia Province clashed with Puntland dervish forces' convoy near Walinsoor village in Qandala town (Qandala, Bari). There were no casualties.",0,,1768945728
SOM54822,15-January-2026,2026,1,Political violence,Battles,Armed clash,Al Shabaab,,2,Police Forces of Somalia (2022-) Southwest Special Police Forces,,1,12,,706,Eastern Africa,Somalia,Bay,Qansax Dheere,,Qansax Dheere,2.8712,43.0043,1,REDACTED IN SAMPLE,REDACTED IN SAMPLE,"On 15 January 2026, Al Shabaab clashed with Southwest Special Police Forces (SWSPF) at a base in Qansax Dheere town (Qansax Dheere, Bay). There were no casualties. Al Shabaab claimed responsibility.",0,,1769546450
SOM54823,15-January-2026,2026,1,Demonstrations,Protests,Peaceful protest,Protesters (Somalia),,6,,,0,60,,706,Eastern Africa,Somalia,Awdal,Zeylac,,Saylac,11.3539,43.4731,1,REDACTED IN SAMPLE,REDACTED IN SAMPLE,"On 15 January 2026, residents protested in Saylac town (Zeylac, Awdal) against the Somaliland administration.",0,crowd size=no report,1768945728
SOM54845,15-January-2026,2026,1,Demonstrations,Protests,Peaceful protest,Protesters (Somalia),Taxi Drivers (Somalia),6,,,0,60,,706,Eastern Africa,Somalia,Banadir,Banadir,,Mogadishu - Hodan,2.0376,45.3058,1,REDACTED IN SAMPLE,REDACTED IN SAMPLE,"On 15 January 2026, tuk-tuk drivers protested on Maka-Al Mukarama road in Mogadishu - Hodan (Banadir) against Somaliland, Israel, and the United Arab Emirates. They welcomed the decision of the government.",0,crowd size=no report,1768945728
SOM54904,15-January-2026,2026,1,Political violence,Explosions/Remote violence,Air/drone strike,Military Forces of the United States (2025-),,8,Al Shabaab,,2,28,,706,Eastern Africa,Somalia,Lower Juba,Jamaame,,Wirkooy,-0.0295,42.5985,2,REDACTED IN SAMPLE,REDACTED IN SAMPLE,"On 15 January 2026, US forces conducted airstrikes targeting Al Shabaab positions, 45 km northeast of Kismaayo, near Wirkooy village (Jamaame, Lower Juba). Casualties unknown.",0,,1769546450
SOM54824,16-January-2026,2026,1,Political violence,Battles,Armed clash,Military Forces of Somalia (2022-) Puntland Dervish Force,,1,Islamic State Somalia Province,,2,12,,706,Eastern Africa,Somalia,Bari,Bossaso,,Balade,11.2761,49.164,1,REDACTED IN SAMPLE,REDACTED IN SAMPLE,"On 16 January 2026, Puntland dervish forces clashed with Islamic State Somalia Province in Balade village (Bossaso, Bari). There were no casualties.",0,,1769546450
SOM54825,16-January-2026,2026,1,Political violence,Battles,Armed clash,Islamic State Somalia Province,,2,Military Forces of Somalia (2022-) Puntland Dervish Force,,1,12,,706,Eastern Africa,Somalia,Bari,Qandala,,Daanyo,11.0771,50.1374,1,REDACTED IN SAMPLE,REDACTED IN SAMPLE,"On 16 January 2026, Islamic State Somalia Province ambushed a Puntland Dervish Force on the outskirts of Daanyo village (Qandala, Bari). There were no casualties.",0,,1776191110
SOM54826,16-January-2026,2026,1,Political violence,Explosions/Remote violence,Remote explosive/landmine/IED,Islamic State Somalia Province,,2,Military Forces of Somalia (2022-) Puntland Dervish Force,,1,12,,706,Eastern Africa,Somalia,Bari,Qandala,,Dhaadaar,11.128,49.8755,2,REDACTED IN SAMPLE,REDACTED IN SAMPLE,"On 16 January 2026, an IED planted by Islamic State Somalia Province exploded, targeting a Puntland dervish forces convoy near Dhaadaar village (Qandala, Bari). Soldiers were injured. Extent of injuries unknown.",0,,1768945728
SOM54827,16-January-2026,2026,1,Demonstrations,Protests,Peaceful protest,Protesters (Somalia),,6,,,0,60,,706,Eastern Africa,Somalia,Woqooyi Galbeed,Hargeysa,,Hargeysa,9.5598,44.0668,1,REDACTED IN SAMPLE,REDACTED IN SAMPLE,"On 16 January 2026, residents, including youths, protested in the Moahmed Haybe area in Hargeysa town (Hargeysa, Woqooyi Galbeed) against the visit of the Somali Prime Minister and President to Lascannod town. They demanded respect and claimed the Sool region is part of Somaliland.",0,crowd size= no report,1768945728
SOM54828,16-January-2026,2026,1,Political violence,Violence against civilians,Attack,Military Forces of Somalia (2022-) National Intelligence and Security Agency,,1,Civilians (Somalia),,7,17,Civilian targeting,706,Eastern Africa,Somalia,Banadir,Banadir,,Mogadishu - Hodan,2.0376,45.3058,1,REDACTED IN SAMPLE,REDACTED IN SAMPLE,"On 16 January 2026, government security forces (NISA) beat and injured a civilian in Saybiano village in Mogadishu - Hodan (Banadir).",0,,1768945728
SOM54829,16-January-2026,2026,1,Strategic developments,Strategic developments,Change to group/activity,Military Forces of Somaliland (2024-),,1,,,0,10,,706,Eastern Africa,Somalia,Sool,Caynabo,,Oog,8.9348,46.6207,1,REDACTED IN SAMPLE,REDACTED IN SAMPLE,"Movement of forces: On 16 January 2026, additional Somaliland security forces were deployed in Oog village (Caynabo, Sool) amid the recent deployments of Danab forces to Lascanood.",0,,1769546450
SOM54830,16-January-2026,2026,1,Strategic developments,Strategic developments,Change to group/activity,Al Shabaab,,2,,,0,20,,706,Eastern Africa,Somalia,Bari,Qandala,,Qandala,11.471,49.8726,1,REDACTED IN SAMPLE,REDACTED IN SAMPLE,"Movement of forces: On 16 January 2026, armed Al Shabaab fighters were seen arriving in the Marmarka area in Qandala town (Qandala, Bari).",0,,1768945728
SOM54831,16-January-2026,2026,1,Strategic developments,Strategic developments,Change to group/activity,Military Forces of Somaliland (2024-),,1,,,0,10,,706,Eastern Africa,Somalia,Togdheer,Buuhoodle,,Qoorlugud,8.5533,46.2256,1,REDACTED IN SAMPLE,REDACTED IN SAMPLE,"Movement of forces: On 16 January 2026, additional Somaliland security forces were deployed in Qoorlugud village (Buuhoodle, Togdheer), amid the recent deployments of Danab forces to Lascanood.",0,,1769546450
SOM54832,16-January-2026,2026,1,Political violence,Battles,Armed clash,Islamic State Somalia Province,,2,Military Forces of Somalia (2022-) Puntland Dervish Force,,1,12,,706,Eastern Africa,Somalia,Bari,Qandala,,Sixna,11.061,50.2123,1,REDACTED IN SAMPLE,REDACTED IN SAMPLE,"On 16 January 2026, Islamic State Somalia Province ambushed Puntland Dervish Force in the Sixna village (Qandala, Bari). Soldiers were injured. Extent of injuries unknown.",0,,1768945728
SOM54846,16-January-2026,2026,1,Demonstrations,Protests,Peaceful protest,Protesters (Somalia),Al Shabaab,6,,,0,60,,706,Eastern Africa,Somalia,Lower Shabelle,Afgooye,,Awdheegle,1.9833,44.8333,2,REDACTED IN SAMPLE,REDACTED IN SAMPLE,"On 16 January 2026, Al Shabaab organized a protest in Sham Gare village near Awdheegle village (Afgooye, Lower Shabelle) against Israel's recognition of the Somaliland administration and the visit of Israel's officials to Hargeysa last week. The protest occurred before and after Friday prayers.",0,crowd size=no report,1769546450
SOM54847,16-January-2026,2026,1,Demonstrations,Protests,Peaceful protest,Protesters (Somalia),Al Shabaab,6,,,0,60,,706,Eastern Africa,Somalia,Lower Shabelle,Baraawe,,Haawaay,1.1685,43.7143,1,REDACTED IN SAMPLE,REDACTED IN SAMPLE,"On 16 January 2026, Al Shabaab organized a protest in Haawaay village (Baraawe, Lower Shabelle) against Israel's recognition of the Somaliland administration and the visit of Israel's officials to Hargeysa last week. The protest occurred before and after Friday prayers.",0,crowd size=no report,1768945728
SOM54848,16-January-2026,2026,1,Demonstrations,Protests,Peaceful protest,Protesters (Somalia),Al Shabaab,6,,,0,60,,706,Eastern Africa,Somalia,Lower Shabelle,Kurtunwaarey,,Kurtunwaarey,1.6104,44.3329,1,REDACTED IN SAMPLE,REDACTED IN SAMPLE,"On 16 January 2026, Al Shabaab organized a protest in Kurtunwaarey town (Kurtunwaarey, Lower Shabelle) against Israel's recognition of the Somaliland administration and the visit of Israel's officials to Hargeysa last week. The protest occurred before and after Friday prayers.",0,crowd size=no report,1768945728
SOM54849,16-January-2026,2026,1,Demonstrations,Protests,Peaceful protest,Protesters (Somalia),Al Shabaab,6,,,0,60,,706,Eastern Africa,Somalia,Lower Shabelle,Sablaale,,Sablaale,1.2495,43.8045,1,REDACTED IN SAMPLE,REDACTED IN SAMPLE,"On 16 January 2026, Al Shabaab organized a protest in Sablaale village (Sablaale, Lower Shabelle) against Israel's recognition of the Somaliland administration and the visit of Israel's officials to Hargeysa last week. The protest occurred before and after Friday prayers.",0,crowd size=no report,1769546450
SOM54905,16-January-2026,2026,1,Political violence,Explosions/Remote violence,Air/drone strike,Unidentified Military Forces,Military Forces of Somalia (2022-) Special Forces,8,Al Shabaab,,2,28,,706,Eastern Africa,Somalia,Lower Juba,Jamaame,,Fagan,0.1169,42.7038,2,REDACTED IN SAMPLE,REDACTED IN SAMPLE,"On 16 January 2026, international forces (coded as Unidentified Military Forces) and government security forces (Danab) launched an airstrike against Al Shabaab position near Fagan village (Jamaame, Lower Juba). Casualties unknown.",0,,1769546450
SOM54906,16-January-2026,2026,1,Strategic developments,Strategic developments,Change to group/activity,Al Shabaab,,2,,,0,20,,706,Eastern Africa,Somalia,Middle Shabelle,Jowhar,,Geyfo,2.8446,45.9335,1,REDACTED IN SAMPLE,REDACTED IN SAMPLE,"Movement of forces: On 16 January 2026, heavily armed Al Shabaab fighters arrived on the outskirts of Geyfo village (Jowhar, Middle Shabelle).",0,,1769546450
SOM54907,16-January-2026,2026,1,Strategic developments,Strategic developments,Change to group/activity,Al Shabaab,,2,,,0,20,,706,Eastern Africa,Somalia,Middle Shabelle,Jowhar,,Gondere,2.8693,45.8983,1,REDACTED IN SAMPLE,REDACTED IN SAMPLE,"Movement of forces: On 16 January 2026, heavily armed Al Shabaab fighters arrived on the outskirts of Gondere village (Jowhar, Middle Shabelle).",0,,1769546450
SOM54908,16-January-2026,2026,1,Political violence,Explosions/Remote violence,Air/drone strike,Military Forces of the United States (2025-),Military Forces of Somalia (2022-) Special Forces,8,Al Shabaab,,2,28,,706,Eastern Africa,Somalia,Lower Juba,Jamaame,,Jamaame,0.0692,42.7382,1,REDACTED IN SAMPLE,REDACTED IN SAMPLE,"On 16 January 2026, US forces, in coordination with government security forces (Danab), launched an airstrike against Al Shabaab positions in Jamaame town (Jamaame, Lower Juba). Casualties unknown.",0,,1769474342
SOM54909,16-January-2026,2026,1,Strategic developments,Strategic developments,Change to group/activity,Al Shabaab,,2,,,0,20,,706,Eastern Africa,Somalia,Middle Shabelle,Jowhar,,Qoor-Dheere,2.7819,45.8151,1,REDACTED IN SAMPLE,REDACTED IN SAMPLE,"Movement of forces: On 16 January 2026, heavily armed Al Shabaab fighters arrived on the outskirts of Qoor-Dheere village (Jowhar, Middle Shabelle).",0,,1769474342
SOM54910,16-January-2026,2026,1,Strategic developments,Strategic developments,Headquarters or base established,Al Shabaab,,2,,,0,20,,706,Eastern Africa,Somalia,Middle Shabelle,Balcad,,Qorilow,2.3526,45.7354,2,REDACTED IN SAMPLE,REDACTED IN SAMPLE,"On 16 January 2026, Al Shabaab established a hideout base in the forested area in the Run Sheqow village near Qorilow village (Balcad, Middle Shabelle). About 80 fighters were present in the area.",0,,1769546450
SOM54911,16-January-2026,2026,1,Strategic developments,Strategic developments,Change to group/activity,Al Shabaab,,2,,,0,20,,706,Eastern Africa,Somalia,Middle Shabelle,Balcad,,Sokolwa,2.2949,45.6357,2,REDACTED IN SAMPLE,REDACTED IN SAMPLE,"Movement of forces: On 16 January 2026, Al Shabaab fighters armed with heavy weapons arrived in Ceelow village near Sokolwa village (Balcad, Middle Shabelle).",0,,1769546450
SOM54912,16-January-2026,2026,1,Political violence,Explosions/Remote violence,Air/drone strike,Unidentified Military Forces,Military Forces of Somalia (2022-) Special Forces,8,Al Shabaab,,2,28,,706,Eastern Africa,Somalia,Lower Juba,Jamaame,,Taka Wuungu,0.1467,42.7177,1,REDACTED IN SAMPLE,REDACTED IN SAMPLE,"On 16 January 2026, international forces (coded as Unidentified Military Forces) and government security forces (Danab) launched an airstrike against Al Shabaab position in Taka Wuungu village (Jamaame, Lower Juba). Casualties unknown.",0,,1769546450
SOM54913,16-January-2026,2026,1,Strategic developments,Strategic developments,Change to group/activity,Al Shabaab,,2,,,0,20,,706,Eastern Africa,Somalia,Middle Shabelle,Jowhar,,Xawaal-Dubile,2.8105,45.9039,1,REDACTED IN SAMPLE,REDACTED IN SAMPLE,"Movement of forces: On 16 January 2026, heavily armed Al Shabaab fighters arrived on the outskirts of Xawaal-Dubile village (Jowhar, Middle Shabelle).",0,,1769546450
SOM55007,16-January-2026,2026,1,Demonstrations,Protests,Peaceful protest,Protesters (Somalia),,6,,,0,60,,706,Eastern Africa,Somalia,Sool,Laas Caanood,,Laascaanood,8.4774,47.3597,1,REDACTED IN SAMPLE,REDACTED IN SAMPLE,"On 16 January 2026, hundreds of residents protested at the Talaada Shuhadaa neighborhood in Laascaanood town (Laas Caanood, Sool) against Israel's recognition of Somaliland as an independent state.",0,crowd size=hundreds,1769546450
SOM55008,16-January-2026,2026,1,Political violence,Violence against civilians,Attack,Military Forces of Somalia (2022-),,1,Civilians (Somalia),,7,17,Civilian targeting,706,Eastern Africa,Somalia,Lower Shabelle,Afgooye,,Arabiiska,2.1338,45.14,1,REDACTED IN SAMPLE,REDACTED IN SAMPLE,"On 16 January 2026, a government soldier (SNA) shot and injured a civilian driver in Arabiiska village (Afgooye, Lower Shabelle). The incident occurred after the driver refused to stop at an SNA checkpoint. The soldier was arrested.",0,,1769546450
SOM55009,16-January-2026,2026,1,Strategic developments,Strategic developments,Disrupted weapons use,Police Forces of Somalia (2022-),,1,Al Shabaab,,2,12,,706,Eastern Africa,Somalia,Bay,Baydhaba,,Baidoa,3.1172,43.6469,1,REDACTED IN SAMPLE,REDACTED IN SAMPLE,"Defusal: On 16 January 2026, police forces defused an IED planted by Al Shabaab in the Towfiq neighborhood of Baidoa town (Baydhaba, Bay).",0,,1769474342
SOM55010,16-January-2026,2026,1,Strategic developments,Strategic developments,Looting/property destruction,Military Forces of Kenya (2022-),,8,Civilians (Somalia),,7,78,,706,Eastern Africa,Somalia,Lower Juba,Afmadow,,Dif,0.9625,41.0616,2,REDACTED IN SAMPLE,REDACTED IN SAMPLE,"Property destruction: On 16 January 2026, Kenyan security forces destroyed and demolished a Hormuud telecommunications antenna situated at Dhuyac Garoon village near Dif village (Afmadow, Lower Juba). The facility had previously been destroyed by Kenyan troops seven years ago and subsequently rebuilt.",0,,1769546450
SOM55011,16-January-2026,2026,1,Political violence,Battles,Armed clash,Military Forces of Somalia (2022-) Puntland Dervish Force,,1,Police Forces of Somalia (2022-) Puntland Police Force,,1,11,,706,Eastern Africa,Somalia,Nugaal,Garoowe,,Garowe,8.4064,48.4819,1,REDACTED IN SAMPLE,REDACTED IN SAMPLE,"On 16 January 2026, overnight, Puntland Dervish Force clashed with Puntland police forces at the central police station in Garowe town (Garoowe, Nugaal). The Dervish forces wanted to release soldiers arrested at the station. 1 police officer was killed, and 2 others were injured.",1,,1769546450
SOM55012,16-January-2026,2026,1,Political violence,Violence against civilians,Attack,Hawiye-Hawadle Sub-Clan Militia (Somalia),,4,Civilians (Somalia),Bantu-Jareer-Weyne-Shiidle Sub-Clan Group (Somalia),7,47,Civilian targeting,706,Eastern Africa,Somalia,Hiraan,Jalalaqsi,,Jalalaqsi,3.3834,45.5969,2,REDACTED IN SAMPLE,REDACTED IN SAMPLE,"On 16 January 2026, Hawiye-Hawadle sub-clan militia set ablaze over 100 houses belonging to civilians from Bantu-Jareer-Weyne-Shiidle sub-clan in Eji village near Jalalaqsi town (Jalalaqsi, Hiraan). The motive was due to a land dispute. 2 people died in the fire.",2,,1769474342
SOM55013,16-January-2026,2026,1,Political violence,Battles,Armed clash,Military Forces of Somalia (2022-) Special Forces,Military Forces of Somalia (2022-) Jubaland Intelligence and Security Agency,1,Al Shabaab,,2,12,,706,Eastern Africa,Somalia,Lower Juba,Jamaame,,Kobon,0.0356,42.7091,1,REDACTED IN SAMPLE,REDACTED IN SAMPLE,"On 16 January 2026, government security forces (Danab) and Jubaland Intelligence and Security Agency (JISA) clashed with Al Shabaab at a hideout in Kobon village (Jamaame, Lower Juba). The forces carried out multiple mortar strikes. Casualties unknown.",0,,1769474342
SOM55015,16-January-2026,2026,1,Political violence,Battles,Armed clash,Al Shabaab,,2,Military Forces of Somalia (2022-),,1,12,,706,Eastern Africa,Somalia,Banadir,Banadir,,Mogadishu - Heliwa,2.0844,45.39,1,REDACTED IN SAMPLE,REDACTED IN SAMPLE,"On 16 January 2026, Al Shabaab clashed with government security forces (SNA) at a checkpoint in Dayah neighborhood in Mogadishu - Heliwa (Banadir), after the militants threw a hand grenade. 1 soldier was injured. Al Shabaab claimed responsibility.",0,,1769546450
SOM54914,17-January-2026,2026,1,Strategic developments,Strategic developments,Looting/property destruction,Al Shabaab,,2,Civilians (Somalia),Pastoralists (Somalia),7,27,,706,Eastern Africa,Somalia,Lower Juba,Afmadow,,Afmadow,0.5172,42.071,2,REDACTED IN SAMPLE,REDACTED IN SAMPLE,"Looting: On 17 January 2026, Al Shabaab looted 13 goats from a pastoralist near Banka Afmadow town (Afmadow, Lower Juba).",0,,1769546450
SOM54915,17-January-2026,2026,1,Political violence,Violence against civilians,Attack,Al Shabaab,,2,Civilians (Somalia),Pastoralists (Somalia),7,27,Civilian targeting,706,Eastern Africa,Somalia,Hiraan,Bulo Burto,,Ceel-Cali-Axmed,4.0336,46.3277,1,REDACTED IN SAMPLE,REDACTED IN SAMPLE,"On 17 January 2026, Al Shabaab attacked pastoralists in the vicinity of Ceel-Cali-Axmed village (Bulo Burto, Hiraan). 1 person was injured.",0,,1769546450
SOM54916,17-January-2026,2026,1,Strategic developments,Strategic developments,Change to group/activity,Al Shabaab,,2,,,0,20,,706,Eastern Africa,Somalia,Middle Shabelle,Cadale,,Hassan Geedi,3.3121,46.5731,2,REDACTED IN SAMPLE,REDACTED IN SAMPLE,"Movement of forces: On 17 January 2026, armed Al Shabaab were observed near Hassan Geedi village (Cadale, Middle Shabelle).",0,,1769546450
SOM54917,17-January-2026,2026,1,Political violence,Battles,Armed clash,Al Shabaab,,2,Hawiye-Abgal Sub-Clan Militia (Somalia),,4,24,,706,Eastern Africa,Somalia,Middle Shabelle,Cadale,,Masjid Cali Gaduud,3.1808,46.4354,2,REDACTED IN SAMPLE,REDACTED IN SAMPLE,"On 17 January 2026, Al Shabaab clashed with Hawiye-Abgal sub-clan militia near Masjid Cali Gaduud village (Cadale, Middle Shabelle). There were no casualties.",0,,1769474342
SOM54918,17-January-2026,2026,1,Political violence,Battles,Armed clash,Al Shabaab,,2,Hawiye-Abgal Sub-Clan Militia (Somalia),,4,24,,706,Eastern Africa,Somalia,Middle Shabelle,Adan Yabaal,,Maxamed Saciid,3.3417,46.6015,1,REDACTED IN SAMPLE,REDACTED IN SAMPLE,"On 17 January 2026, Al Shabaab clashed with Hawiye-Abgal sub-clan militia on the outskirts of Maxamed Saciid village (Adan Yabaal, Middle Shabelle). There were no casualties.",0,,1769546450
SOM54919,17-January-2026,2026,1,Political violence,Riots,Mob violence,Rioters (Somalia),Vigilante Group (Somalia),5,Civilians (Somalia),,7,57,Civilian targeting,706,Eastern Africa,Somalia,Banadir,Banadir,,Mogadishu - Garasbaaley,2.0611,45.2589,1,REDACTED IN SAMPLE,REDACTED IN SAMPLE,"On 17 January 2026, a mob beat and injured two youth gang in the Mogadishu - Garasbaaley (Banadir) while attempting to steal mobile phones. The residents handed over the two gangs to the police. Extent of injuries unknown.",0,crowd size=no report,1769474342
SOM54920,17-January-2026,2026,1,Strategic developments,Strategic developments,Change to group/activity,Al Shabaab,,2,,,0,20,,706,Eastern Africa,Somalia,Middle Shabelle,Cadale,,Sumadaale,2.9194,46.0998,2,REDACTED IN SAMPLE,REDACTED IN SAMPLE,"Movement of forces: On 17 January 2026, armed Al Shabaab were observed near Sumadaale village (Cadale, Middle Shabelle).",0,,1769474342
SOM55016,17-January-2026,2026,1,Political violence,Battles,Armed clash,Al Shabaab,,2,Military Forces of Somalia (2022-),,1,12,,706,Eastern Africa,Somalia,Lower Shabelle,Afgooye,,Afgooye,2.15,45.116,2,REDACTED IN SAMPLE,REDACTED IN SAMPLE,"On 17 January 2026, overnight, Al Shabaab clashed with government security forces (SNA) at a checkpoint in Haanta Dheer village near Afgooye town (Afgooye, Lower Shabelle). There were no casualties.",0,,1769546450
SOM55017,17-January-2026,2026,1,Strategic developments,Strategic developments,Other,Unidentified Clan Militia (Somalia),,4,,,0,40,,706,Eastern Africa,Somalia,Hiraan,Belet Weyne,,Belet Weyne,4.736,45.2043,1,REDACTED IN SAMPLE,REDACTED IN SAMPLE,"Non-violent activity: On 17 January 2026, unidentified clan militia loyal to Himilo Company established an illegal roadblock on the main access route to the AU/UN compound near the AUSSOM DNDF checkpoint in Belet Weyne town (Belet Weyne, Hiraan). The action is linked to an ongoing financial dispute between Himilo Company and UNICEF contractor Deeqa Company concerning alleged unpaid dues. The militia prevented UN national staff from entering the compound, resulting in the disruption of routine UN operations.",0,,1769474342
SOM55018,17-January-2026,2026,1,Political violence,Battles,Armed clash,Military Forces of Somalia (2022-),Hawiye-Abgal Sub-Clan Militia (Somalia),1,Al Shabaab,,2,12,,706,Eastern Africa,Somalia,Galgaduud,Ceel Dheer,,Ceel Dheer,3.8491,47.1803,2,REDACTED IN SAMPLE,REDACTED IN SAMPLE,"On 17 January 2026, government security forces (SNA) and Hawiye-Abgal sub-clan militia clashed with Al Shabaab in Ceel-waarikoow village near Ceel Dheer town (Ceel Dheer, Galgaduud). There were no casualties.",0,,1769474342
SOM55019,17-January-2026,2026,1,Strategic developments,Strategic developments,Disrupted weapons use,Military Forces of Somalia (2022-),,1,Al Shabaab,,2,12,,706,Eastern Africa,Somalia,Galgaduud,Ceel Dheer,,Ceel Dheer,3.8491,47.1803,1,REDACTED IN SAMPLE,REDACTED IN SAMPLE,"Defusal: On 17 January 2026, government security forces (SNA) defused an IED planted by Al Shabaab in the vicinity of Ceel Dheer town (Ceel Dheer, Galgaduud).",0,,1769474342
SOM55020,17-January-2026,2026,1,Political violence,Battles,Armed clash,Al Shabaab,,2,Military Forces of Somalia (2022-),,1,12,,706,Eastern Africa,Somalia,Lower Shabelle,Afgooye,,Mukaiga,2.1517,45.0686,1,REDACTED IN SAMPLE,REDACTED IN SAMPLE,"On 17 January 2026, overnight, Al Shabaab clashed with government security forces (SNA) at a checkpoint in Mukaiga village (Afgooye, Lower Shabelle). There were no casualties.",0,,1769546450
SOM55021,17-January-2026,2026,1,Political violence,Explosions/Remote violence,Air/drone strike,Unidentified Military Forces,Military Forces of Somalia (2022-),8,Al Shabaab,,2,28,,706,Eastern Africa,Somalia,Middle Shabelle,Adan Yabaal,,Nuur Dugle,3.3869,46.6272,1,REDACTED IN SAMPLE,REDACTED IN SAMPLE,"On 17 January 2026, overnight, international forces (coded as Unidentified Military Forces) and government security forces (SNA) launched an airstrike against Al Shabaab position in Nuur Dugle village (Adan Yabaal, Middle Shabelle). Casualties unknown.",0,,1769546450
SOM55022,17-January-2026,2026,1,Strategic developments,Strategic developments,Change to group/activity,Military Forces of Somaliland (2024-),,1,,,0,10,,706,Eastern Africa,Somalia,Sool,Caynabo,,Oog,8.9348,46.6207,2,REDACTED IN SAMPLE,REDACTED IN SAMPLE,"Movement of forces: On 17 January 2026, over 6,000 Somaliland forces were deployed between Caynabo and Oog village (Caynabo, Sool). The Somaliland Military Chief of Staff, together with the Minister of Defense of Somaliland, visited the frontline forces.",0,,1769546450
SOM54921,18-January-2026,2026,1,Political violence,Battles,Armed clash,Al Shabaab,,2,Al Shabaab,,2,22,,706,Eastern Africa,Somalia,Middle Juba,Bu'aale,,Arabow,1.4518,42.9518,2,REDACTED IN SAMPLE,REDACTED IN SAMPLE,"On 18 January 2026, 2 groups of Al Shabaab clashed near Arabow village (Bu'aale, Middle Juba). The motive was due to a dispute over the Al Shabaab operation and attacks in the Somaliland region and the killing of one senior commander from the Haawiye clan (coded separately). Casualties unknown.",0,,1769546450
SOM54922,18-January-2026,2026,1,Political violence,Violence against civilians,Abduction/forced disappearance,Al Shabaab,,2,Civilians (Somalia),Taxi Drivers (Somalia),7,27,Civilian targeting,706,Eastern Africa,Somalia,Lower Juba,Badhaadhe,,Badhaadhe,-1.03,41.483,2,REDACTED IN SAMPLE,REDACTED IN SAMPLE,"On 18 January 2026, Al Shabaab abducted 4 civilians traveling between Ras Kamboni village and Badhaadhe town (Badhaadhe, Lower Juba). They freed only the driver of the Probox (taxi vehicle) after two days.",0,,1769546450
SOM54923,18-January-2026,2026,1,Political violence,Violence against civilians,Abduction/forced disappearance,Dir-Samaroon Sub-Clan Militia (Somalia),,4,Civilians (Somalia),Dir-Ciise Sub-Clan Group (Somalia),7,47,Civilian targeting,706,Eastern Africa,Somalia,Awdal,Baki,,Baki,9.8921,43.3853,1,REDACTED IN SAMPLE,REDACTED IN SAMPLE,"On 18 January 2026, Dir-Samaroon sub-clan carjacked a vehicle and abducted 4 passengers from Dir-Ciise sub-clan in the vicinity of Baki town (Baki, Awdal). Clan elders intervened and successfully secured the release of all hostages.",0,,1769546450
SOM54924,18-January-2026,2026,1,Political violence,Battles,Armed clash,Military Forces of Somalia (2022-) Puntland Dervish Force,,1,Islamic State Somalia Province,,2,12,,706,Eastern Africa,Somalia,Bari,Bossaso,,Balade,11.2761,49.164,1,REDACTED IN SAMPLE,REDACTED IN SAMPLE,"On 18 January 2026, Puntland Dervish Force clashed with Islamic State Somalia Province in Ceelka Ri'heshey area within Balade village (Bossaso, Bari). There were no casualties.",0,,1769546450
SOM54925,18-January-2026,2026,1,Political violence,Battles,Armed clash,Military Forces of Somalia (2022-),Military Forces of Somalia (2022-) Jubaland Security Force,1,Al Shabaab,,2,12,,706,Eastern Africa,Somalia,Lower Juba,Jamaame,,Bangeeni,0.05,42.7167,2,REDACTED IN SAMPLE,REDACTED IN SAMPLE,"On 18 January 2026, government security forces (SNA) and Jubaland security forces clashed with Al Shabaab near Bangeeni village (Jamaame, Lower Juba). There were no casualties.",0,,1769474342
SOM54926,18-January-2026,2026,1,Strategic developments,Strategic developments,Headquarters or base established,Islamic State Somalia Province,,2,,,0,20,,706,Eastern Africa,Somalia,Bari,Bossaso,,Bosaso,11.2842,49.1816,2,REDACTED IN SAMPLE,REDACTED IN SAMPLE,"On 18 January 2026, Islamic State Somalia Province established a hideout base in Gabo-Gabo village near Bosaso town (Bossaso, Bari).",0,,1769546450
SOM54927,18-January-2026,2026,1,Political violence,Battles,Armed clash,Military Forces of Somalia (2022-) Puntland Dervish Force,,1,Islamic State Somalia Province,,2,12,,706,Eastern Africa,Somalia,Bari,Qandala,,Buuraha Cali Miskat,10.8548,49.7434,1,REDACTED IN SAMPLE,REDACTED IN SAMPLE,"On 18 January 2026, Puntland Dervish Force clashed with Islamic State Somalia Province in Buurta Ugar Diriir area within the Buuraha Cali Miskat (Qandala, Bari). There were no casualties.",0,,1776191110
SOM54928,18-January-2026,2026,1,Strategic developments,Strategic developments,Change to group/activity,Islamic State Somalia Province,,2,,,0,20,,706,Eastern Africa,Somalia,Bari,Qandala,,Hoomiso,11.233,49.88,1,REDACTED IN SAMPLE,REDACTED IN SAMPLE,"Movement of forces: On 18 January 2026, Islamic State Somalia Province was seen regrouping on the outskirts of Hoomiso village (Qandala, Bari).",0,,1769546450
SOM54929,18-January-2026,2026,1,Political violence,Battles,Armed clash,Military Forces of Somalia (2022-),Military Forces of Somalia (2022-) Jubaland Security Force,1,Al Shabaab,,2,12,,706,Eastern Africa,Somalia,Lower Juba,Jamaame,,Jamaame,0.0692,42.7382,2,REDACTED IN SAMPLE,REDACTED IN SAMPLE,"On 18 January 2026, government security forces (SNA) and Jubaland security forces clashed with Al Shabaab near Jamaame town (Jamaame, Lower Juba). There were no casualties.",0,,1769474342
SOM54930,18-January-2026,2026,1,Political violence,Battles,Armed clash,Al Shabaab,,2,Al Shabaab,,2,22,,706,Eastern Africa,Somalia,Middle Juba,Jilib,,Jilib,0.4833,42.7666,2,REDACTED IN SAMPLE,REDACTED IN SAMPLE,"On 18 January 2026, 2 groups of Al Shabaab clashed near Jilib town (Jilib, Middle Juba). The motive was due to a dispute over the Al Shabaab operation and attacks in the Somaliland region. One of the groups, mainly from the Haawiye, demanded immediate operation and attacks in Somaliland for reaching an agreement with Israel, while the other group, from top leaders from the Dir and Isaaq clan from Somaliland, rejected, requested to wait until foreign forces and Israel to arrived in Somaliland. 1 senior commander was killed, and others were injured.",1,,1769474342
SOM54931,18-January-2026,2026,1,Political violence,Violence against civilians,Abduction/forced disappearance,Al Shabaab,,2,Civilians (Somalia),Pastoralists (Somalia),7,27,Civilian targeting,706,Eastern Africa,Somalia,Middle Juba,Bu'aale,,Manaane,0.8441,42.6473,2,REDACTED IN SAMPLE,REDACTED IN SAMPLE,"On 18 January 2026, Al Shabaab abducted an unknown number of civilian pastoralists near Manaane village (Bu'aale, Middle Shabelle).",0,,1769546450
SOM54932,18-January-2026,2026,1,Political violence,Battles,Armed clash,Military Forces of Somalia (2022-),,1,Military Forces of Somalia (2022-) National Intelligence and Security Agency,,1,11,,706,Eastern Africa,Somalia,Banadir,Banadir,,Mogadishu - Darussalam,2.1347,45.3203,1,REDACTED IN SAMPLE,REDACTED IN SAMPLE,"On 18 January 2026, government security forces (SNA and NISA) clashed at a checkpoint in the Misaanka Dhuxusha neighborhood in Mogadishu - Darussalam (Banadir). The SNA failed to identify themselves. There were no casualties.",0,,1769546450
SOM54933,18-January-2026,2026,1,Political violence,Violence against civilians,Attack,Military Forces of Somalia (2022-),,1,Civilians (Somalia),,7,17,Civilian targeting,706,Eastern Africa,Somalia,Banadir,Banadir,,Mogadishu - Hawl Wadaag,2.048,45.32,1,REDACTED IN SAMPLE,REDACTED IN SAMPLE,"On 18 January 2026, a government soldier (SNA) beat and injured a civilian at the Suuqa Bakaraha market neighborhood in Mogadishu - Hawl Wadaag (Banadir). The motive was due to an extortion attempt.",0,,1769546450
SOM54934,18-January-2026,2026,1,Strategic developments,Strategic developments,Disrupted weapons use,Police Forces of Somalia (2022-),,1,Al Shabaab,,2,12,,706,Eastern Africa,Somalia,Banadir,Banadir,,Mogadishu - Hodan,2.0376,45.3058,1,REDACTED IN SAMPLE,REDACTED IN SAMPLE,"Defusal: On 18 January 2026, police forces defused an IED planted by Al Shabaab in a building in the Shiir-Koole neighborhood in Mogadishu - Hodan (Banadir).",0,,1769474342
SOM54935,18-January-2026,2026,1,Political violence,Battles,Armed clash,Military Forces of Somalia (2022-),,1,Military Forces of Somalia (2022-),,1,11,,706,Eastern Africa,Somalia,Banadir,Banadir,,Mogadishu - Wardhigley,2.0549,45.33,1,REDACTED IN SAMPLE,REDACTED IN SAMPLE,"On 18 January 2026, 2 groups of security forces (SNA) clashed at a checkpoint in the Ifka xalane neighborhood in Mogadishu - Wardhigley (Banadir). One of the forces failed to stop and identify themselves. There were no casualties.",0,,1769546450
SOM54936,18-January-2026,2026,1,Political violence,Violence against civilians,Attack,Private Security Forces (Somalia),,8,Civilians (Somalia),,7,78,Civilian targeting,706,Eastern Africa,Somalia,Banadir,Banadir,,Mogadishu - Wardhigley,2.0549,45.33,1,REDACTED IN SAMPLE,REDACTED IN SAMPLE,"On 18 January 2026, a private bodyguard of the Jazeera specialist hospital shot and injured a civilian in Mogadishu - Wardhigley (Banadir). The reason for the shooting is unknown.",0,,1769546450
SOM54937,18-January-2026,2026,1,Political violence,Violence against civilians,Abduction/forced disappearance,Al Shabaab,,2,Civilians (Somalia),Pastoralists (Somalia),7,27,Civilian targeting,706,Eastern Africa,Somalia,Lower Juba,Badhaadhe,,Odow,-1.4765,41.6849,2,REDACTED IN SAMPLE,REDACTED IN SAMPLE,"On 18 January 2026, Al Shabaab abducted 2 civilian pastoralists near Odow village (Badhaadhe, Lower Juba).",0,,1776191110
SOM54938,18-January-2026,2026,1,Strategic developments,Strategic developments,Change to group/activity,Islamic State Somalia Province,,2,,,0,20,,706,Eastern Africa,Somalia,Bari,Qandala,,Sixna,11.061,50.2123,1,REDACTED IN SAMPLE,REDACTED IN SAMPLE,"Movement of forces: On 18 January 2026, Islamic State Somalia Province was seen regrouping and patrolling roads leading to Sixna village (Qandala, Bari).",0,,1769474342
SOM54939,18-January-2026,2026,1,Political violence,Explosions/Remote violence,Air/drone strike,Unidentified Military Forces,Military Forces of Somalia (2022-) National Intelligence and Security Agency,8,Al Shabaab,,2,28,,706,Eastern Africa,Somalia,Middle Shabelle,Balcad,,Warshiikh,2.2983,45.798,2,REDACTED IN SAMPLE,REDACTED IN SAMPLE,"On 18 January 2026, international forces (coded as Unidentified Military Forces) and government security forces (NISA) launched an airstrike against Al Shabaab position in Jabad Godane village near Warshiikh village (Balcad, Middle Shabelle). An unknown number of Al Shabaab were killed and wounded. Unspecified number of fatalities coded as 3.",3,,1769474342
SOM54940,18-January-2026,2026,1,Political violence,Explosions/Remote violence,Air/drone strike,Military Forces of the United States (2025-),,8,Al Shabaab,,2,28,,706,Eastern Africa,Somalia,Lower Juba,Jamaame,,Wirkooy,-0.0295,42.5985,2,REDACTED IN SAMPLE,REDACTED IN SAMPLE,"On 18 January 2026, US forces conducted airstrikes targeting Al Shabaab positions, 45 km northeast of Kismaayo, near Wirkooy village (Jamaame, Lower Juba). Casualties unknown.",0,,1769546450
SOM54941,18-January-2026,2026,1,Political violence,Battles,Armed clash,Al Shabaab,,2,Military Forces of Somalia (2022-),,1,12,,706,Eastern Africa,Somalia,Middle Shabelle,Balcad,,Xawaadleey,2.5826,45.4894,1,REDACTED IN SAMPLE,REDACTED IN SAMPLE,"On 18 January 2026, Al Shabaab clashed with government security forces (SNA) at a base in Xawaadleey village (Balcad, Middle Shabelle). There were no casualties.",0,,1769474342
SOM55014,18-January-2026,2026,1,Demonstrations,Protests,Peaceful protest,Protesters (Somalia),Government of Somalia (2022-) Banadir Administration,6,,,0,60,,706,Eastern Africa,Somalia,Banadir,Banadir,,Mogadishu - Wadajir,2.0462,45.3341,1,REDACTED IN SAMPLE,REDACTED IN SAMPLE,"On 18 January 2026, hundreds of residents, including members of Banadir regional officials, protested in Mogadishu - Wadajir (Banadir) against Israel's recognition of Somaliland as an independent state.",0,crowd size=hundreds,1769474342
SOM55023,18-January-2026,2026,1,Strategic developments,Strategic developments,Other,Unidentified Clan Militia (Somalia),,4,,,0,40,,706,Eastern Africa,Somalia,Hiraan,Belet Weyne,,Belet Weyne,4.736,45.2043,1,REDACTED IN SAMPLE,REDACTED IN SAMPLE,"Non-violent activity: On 18 January 2026, for the second day, unidentified clan militia loyal to Himilo Company established an illegal roadblock on the main access route to the AU/UN compound near the AUSSOM DNDF checkpoint in Belet Weyne town (Belet Weyne, Hiraan). The action is linked to an ongoing financial dispute between Himilo Company and UNICEF contractor Deeqa Company concerning alleged unpaid dues. The militia prevented all local Workers from entering the compound, disrupting routine operations.",0,,1769474342
SOM55024,18-January-2026,2026,1,Political violence,Battles,Armed clash,Al Shabaab,,2,Military Forces of Somalia (2022-),,1,12,,706,Eastern Africa,Somalia,Gedo,Belet Xaawo,,Belet Xaawo,3.7807,41.8943,1,REDACTED IN SAMPLE,REDACTED IN SAMPLE,"On 18 January 2026, a suspected Al Shabaab shot and killed a government soldier (SNA) (on duty) in Belet Xaawo town (Belet Xaawo, Gedo). The militant confiscated the rifle of the soldier.",1,,1769474342
SOM55025,18-January-2026,2026,1,Political violence,Battles,Armed clash,Hawiye-Hawadle Sub-Clan Militia (Somalia),,4,Bantu-Jareer-Weyne-Shiidle Sub-Clan Militia (Somalia),,4,44,,706,Eastern Africa,Somalia,Hiraan,Jalalaqsi,,Jalalaqsi,3.3834,45.5969,2,REDACTED IN SAMPLE,REDACTED IN SAMPLE,"On 18 January 2026, Hawiye-Hawadle sub-clan militia clashed with Bantu-Jareer-Weyne-Shiidle sub-clan militia in Eji village near Jalalaqsi town (Jalalaqsi, Hiraan). The motive was due to a land dispute. Casualties unknown.",0,,1769474342
SOM55026,18-January-2026,2026,1,Political violence,Violence against civilians,Attack,Police Forces of Somalia (2022-),,1,Civilians (Somalia),Taxi Drivers (Somalia),7,17,Civilian targeting,706,Eastern Africa,Somalia,Banadir,Banadir,,Mogadishu - Karan,2.0652,45.39,1,REDACTED IN SAMPLE,REDACTED IN SAMPLE,"On 18 January 2026, a police officer shot and injured a tuk-tuk driver at Sanca Junction Road in Mogadishu - Karan (Banadir). The motive for the shooting was due to a dispute over extortion money between the officer and the driver.",0,,1769474342
SOM55027,18-January-2026,2026,1,Political violence,Battles,Armed clash,Hawiye-Abgal Sub-Clan Militia (Somalia),,4,Al Shabaab,,2,24,,706,Eastern Africa,Somalia,Middle Shabelle,Adan Yabaal,,Nuur Dugle,3.3869,46.6272,1,REDACTED IN SAMPLE,REDACTED IN SAMPLE,"On 18 January 2026, Hawiye-Abgal sub-clan militia clashed with Al Shabaab hideout in the vicinity of Nuur Dugle village (Adan Yabaal, Middle Shabelle). There were no casualties.",0,,1769546450
SOM55028,18-January-2026,2026,1,Political violence,Battles,Armed clash,Military Forces of Somalia (2022-) Special Forces,Military Forces of Somalia (2022-),1,Al Shabaab,,2,12,,706,Eastern Africa,Somalia,Middle Shabelle,Balcad,,Qorilow,2.3526,45.7354,2,REDACTED IN SAMPLE,REDACTED IN SAMPLE,"On 18 January 2026, government security forces (Danab and SNA) clashed with Al Shabaab in Runshiiqow village near Qorilow village (Balcad, Middle Shabelle). 2 soldiers and an unknown number of militants were killed. Unspecified number of fatalities coded as 3. Fatalities coded as 5 (2 soldiers + 3 unspecified number of militants).",5,,1769546450
SOM55029,18-January-2026,2026,1,Political violence,Battles,Armed clash,Al Shabaab,,2,Military Forces of Somalia (2022-),,1,12,,706,Eastern Africa,Somalia,Lower Shabelle,Wanla Weyn,,Sherey,2.4578,44.9823,1,REDACTED IN SAMPLE,REDACTED IN SAMPLE,"On 18 January 2026, Al Shabaab clashed with government security forces (SNA) at a checkpoint in Sherey village (Wanla Weyn, Lower Shabelle). 1 soldier was injured.",0,,1769546450
SOM55030,18-January-2026,2026,1,Political violence,Battles,Armed clash,Al Shabaab,,2,Military Forces of Somalia (2022-) Special Forces,Military Forces of Somalia (2022-),1,12,,706,Eastern Africa,Somalia,Middle Shabelle,Balcad,,Warshiikh,2.2983,45.798,2,REDACTED IN SAMPLE,REDACTED IN SAMPLE,"On 18 January 2026, Al Shabaab clashed with government security forces (SNA, Gorgor and Danab) at a base in Jabad Godane village near Warshiikh village (Balcad, Middle Shabelle). The clash was initiated with 2 VBIED. Al Shabaab claimed to have killed 21 soldiers, and 11 others were injured. An unknown number of militants were killed. Unspecified number of fatalities coded as 3. Fatalities coded as 24 (21 soldiers + 3 unspecified number of militants).",24,,1769474342
SOM55031,18-January-2026,2026,1,Political violence,Explosions/Remote violence,Remote explosive/landmine/IED,Al Shabaab,,2,Military Forces of Somalia (2022-),,1,12,,706,Eastern Africa,Somalia,Middle Shabelle,Balcad,,Warshiikh,2.2983,45.798,1,REDACTED IN SAMPLE,REDACTED IN SAMPLE,"On 18 January 2026, an IED planted by Al Shabaab exploded, targeting a government security forces (SNA) reinforcement convoy in the vicinity of Warshiikh village (Balcad, Middle Shabelle). An unknown number of soldiers were killed and wounded. Unspecified number of fatalities coded as 3. Al Shabaab claimed responsibility.",3,,1769474342
SOM55173,18-January-2026,2026,1,Political violence,Battles,Armed clash,Hawiye-Habar Gedir-Ayr Sub-Clan Militia (Somalia),,4,Hawiye-Habar Gedir-Duduble Sub-Clan Militia (Somalia),,4,44,,706,Eastern Africa,Somalia,Galgaduud,Ceel Buur,,Ceel Buur,4.6815,46.6234,2,REDACTED IN SAMPLE,REDACTED IN SAMPLE,"On 18 January 2026, Hawiye-Habar Gedir-Ayr and Duduble sub-clan militia clashed on the outskirts of Biyo-cadde village near Ceel Buur town (Ceel Buur, Galgaduud). The motive was due to land disputes and clan revenge. There were no casualties.",0,,1770676302
SOM54942,19-January-2026,2026,1,Political violence,Violence against civilians,Attack,Al Shabaab,,2,Civilians (Somalia),,7,27,Civilian targeting,706,Eastern Africa,Somalia,Bay,Baydhaba,,Aawdiinle,3.1706,43.4099,2,REDACTED IN SAMPLE,REDACTED IN SAMPLE,"On 19 January 2026, Al Shabaab shot and killed at least two civilians near Aawdiinle village (Baydhaba, Bay). The civilians were traveling to Baidoa town.",2,,1769546450
SOM54943,19-January-2026,2026,1,Political violence,Explosions/Remote violence,Remote explosive/landmine/IED,Al Shabaab,,2,Military Forces of Somalia (2022-),Military Forces of Somalia (2022-) Jubaland Security Force,1,12,,706,Eastern Africa,Somalia,Lower Juba,Jamaame,,Baarka,0.0304,42.6761,2,REDACTED IN SAMPLE,REDACTED IN SAMPLE,"On 19 January 2026, an IED planted by Al Shabaab exploded, targeting government security forces (SNA) and Jubaland security forces convoy near Baarka village (Jamaame, Lower Juba). An unknown number of soldiers were injured.",0,,1769546450
SOM54944,19-January-2026,2026,1,Demonstrations,Protests,Peaceful protest,Protesters (Somalia),,6,,,0,60,,706,Eastern Africa,Somalia,Sanaag,Ceerigaabo,,Badhan,10.7134,48.3325,1,REDACTED IN SAMPLE,REDACTED IN SAMPLE,"On 19 January 2026, family members protested in Badhan town (Ceerigaabo, Sanaag), demanding answers to the killing of the elders by a US airstrike near Cee-Buh (coded separately). They demanded answers and compensation.",0,crowd size=no report,1769546450
SOM54945,19-January-2026,2026,1,Demonstrations,Protests,Peaceful protest,Protesters (Somalia),Labor Group (Somalia),6,,,0,60,,706,Eastern Africa,Somalia,Awdal,Borama,,Borama,9.9387,43.1839,1,REDACTED IN SAMPLE,REDACTED IN SAMPLE,"On 19 January 2026, a group of public transport drivers protested in Borama town (Borama, Awdal) against increased taxation.",0,crowd size=no report,1769474342
SOM54946,19-January-2026,2026,1,Political violence,Battles,Armed clash,Military Forces of Somalia (2022-) Puntland Dervish Force,,1,Islamic State Somalia Province,,2,12,,706,Eastern Africa,Somalia,Bari,Bossaso,,Bosaso,11.2842,49.1816,2,REDACTED IN SAMPLE,REDACTED IN SAMPLE,"On 19 January 2026, Puntland Dervish Force clashed with Islamic State Somalia Province in Ciddole village near Bosaso town (Bossaso, Bari). The soldiers recovered several AK47s. There were no casualties.",0,,1769546450
SOM54947,19-January-2026,2026,1,Strategic developments,Strategic developments,Disrupted weapons use,Military Forces of Somalia (2022-) Puntland Dervish Force,,1,Islamic State Somalia Province,,2,12,,706,Eastern Africa,Somalia,Bari,Qandala,,Buuraha Cali Miskat,10.8548,49.7434,1,REDACTED IN SAMPLE,REDACTED IN SAMPLE,"Defusal: On 19 January 2026, Puntland Dervish Force neutralized IEDs belonging to Islamic State Somalia Province in Buuraha Cali Miskat (Qandala, Bari).",0,,1776191110
SOM54948,19-January-2026,2026,1,Strategic developments,Strategic developments,Arrests,Police Forces of Somalia (2022-) Puntland Police Force,,1,Civilians (Somalia),Government of Somalia (2022-) Northeastern Administration,7,17,,706,Eastern Africa,Somalia,Sanaag,Laasqoray,,Ceelayo,11.2438,48.8931,1,REDACTED IN SAMPLE,REDACTED IN SAMPLE,"On 19 January 2026, Puntland police forces arrested a member of parliament for the Northeastern state of Somalia in Ceelayo village (Laasqoray, Sanaag). The arrest is amid a territorial dispute between Puntland and the Northeastern state based in Laascaanood.",0,,1769546450
SOM54949,19-January-2026,2026,1,Political violence,Explosions/Remote violence,Remote explosive/landmine/IED,Islamic State Somalia Province,,2,Military Forces of Somalia (2022-) Puntland Dervish Force,,1,12,,706,Eastern Africa,Somalia,Bari,Qandala,,Dasaan,11.1703,49.8239,2,REDACTED IN SAMPLE,REDACTED IN SAMPLE,"On 19 January 2026, an IED planted by Islamic State Somalia Province exploded, targeting Puntland Dervish Force near Dasaan village (Qandala, Bari). One vehicle was damaged. An unknown number of soldiers were injured.",0,,1769474342
SOM54950,19-January-2026,2026,1,Political violence,Violence against civilians,Abduction/forced disappearance,Hawiye-Habar Gedir-Saleban Sub-Clan Militia (Somalia),,4,Civilians (Somalia),Darod-Marehan-Cili Sub-Clan Group (Somalia); Pastoralists (Somalia),7,47,Civilian targeting,706,Eastern Africa,Somalia,Galgaduud,Cabudwaaq,,Dhabad,6.3062,46.5493,1,REDACTED IN SAMPLE,REDACTED IN SAMPLE,"On 19 January 2026, Hawiye-Habar Gedir-Saleban sub-clan militia abducted a pastoralist from Darod-Marehan-Cili sub-clan in Balli-Sokor area, on the outskirts of Dhabad town (Cabudwaaq, Galgaduud). The motive was due to clan revenge.",0,,1776191110
SOM54951,19-January-2026,2026,1,Strategic developments,Strategic developments,Change to group/activity,Islamic State Somalia Province,,2,,,0,20,,706,Eastern Africa,Somalia,Bari,Qandala,,Guriasamo,11.2729,49.7971,2,REDACTED IN SAMPLE,REDACTED IN SAMPLE,"Movement of forces: On 19 January 2026, Islamic State Somalia Province were seen regrouping near Guriasamo village (Qandala, Bari).",0,,1776191110
SOM54952,19-January-2026,2026,1,Demonstrations,Protests,Peaceful protest,Protesters (Somalia),Labor Group (Somalia),6,,,0,60,,706,Eastern Africa,Somalia,Banadir,Banadir,,Mogadishu - Daynile,2.0576,45.2853,1,REDACTED IN SAMPLE,REDACTED IN SAMPLE,"On 19 January 2026, truck drivers protested in the Sinkadheer checkpoint in Mogadishu - Daynile (Banadir) after soldiers and Public health officials imposed extra taxes on the goods they were transporting from Mogadishu to other regions of Somalia.",0,crowd size=no report,1769474342
SOM54953,19-January-2026,2026,1,Demonstrations,Protests,Peaceful protest,Protesters (Somalia),Labor Group (Somalia),6,,,0,60,,706,Eastern Africa,Somalia,Banadir,Banadir,,Mogadishu - Hawl Wadaag,2.048,45.32,1,REDACTED IN SAMPLE,REDACTED IN SAMPLE,"On 19 January 2026, business owners protested at the Suuqa Bakaraha neighborhood in Mogadishu - Hawl Wadaag (Banadir) against land eviction and the demolition of the business.",0,crowd size=no report,1769546450
SOM54954,19-January-2026,2026,1,Political violence,Violence against civilians,Attack,Military Forces of Somalia (2022-),,1,Civilians (Somalia),,7,17,Civilian targeting,706,Eastern Africa,Somalia,Banadir,Banadir,,Mogadishu - Karan,2.0652,45.39,1,REDACTED IN SAMPLE,REDACTED IN SAMPLE,"On 19 January 2026, overnight, government security forces (SNA) attacked the residential house of the former religion minister at the Mirinayo junction neighborhood in Mogadishu - Karan (Banadir). The motive is due to land eviction. 1 civilian was injured.",0,,1769474342
SOM54955,19-January-2026,2026,1,Political violence,Battles,Armed clash,Military Forces of Somalia (2022-),,1,Military Forces of Somalia (2022-),,1,11,,706,Eastern Africa,Somalia,Lower Shabelle,Afgooye,,Muuri,2.0345,45.0266,1,REDACTED IN SAMPLE,REDACTED IN SAMPLE,"On 19 January 2026, 2 groups of government soldiers (SNA) manning a checkpoint clashed in Muuri village (Afgooye, Lower Shabelle), following a dispute over extortion money collected at the checkpoint. 2 civilian bystanders were injured.",0,,1769546450
SOM54956,19-January-2026,2026,1,Political violence,Battles,Armed clash,Military Forces of Somalia (2022-) Puntland Dervish Force,,1,Islamic State Somalia Province,,2,12,,706,Eastern Africa,Somalia,Bari,Qandala,,Qandala,11.471,49.8726,2,REDACTED IN SAMPLE,REDACTED IN SAMPLE,"On 19 January 2026, Puntland Dervish Force clashed with Islamic State Somalia Province in Ceelka Wanqable village near Qandala town (Qandala, Bari). There were no casualties.",0,,1769474342
SOM54957,19-January-2026,2026,1,Political violence,Violence against civilians,Attack,Dir-Ciise Sub-Clan Militia (Somalia),,4,Civilians (Somalia),Dir-Samaroon Sub-Clan Group (Somalia),7,47,Civilian targeting,706,Eastern Africa,Somalia,Awdal,Zeylac,,Saylac,11.3539,43.4731,2,REDACTED IN SAMPLE,REDACTED IN SAMPLE,"On 19 January 2026, Dir-Ciise sub-clan militia kidnapped and killed 2 civilian men from the Dir-Samaroon sub-clan in the Indho-Biiraale water well area, near Saylac town (Zeylac, Awdal). The motive was due to clan revenge.",2,,1769474342
SOM54958,19-January-2026,2026,1,Strategic developments,Strategic developments,Change to group/activity,Islamic State Somalia Province,,2,,,0,20,,706,Eastern Africa,Somalia,Bari,Qandala,,Xijijle,10.9318,50.2457,1,REDACTED IN SAMPLE,REDACTED IN SAMPLE,"Movement of forces: On 19 January 2026, heavily armed Islamic State Somalia Province arrived in the vicinity of Xijijle village (Qandala, Bari).",0,,1769546450
SOM54959,19-January-2026,2026,1,Political violence,Violence against civilians,Attack,Darod-Majeerteen Sub-Clan Militia (Somalia),,4,Civilians (Somalia),Government of Somalia (2022-) Northeastern Administration,7,47,Civilian targeting,706,Eastern Africa,Somalia,Sanaag,Ceerigaabo,,Xin-Galool,9.7531,48.3097,1,REDACTED IN SAMPLE,REDACTED IN SAMPLE,"On 19 January 2026, unidentified clan militia loyal to the Puntland administration (likely Darod-Majeerteen Sub-Clan Militia due to their support to Puntland State) opened gunfire on the vehicles of a member of parliament for the Northeastern state of Somalia in Xin-Galool village (Ceerigaabo, Sanaag). There were no casualties.",0,local administrators,1769546450
SOM55032,19-January-2026,2026,1,Political violence,Battles,Armed clash,Al Shabaab,,2,Police Forces of Somalia (2022-) Jubaland Police Force,,1,12,,706,Eastern Africa,Somalia,Lower Juba,Afmadow,,Afmadow,0.5172,42.071,1,REDACTED IN SAMPLE,REDACTED IN SAMPLE,"On 19 January 2026, Al Shabaab clashed with Jubaland police forces at a checkpoint in Afmadow town (Afmadow, Lower Juba). Al Shabaab claimed to have killed 1 soldier and another was injured.",1,,1769546450
SOM55033,19-January-2026,2026,1,Political violence,Explosions/Remote violence,Grenade,Al Shabaab,,2,Civilians (Somalia),Government of Somalia (2022-) Southwest Administration,7,27,Civilian targeting,706,Eastern Africa,Somalia,Bay,Baydhaba,,Baidoa,3.1172,43.6469,1,REDACTED IN SAMPLE,REDACTED IN SAMPLE,"On 19 January 2026, suspected Al Shabaab threw a hand grenade at the residence of a government official in the Horsed neighborhood of Baidoa town (Baydhaba, Bay). The grenade struck the gate, causing minor damage. There were no casualties.",0,local administrators,1769474342
SOM55034,19-January-2026,2026,1,Strategic developments,Strategic developments,Other,Unidentified Clan Militia (Somalia),,4,,,0,40,,706,Eastern Africa,Somalia,Hiraan,Belet Weyne,,Belet Weyne,4.736,45.2043,1,REDACTED IN SAMPLE,REDACTED IN SAMPLE,"Non-violent activity: On 19 January 2026, and for the third day, unidentified clan militia loyal to Himilo Company established an illegal roadblock on the main access route to the AU/UN compound near the AUSSOM DNDF checkpoint in Belet Weyne town (Belet Weyne, Hiraan). The action is linked to an ongoing financial dispute between Himilo Company and UNICEF contractor Deeqa Company concerning alleged unpaid dues. The militia prevented UN national staff from entering the compound, resulting in the disruption of routine UN operations.",0,,1769474342
SOM55035,19-January-2026,2026,1,Political violence,Explosions/Remote violence,Air/drone strike,Unidentified Military Forces,Military Forces of Somalia (2022-) Special Forces,8,Al Shabaab,,2,28,,706,Eastern Africa,Somalia,Lower Juba,Jamaame,,Jamaame,0.0692,42.7382,1,REDACTED IN SAMPLE,REDACTED IN SAMPLE,"On 19 January 2026, international forces (coded as Unidentified Military Forces) and government security forces (Danab) launched an airstrike against Al Shabaab position in Nasiib-wanaag neighborhood in Jamaame town (Jamaame, Lower Juba). An unknown number of militants were killed and wounded. Unspecified number of fatalities coded as 3.",3,,1769474342
SOM55036,19-January-2026,2026,1,Political violence,Battles,Armed clash,Al Shabaab,,2,Military Forces of Somalia (2022-),,1,12,,706,Eastern Africa,Somalia,Bakool,Waajid,,Waajid,3.8096,43.2463,1,REDACTED IN SAMPLE,REDACTED IN SAMPLE,"On 19 January 2026, overnight, Al Shabaab clashed with government security forces (SNA) at a checkpoint in Waajid town (Waajid, Bakool). Al Shabaab claimed to have injured soldiers.",0,,1769546450
SOM54960,20-January-2026,2026,1,Strategic developments,Strategic developments,Change to group/activity,Islamic State Somalia Province,,2,,,0,20,,706,Eastern Africa,Somalia,Bari,Caluula,,Alula,11.9644,50.7559,1,REDACTED IN SAMPLE,REDACTED IN SAMPLE,"Movement of forces: On 20 January 2026, about 60-80 armed Islamic State Somalia Province arrived on the outskirts of Alula town (Caluula, Bari).",0,,1769546450
SOM54961,20-January-2026,2026,1,Political violence,Violence against civilians,Attack,Unidentified Clan Militia (Somalia),,4,Civilians (Somalia),Unidentified Clan Group (Somalia),7,47,Civilian targeting,706,Eastern Africa,Somalia,Gedo,Belet Xaawo,,Belet Xaawo,3.7807,41.8943,1,REDACTED IN SAMPLE,REDACTED IN SAMPLE,"On 20 January 2026, unidentified clan militias raided the residence of a civilian from rival clan member in Belet Xaawo town (Belet Xaawo, Gedo). The militias intended to kill the man, but he managed to escape. The militia stabbed and injured his wife and daughter. Security forces apprehended 1 of the perpetrators.",0,,1769474342
SOM54962,20-January-2026,2026,1,Strategic developments,Strategic developments,Change to group/activity,Islamic State Somalia Province,,2,,,0,20,,706,Eastern Africa,Somalia,Bari,Iskushuban,,Iskushuban,10.2818,50.2301,1,REDACTED IN SAMPLE,REDACTED IN SAMPLE,"Movement of forces: On 20 January 2026, heavily armed Islamic State Somalia Province were observed moving along the Toga Jacele area and Meeladeen area in Iskushuban town (Iskushuban, Bari).",0,,1769546450
SOM54963,20-January-2026,2026,1,Political violence,Violence against civilians,Attack,Al Shabaab,,2,Civilians (Somalia),Military Forces of Somalia (2022-),7,27,Civilian targeting,706,Eastern Africa,Somalia,Middle Juba,Jilib,,Jilib,0.4833,42.7666,1,REDACTED IN SAMPLE,REDACTED IN SAMPLE,"On 20 January 2026, Al Shabaab killed 2 civilians near Jilib town (Jilib, Middle Juba), who were accused of spying for the government forces.",2,,1769474342
SOM54964,20-January-2026,2026,1,Political violence,Violence against civilians,Abduction/forced disappearance,Al Shabaab,,2,Civilians (Somalia),,7,27,Civilian targeting,706,Eastern Africa,Somalia,Middle Juba,Jilib,,Jilib,0.4833,42.7666,1,REDACTED IN SAMPLE,REDACTED IN SAMPLE,"On 20 January 2026, Al Shabaab abducted and forcefully detained a young man traveling from Kismayo, at the main entrance checkpoint in Jilib town (Jilib, Middle Juba). The victim failed to answer a question from the Al Shabaab amniyaat team.",0,,1769474342
SOM54965,20-January-2026,2026,1,Political violence,Battles,Armed clash,Military Forces of Somalia (2022-) Special Forces,,1,Al Shabaab,,2,12,,706,Eastern Africa,Somalia,Lower Juba,Kismaayo,,Kismayo,-0.3603,42.5463,2,REDACTED IN SAMPLE,REDACTED IN SAMPLE,"On 20 January 2026, government security forces (Danab) clashed with Al Shabaab near Kismayo town (Kismaayo, Lower Juba). During the operation the security forces defused IEDs and destroyed hideouts. There were no casualties.",0,,1769474342
SOM54966,20-January-2026,2026,1,Demonstrations,Protests,Peaceful protest,Protesters (Somalia),Military Forces of Somalia (2022-) Northeastern Security Force,6,,,0,60,,706,Eastern Africa,Somalia,Sool,Laas Caanood,,Laascaanood,8.4774,47.3597,1,REDACTED IN SAMPLE,REDACTED IN SAMPLE,"On 20 January 2026, disabled soldiers from the Northeastern security forces (formerly SSC-Khaatumo) protested in Laascaanood town (Laas Caanood, Sool). They demanded that the Northeastern administration pay their outstanding salaries.",0,crowd size=no report,1769546450
SOM54967,20-January-2026,2026,1,Demonstrations,Protests,Peaceful protest,Protesters (Somalia),Taxi Drivers (Somalia),6,,,0,60,,706,Eastern Africa,Somalia,Banadir,Banadir,,Mogadishu - Hodan,2.0376,45.3058,1,REDACTED IN SAMPLE,REDACTED IN SAMPLE,"On 20 January 2026, tuk-tuk drivers protested in Mogadishu - Hodan (Banadir) against police extortions and brutality.",0,crowd size=no report,1769474342
SOM54968,20-January-2026,2026,1,Political violence,Battles,Armed clash,Military Forces of Somalia (2022-),,1,Al Shabaab,,2,12,,706,Eastern Africa,Somalia,Lower Shabelle,Qoryooley,,Qoryooley,1.7878,44.53,2,REDACTED IN SAMPLE,REDACTED IN SAMPLE,"On 20 January 2026, government security forces (SNA) clashed with Al Shabaab at a hideout base at Gaarowo village and Ahmed Gurey area near Qoryooley town (Qoryooley, Lower Shabelle). The forces destroyed the Al Shabaab courthouse and four caves. There were no casualties.",0,,1769474342
SOM54969,20-January-2026,2026,1,Political violence,Battles,Armed clash,Darod-Leelkayse Sub-Clan Militia (Somalia),,4,Darod-Majeerteen Sub-Clan Militia (Somalia),,4,44,,706,Eastern Africa,Somalia,Mudug,Gaalkacyo,,Roox,7.2105,47.4313,1,REDACTED IN SAMPLE,REDACTED IN SAMPLE,"On 20 January 2026, Leelkayse and Majeerteen sub-clan militia from Darod clan clashed in Roox village (Gaalkacyo, Mudug). The motive was due to farmland dispute clan revenge. At least 6 people were killed and 13 others were injured.",6,,1769546450
SOM54970,20-January-2026,2026,1,Strategic developments,Strategic developments,Change to group/activity,Dir-Gadabuursi Sub-Clan Militia (Somalia),,4,,,0,40,,706,Eastern Africa,Somalia,Awdal,Zeylac,,Saylac,11.3539,43.4731,1,REDACTED IN SAMPLE,REDACTED IN SAMPLE,"Movement of forces: On 20 January 2026, Dir-Gadabuursi clan militia were seen regrouping on the outskirts of Saylac town (Zeylac, Awdal). The clan militia is against the Somaliland administration, calling for the formation of the Awdal State of Somalia and joining the federal government of Somalia.",0,,1769474342
SOM55037,20-January-2026,2026,1,Political violence,Violence against civilians,Attack,Hawiye-Abgal Sub-Clan Militia (Somalia),,4,Civilians (Somalia),Unidentified Clan Group (Somalia),7,47,Civilian targeting,706,Eastern Africa,Somalia,Middle Shabelle,Balcad,,Raga Ceel,2.6557,46.0091,2,REDACTED IN SAMPLE,REDACTED IN SAMPLE,"On 20 January 2026, Hawiye-Abgal sub-clan militia shot and killed a civilian from another clan in Buurka Dilimeed area near Raga Ceel village (Balcad, Middle Shabelle). The motive was due to clan revenge.",1,,1770071682
SOM54971,21-January-2026,2026,1,Demonstrations,Protests,Peaceful protest,Protesters (Somalia),Al Shabaab,6,,,0,60,,706,Eastern Africa,Somalia,Lower Juba,Badhaadhe,,Badhaadhe,-1.03,41.483,1,REDACTED IN SAMPLE,REDACTED IN SAMPLE,"On 21 January 2026, locals protested in Badhaadhe town (Badhaadhe, Lower Juba) in support of the Al Shabaab attack in Kudha and Burgaboo village (coded separately). The protest was organized by an Al Shabaab political officer in Lower Juba.",0,crowd size=no report,1769546450
SOM54972,21-January-2026,2026,1,Political violence,Explosions/Remote violence,Air/drone strike,Military Forces of the United States (2025-),,8,Islamic State Somalia Province,,2,28,,706,Eastern Africa,Somalia,Bari,Qandala,,Buuraha Cali Miskat,10.8548,49.7434,2,REDACTED IN SAMPLE,REDACTED IN SAMPLE,"On 21 January 2026, US forces conducted airstrikes targeting Islamic State Somalia Province position in the vicinity of the Golis Mountains, approximately 66 km southeast of Bossaso, near Buuraha Cali Miskat (Qandala, Bari). Casualties unknown.",0,,1776191110
SOM54973,21-January-2026,2026,1,Political violence,Explosions/Remote violence,Shelling/artillery/missile attack,Al Shabaab,,2,,,0,20,,706,Eastern Africa,Somalia,Lower Juba,Jamaame,,Bar-Sanguun,-0.0416,42.5945,1,REDACTED IN SAMPLE,REDACTED IN SAMPLE,"On 21 January 2026, Al Shabaab fired mortar shells towards Bar-Sanguun village (Jamaame, Lower Juba). There were no casualties.",0,,1769474342
SOM54974,21-January-2026,2026,1,Political violence,Explosions/Remote violence,Air/drone strike,Military Forces of Kenya (2022-),,8,Al Shabaab,,2,28,,706,Eastern Africa,Somalia,Lower Juba,Badhaadhe,,Bushbush,-1.2377,41.673,1,REDACTED IN SAMPLE,REDACTED IN SAMPLE,"On 21 January 2026, Kenya security forces conducted an airstrike targeting Al Shabaab in Bushbush village (Badhaadhe, Lower Juba). Casualties unknown.",0,,1769546450
SOM54975,21-January-2026,2026,1,Political violence,Battles,Armed clash,Al Shabaab,,2,Military Forces of Somalia (2022-) Jubaland Security Force,,1,12,,706,Eastern Africa,Somalia,Lower Juba,Badhaadhe,,Buur Gaabo,-1.2201,41.8363,1,REDACTED IN SAMPLE,REDACTED IN SAMPLE,"On 21 January 2026, Al Shabaab clashed with Jubaland security forces at a base in Buur Gaabo village (Badhaadhe, Lower Juba). The clash was initiated with SVBIEDs. An unknown number of soldiers and Al Shabaab were killed and wounded. Unspecified number of fatalities coded as 3. Al Shabaab claimed responsibility.",3,,1769546450
SOM54976,21-January-2026,2026,1,Political violence,Explosions/Remote violence,Air/drone strike,Military Forces of Kenya (2022-),,8,Al Shabaab,,2,28,,706,Eastern Africa,Somalia,Lower Juba,Badhaadhe,,Buur Gaabo,-1.2201,41.8363,1,REDACTED IN SAMPLE,REDACTED IN SAMPLE,"On 21 January 2026, Kenya security forces conducted an airstrike targeting Al Shabaab in Buur Gaabo village (Badhaadhe, Lower Juba). Casualties unknown.",0,,1769546450
SOM54977,21-January-2026,2026,1,Political violence,Battles,Non-state actor overtakes territory,Al Shabaab,,2,Military Forces of Somalia (2022-) Jubaland Security Force,,1,12,,706,Eastern Africa,Somalia,Lower Juba,Badhaadhe,,Kudhaa,-1.0351,41.9748,1,REDACTED IN SAMPLE,REDACTED IN SAMPLE,"On 21 January 2026, Al Shabaab clashed with Jubaland security forces at a base in Kudhaa village (Badhaadhe, Lower Juba). The clash was initiated with SVBIEDs. The militants took control of the base and looted weapons and ammunition. More than 70 soldiers were killed, and more than 130 Al Shabaab fighters were killed, injuring several others. Al Shabaab claimed to have killed 113, injured 47, and captured 15 soldiers. The government claimed to have killed up to 130 Al Shabaab fighters. Fatalities coded as 200 based on Local Network, Hiiraan (Somalia) and Somali News Agency (latest reports).",200,,1769546450
SOM54979,21-January-2026,2026,1,Political violence,Battles,Armed clash,Al Shabaab,,2,Military Forces of Somalia (2022-) Jubaland Security Force,,1,12,,706,Eastern Africa,Somalia,Lower Juba,Badhaadhe,,Odow,-1.4765,41.6849,1,REDACTED IN SAMPLE,REDACTED IN SAMPLE,"On 21 January 2026, Al Shabaab ambushed Jubaland security forces in Odow village (Badhaadhe, Lower Juba). The militants seized a water-tanker vehicle along with the accompanying soldiers and transported them to the Bushbushle area. There were no casualties.",0,,1776191110
SOM54980,21-January-2026,2026,1,Political violence,Battles,Armed clash,Darod-Harti-Leelkayse Sub-Clan Militia (Somalia),,4,Darod-Majeerteen Sub-Clan Militia (Somalia),,4,44,,706,Eastern Africa,Somalia,Mudug,Gaalkacyo,,Roox,7.2105,47.4313,1,REDACTED IN SAMPLE,REDACTED IN SAMPLE,"On 21 January 2026, Darod LeeLkase and Majeerteen clan militias clashed over a farmland dispute in Roox village (Gaalkacyo, Mudug). 4 people were killed, and 10 others were injured.",4,,1769546450
SOM54981,21-January-2026,2026,1,Political violence,Battles,Armed clash,Dir-Ciise Sub-Clan Militia (Somalia),,4,Military Forces of Somaliland (2024-),,1,14,,706,Eastern Africa,Somalia,Awdal,Zeylac,,Saylac,11.3539,43.4731,2,REDACTED IN SAMPLE,REDACTED IN SAMPLE,"On 21 January 2026, Dir-Ciise sub-clan militia clashed with Somaliland security forces in Indho-Biraale village near Saylac town (Zeylac, Awdal). 2 people were killed, and 3 others were injured.",2,,1769474342
SOM54982,21-January-2026,2026,1,Political violence,Battles,Armed clash,Military Forces of Somalia (2022-),Police Forces of Somalia (2022-) Southwest Special Police Forces,1,Unidentified Clan Militia (Somalia),,4,14,,706,Eastern Africa,Somalia,Lower Shabelle,Wanla Weyn,,Yaaq Biri Weyne,2.6295,44.6977,1,REDACTED IN SAMPLE,REDACTED IN SAMPLE,"On 21 January 2026, government security forces (SNA) and Southwest Special Police Forces (SWSPF) clashed with unidentified clan militia in Yaaq Biri Weyne village (Wanla Weyn, Lower Shabelle). More than 10 people were killed.",10,,1769474342
SOM55174,21-January-2026,2026,1,Political violence,Explosions/Remote violence,Air/drone strike,Military Forces of the United States (2025-),,8,Al Shabaab,,2,28,,706,Eastern Africa,Somalia,Lower Juba,Badhaadhe,,Kudhaa,-1.0351,41.9748,1,REDACTED IN SAMPLE,REDACTED IN SAMPLE,"On 21 January 2026, US forces launched an airstrike against Al Shabaab position in Kudhaa village (Badhaadhe, Lower Juba). Casualties unknown.",0,,1770676302
SOM54983,22-January-2026,2026,1,Political violence,Battles,Armed clash,Military Forces of Somalia (2022-) Jubaland Security Force,,1,Al Shabaab,,2,12,,706,Eastern Africa,Somalia,Lower Juba,Badhaadhe,,Badhaadhe,-1.03,41.483,2,REDACTED IN SAMPLE,REDACTED IN SAMPLE,"On 22 January 2026, Jubaland security forces clashed with Al Shabaab at a hideout base in Laagta, Goobo, and Santaro villages near Baadhaade town (Badhaadhe, Lower Juba). There were no casualties.",0,,1769546450
SOM54984,22-January-2026,2026,1,Political violence,Explosions/Remote violence,Grenade,Al Shabaab,,2,Police Forces of Somalia (2022-) Southwest Special Police Forces,,1,12,,706,Eastern Africa,Somalia,Bay,Baydhaba,,Baidoa,3.1172,43.6469,1,REDACTED IN SAMPLE,REDACTED IN SAMPLE,"On 22 January 2026, Al Shabaab hurled a hand grenade at soldiers in the Horseed area in Baidoa town (Baydhaba, Bay), and a soldier was injured.",0,,1769474342
SOM54985,22-January-2026,2026,1,Political violence,Battles,Armed clash,Al Shabaab,,2,Military Forces of Somalia (2022-),,1,12,,706,Eastern Africa,Somalia,Bay,Baydhaba,,Burjeedka,3.0246,43.5948,1,REDACTED IN SAMPLE,REDACTED IN SAMPLE,"On 22 January 2026, overnight, Al Shabaab clashed with government security forces (SNA) at a base in Burjeedka village (Baydhaba, Bay). There were no casualties. Al Shabaab claimed responsibility.",0,,1769546450
SOM54986,22-January-2026,2026,1,Political violence,Violence against civilians,Attack,Al Shabaab,,2,Civilians (Somalia),,7,27,Civilian targeting,706,Eastern Africa,Somalia,Lower Juba,Badhaadhe,,Bushbush,-1.2377,41.673,1,REDACTED IN SAMPLE,REDACTED IN SAMPLE,"On 22 January 2026, Al Shabaab assaulted a civilian in Bushbushle village (Badhaadhe, Lower Juba) after crying and mourning the killing of his brother, who was a soldier in Kudha. Extent of injuries unknown.",0,,1769546450
SOM54987,22-January-2026,2026,1,Political violence,Battles,Armed clash,Al Shabaab,,2,Military Forces of Somalia (2022-) Jubaland Security Force,Military Forces of Somalia (2022-) Special Forces,1,12,,706,Eastern Africa,Somalia,Lower Juba,Kismaayo,,Buulo Xaaji,-0.632,41.9839,2,REDACTED IN SAMPLE,REDACTED IN SAMPLE,"On 22 January 2026, Al Shabaab ambushed Jubaland security forces and government security forces (Danab) near Buulo Xaaji village (Kismaayo, Lower Juba). The forces were to be sent to the Quick Response Unit to reinforce the soldiers in Kudhaa. Casualties unknown.",0,,1769546450
SOM54988,22-January-2026,2026,1,Political violence,Battles,Armed clash,Darod-Marehan Sub-Clan Militia (Somalia),,4,Dir-Sure Sub-Clan Militia (Somalia),,4,44,,706,Eastern Africa,Somalia,Galgaduud,Cabudwaaq,,Hulkujir,6.0787,46.1088,1,REDACTED IN SAMPLE,REDACTED IN SAMPLE,"On 22 January 2026, Darood Marehan clan militia and Dir-Sure clan militia clashed in Hulkujir village (Cabudwaaq, Galgaduud) over a land dispute and clan revenge. There were no casualties.",0,,1769546450
SOM54989,22-January-2026,2026,1,Political violence,Violence against civilians,Attack,Hawiye-Habar Gedir-Ayr Sub-Clan Militia (Somalia),,4,Civilians (Somalia),Darod-Ogaden-Absame Sub-Clan Group (Somalia); Pastoralists (Somalia),7,47,Civilian targeting,706,Eastern Africa,Somalia,Galgaduud,Cabudwaaq,,Inajiro,6.2824,46.4219,1,REDACTED IN SAMPLE,REDACTED IN SAMPLE,"On 22 January 2026, Hawiye-Habar Gedir-Ayr clan militia opened fire on civilian pastoralists from Bah-Gari Ogaden in Inajiro village (Cabudwaaq, Galgaduud). The pastoralist was searching for a missing camel in Balanbale district, and one civilian was injured.",0,,1769546450
SOM54990,22-January-2026,2026,1,Political violence,Battles,Armed clash,Islamic State Somalia Province,,2,Military Forces of Somalia (2022-) Puntland Dervish Force,,1,12,,706,Eastern Africa,Somalia,Bari,Iskushuban,,Iskushuban,10.2818,50.2301,2,REDACTED IN SAMPLE,REDACTED IN SAMPLE,"On 22 January 2026, Islamic State Somalia Province ambushed Puntland dervish forces in Buq-Catooti village near Iskushuban town (Iskushuban, Bari). There were no casualties.",0,,1769546450
SOM54991,22-January-2026,2026,1,Strategic developments,Strategic developments,Headquarters or base established,Islamic State Somalia Province,,2,,,0,20,,706,Eastern Africa,Somalia,Bari,Iskushuban,,Iskushuban,10.2818,50.2301,2,REDACTED IN SAMPLE,REDACTED IN SAMPLE,"On 22 January 2026, Islamic State Somalia Province established a base in the vicinity of Hamure village near Iskushuban town (Iskushuban, Bari).",0,,1769546450
SOM54992,22-January-2026,2026,1,Political violence,Battles,Armed clash,Al Shabaab,,2,Police Forces of Somalia (2022-) Hirshabelle Police Forces,,1,12,,706,Eastern Africa,Somalia,Middle Shabelle,Jowhar,,Jowhar,2.7797,45.5042,1,REDACTED IN SAMPLE,REDACTED IN SAMPLE,"On 22 January 2026, suspected Al Shabaab hurled a hand grenade at a Hirshabelle police officer's house (assumed off-duty) in Jowhar town (Jowhar, Middle Shabelle). There were no casualties. The officer opened fire.",0,,1769474342
SOM54993,22-January-2026,2026,1,Political violence,Battles,Armed clash,Military Forces of Somalia (2022-) Jubaland Security Force,,1,Al Shabaab,,2,12,,706,Eastern Africa,Somalia,Lower Juba,Kismaayo,,Kismayo,-0.3603,42.5463,2,REDACTED IN SAMPLE,REDACTED IN SAMPLE,"On 22 January 2026, Jubaland security forces clashed with Al Shabaab at a hideout base near Halima Cadey village near Kismayo town (Kismaayo, Lower Juba). There were no casualties.",0,,1769474342
SOM54994,22-January-2026,2026,1,Political violence,Battles,Government regains territory,Military Forces of Somalia (2022-) Jubaland Security Force,Military Forces of Kenya (2022-); Military Forces of Somalia (2022-) Special Forces,1,Al Shabaab,,2,12,,706,Eastern Africa,Somalia,Lower Juba,Badhaadhe,,Kudhaa,-1.0351,41.9748,1,REDACTED IN SAMPLE,REDACTED IN SAMPLE,"On 22 January 2026, Jubaland security forces and government security forces (Danab) clashed with Al Shabaab in Kudhaa village (Badhaadhe, Lower Juba). The security forces took control over the village (Al Shabaab took control of the village a day before - coded separately). The operation was supported by an airstrike from international forces (likely Kenya security forces due to a similar attack by the KDF in Kudhaa). A roadside IED planted by Al Shabaab exploded targeting the forces. More than 50 - 59 Al Shabaab militants were killed, and 42 others were injured, and 10 soldiers were killed. Total fatalities coded as 60.",60,,1769546450
SOM54995,22-January-2026,2026,1,Political violence,Battles,Armed clash,Darod-Marehan Sub-Clan Militia (Somalia),,4,Dir-Sure Sub-Clan Militia (Somalia),,4,44,,706,Eastern Africa,Somalia,Galgaduud,Cabudwaaq,,Laandheer,6.0854,46.1934,1,REDACTED IN SAMPLE,REDACTED IN SAMPLE,"On 22 January 2026, Darood Marehan clan militia and Dir-Sure clan militia clashed at a waterpoint in Laandheer village (Cabudwaaq, Galgaduud) over a land dispute and clan revenge. There were no casualties.",0,,1769546450
SOM54996,22-January-2026,2026,1,Political violence,Battles,Armed clash,Hawiye-Abgal Sub-Clan Militia (Somalia),,4,Al Shabaab,,2,24,,706,Eastern Africa,Somalia,Middle Shabelle,Adan Yabaal,,Nuur Dugle,3.3869,46.6272,2,REDACTED IN SAMPLE,REDACTED IN SAMPLE,"On 22 January 2026, Hawiye Abgal clan militia clashed with Al Shabaab near Nuur Dugle village (Adan Yabaal, Middle Shabelle). 2 Al Shabaab were injured.",0,,1769546450
SOM54997,22-January-2026,2026,1,Strategic developments,Strategic developments,Other,Dir-Ciise Sub-Clan Militia (Somalia),,4,,,0,40,,706,Eastern Africa,Somalia,Awdal,Zeylac,,Saylac,11.3539,43.4731,2,REDACTED IN SAMPLE,REDACTED IN SAMPLE,"Non-violent activity: On 22 January 2026, the Dir Ciise clan militia erected a checkpoint near Indah Biraale village near Saylac town (Zeylac, Awdal).",0,,1769474342
SOM54998,22-January-2026,2026,1,Political violence,Battles,Armed clash,Dir-Ciise Sub-Clan Militia (Somalia),,4,Military Forces of Somaliland (2024-),,1,14,,706,Eastern Africa,Somalia,Awdal,Zeylac,,Saylac,11.3539,43.4731,2,REDACTED IN SAMPLE,REDACTED IN SAMPLE,"On 22 January 2026, Dir Ciise clan militia clashed with Somaliland security forces in Indah Biraale village near Saylac town (Zeylac, Awdal), and fatalities from both sides were reported. Unspecified fatalities coded as 3.",3,,1769474342
SOM55006,22-January-2026,2026,1,Political violence,Violence against civilians,Attack,Al Shabaab,,2,Civilians (Somalia),Labor Group (Somalia); Women (Somalia),7,27,Civilian targeting,706,Eastern Africa,Somalia,Lower Juba,Badhaadhe,,Kudhaa,-1.0351,41.9748,1,REDACTED IN SAMPLE,REDACTED IN SAMPLE,"On 22 January 2026, Al Shabaab abducted 6 civilians, 4 women who operated teashops and 2 shopkeepers, in Kudhaa village (Badhaadhe, Lower Juba). 2 of the kidnapped women were later killed. The militants also demolished the main water source, the purification unit, and a shallow well in Kudhaa.",2,,1769546450
SOM55145,22-January-2026,2026,1,Political violence,Explosions/Remote violence,Air/drone strike,Military Forces of the United States (2025-),,8,Islamic State Somalia Province,,2,28,,706,Eastern Africa,Somalia,Bari,Bossaso,,Balade,11.2761,49.164,1,REDACTED IN SAMPLE,REDACTED IN SAMPLE,"On 22 January 2026, US forces conducted airstrikes targeting Islamic State Somalia Province position in Tooga Balade (Bossaso, Bari) and Ceelka Bukuuje (coded separately). 2 militants were killed. 2 fatalities split across 2 events and coded as 1 for this event.",1,,1770078493
SOM55146,22-January-2026,2026,1,Political violence,Battles,Armed clash,Military Forces of Somalia (2022-),,1,Al Shabaab,,2,12,,706,Eastern Africa,Somalia,Lower Shabelle,Afgooye,,Buulo Folyo,2.1636,45.1105,1,REDACTED IN SAMPLE,REDACTED IN SAMPLE,"On 22 January 2026, overnight, suspected Al Shabaab clashed with government security forces (SNA) at a checkpoint in Buulo Folyo village (Afgooye, Lower Shabelle). There were no casualties.",0,,1770078493
SOM55147,22-January-2026,2026,1,Political violence,Explosions/Remote violence,Air/drone strike,Military Forces of the United States (2025-),,8,Islamic State Somalia Province,,2,28,,706,Eastern Africa,Somalia,Bari,Qandala,,Buuraha Cali Miskat,10.8548,49.7434,1,REDACTED IN SAMPLE,REDACTED IN SAMPLE,"On 22 January 2026, US forces conducted airstrikes targeting Islamic State Somalia Province position in Ceelka Bukuuje area within Buuraha Cali Miskat (Qandala, Bari) and Tooga Balade (coded separately). 2 militants were killed. 2 fatalities split across 2 events and coded as 1 for this event.",1,,1776191110
SOM55148,22-January-2026,2026,1,Political violence,Battles,Armed clash,Military Forces of Somalia (2022-) Jubaland Security Force,,1,Al Shabaab,,2,12,,706,Eastern Africa,Somalia,Lower Juba,Afmadow,,Dhobley,0.4063,41.0124,2,REDACTED IN SAMPLE,REDACTED IN SAMPLE,"On 22 January 2026, Jubaland security forces clashed with Al Shabaab in Lafaguri village near Dhobley village (Afmadow, Lower Juba). 2 Al Shabaab were killed.",2,,1770078493
SOM55172,22-January-2026,2026,1,Political violence,Violence against civilians,Attack,Military Forces of Somalia (2022-),,1,Civilians (Somalia),Street Traders (Somalia); Women (Somalia),7,17,Civilian targeting,706,Eastern Africa,Somalia,Lower Shabelle,Afgooye,,Ceelasha Biyaha,2.0823,45.2102,1,REDACTED IN SAMPLE,REDACTED IN SAMPLE,"On 22 January 2026, government security forces (SNA) convoy traveling from Afgooye toward Mogadishu opened gunfire during a traffic jam caused by public vehicles to clear the road in Ceelasha Biyaha village (Afgooye, Lower Shabelle). A civilian female working on roadside was injured.",0,,1770078493
SOM55175,22-January-2026,2026,1,Political violence,Explosions/Remote violence,Air/drone strike,Military Forces of the United States (2025-),,8,Al Shabaab,,2,28,,706,Eastern Africa,Somalia,Lower Juba,Badhaadhe,,Kudhaa,-1.0351,41.9748,1,REDACTED IN SAMPLE,REDACTED IN SAMPLE,"On 22 January 2026, for the second consecutive day, US forces launched an airstrike against Al Shabaab position in Kudhaa village (Badhaadhe, Lower Juba). Casualties unknown.",0,,1770676302
SOM54999,23-January-2026,2026,1,Demonstrations,Protests,Peaceful protest,Protesters (Somalia),Al Shabaab,6,,,0,60,,706,Eastern Africa,Somalia,Middle Juba,Bu'aale,,Buaale,1.2448,42.5732,1,REDACTED IN SAMPLE,REDACTED IN SAMPLE,"On 23 January 2026, residents protested in Buaale town (Bu'aale, Middle Juba) in support of the Al Shabaab operation in Kudha, Lower Juba region. The Al Shabaab Middle Juba Governor organized the protest, which occurred before and after the Friday prayers in the main mosque area.",0,crowd size=no report,1769474342
SOM55000,23-January-2026,2026,1,Strategic developments,Strategic developments,Agreement,Hawiye-Abgal-Wacaysle Sub-Clan Militia (Somalia),,4,Hawiye-Murusade Sub-Clan Militia (Somalia),,4,44,,706,Eastern Africa,Somalia,Galgaduud,Ceel Buur,,Ceel Buur,4.6815,46.6234,1,REDACTED IN SAMPLE,REDACTED IN SAMPLE,"On 23 January 2026, Al Shabaab finalized an agreement between Abgal Wacayle and Mururusade of the Hawiye clan in Ceel Buur town (Ceel Buur, Galgaduud). The content of the agreement was unknown.",0,,1769474342
SOM55001,23-January-2026,2026,1,Demonstrations,Protests,Peaceful protest,Protesters (Somalia),Al Shabaab,6,,,0,60,,706,Eastern Africa,Somalia,Lower Juba,Afmadow,,Hagar,0.87,41.9758,1,REDACTED IN SAMPLE,REDACTED IN SAMPLE,"On 23 January 2026, locals protested in Hagar village (Afmadow, Lower Juba) in support of the Al Shabaab attack in Kudha and Burgaboo village (coded separately). The protest was organized by an Al Shabaab political officer in Lower Juba. This protest occurred after Friday prayers.",0,crowd size=no report,1769546450
SOM55002,23-January-2026,2026,1,Demonstrations,Protests,Peaceful protest,Protesters (Somalia),Al Shabaab,6,,,0,60,,706,Eastern Africa,Somalia,Lower Juba,Jamaame,,Jamaame,0.0692,42.7382,1,REDACTED IN SAMPLE,REDACTED IN SAMPLE,"On 23 January 2026, locals protested in Jamaame town (Jamaame, Lower Juba) in support of the Al Shabaab attack in Kudha and Burgaboo village (coded separately). The protest was organized by an Al Shabaab political officer in Lower Juba. This protest occurred after Friday prayers.",0,crowd size=no report,1769474342
SOM55003,23-January-2026,2026,1,Demonstrations,Protests,Peaceful protest,Protesters (Somalia),Al Shabaab,6,,,0,60,,706,Eastern Africa,Somalia,Middle Juba,Saakow,,Saakow,1.6394,42.4522,1,REDACTED IN SAMPLE,REDACTED IN SAMPLE,"On 23 January 2026, residents protested in Saakow town (Saakow, Middle Juba) in support of the Al Shabaab operation in Kudha, Lower Juba region. The Al Shabaab Middle Juba Governor organized the protest, which occurred before and after the Friday prayers in the main mosque area.",0,crowd size=no report,1769474342
SOM55004,23-January-2026,2026,1,Demonstrations,Protests,Peaceful protest,Protesters (Somalia),Al Shabaab,6,,,0,60,,706,Eastern Africa,Somalia,Middle Juba,Saakow,,Salagle,1.81,42.2899,1,REDACTED IN SAMPLE,REDACTED IN SAMPLE,"On 23 January 2026, residents protested in Salagle town (Saakow, Middle Juba) in support of the Al Shabaab operation in Kudha, Lower Juba region. The Al Shabaab Middle Juba Governor organized the protest, which occurred before and after the Friday prayers in the main mosque area.",0,crowd size=no report,1769474342
SOM55005,23-January-2026,2026,1,Demonstrations,Protests,Peaceful protest,Protesters (Somalia),Al Shabaab,6,,,0,60,,706,Eastern Africa,Somalia,Galgaduud,Ceel Buur,,Ceel Buur,4.6815,46.6234,1,REDACTED IN SAMPLE,REDACTED IN SAMPLE,"On 23 January 2026, Al Shabaab organized a protest in Ceel Buur town (Ceel Buur, Galgaduud) against Israel's recognition of the Somaliland administration. During the protest, the forces showed solidarity with Al Shabaab fighters' operation Kudha, Lower Juba.",0,crowd size=no report,1769474342
SOM55038,23-January-2026,2026,1,Strategic developments,Strategic developments,Looting/property destruction,Hawiye-Hawadle Sub-Clan Militia (Somalia),,4,Civilians (Somalia),Labor Group (Somalia); Unidentified Clan Group (Somalia),7,47,,706,Eastern Africa,Somalia,Hiraan,Belet Weyne,,Qod Qod,5.0818,45.682,2,REDACTED IN SAMPLE,REDACTED IN SAMPLE,"Looting: On 23 January 2026, Hawiye-Hawadle sub-clan militia carjacked commercial vehicles heading towards Galmudug, near Qod Qod village (Belet Weyne, Hiraan). The motive was due clan dispute.",0,,1770071682
SOM55039,23-January-2026,2026,1,Political violence,Explosions/Remote violence,Air/drone strike,Military Forces of the United States (2025-),,8,Islamic State Somalia Province,,2,28,,706,Eastern Africa,Somalia,Bari,Qandala,,Buuraha Cali Miskat,10.8548,49.7434,2,REDACTED IN SAMPLE,REDACTED IN SAMPLE,"On 23 January 2026, US forces conducted airstrikes targeting Islamic State Somalia Province position in the vicinity of the Golis Mountains, approximately 40 km southeast of Bossaso, near Buuraha Cali Miskat (Qandala, Bari). Casualties unknown.",0,,1776191110
SOM55040,23-January-2026,2026,1,Political violence,Explosions/Remote violence,Air/drone strike,Unidentified Military Forces,Military Forces of Somalia (2022-) National Intelligence and Security Agency,8,Al Shabaab,,2,28,,706,Eastern Africa,Somalia,Middle Juba,Jilib,,Kunyo Barrow,0.8014,43.3837,1,REDACTED IN SAMPLE,REDACTED IN SAMPLE,"On 23 January 2026, international forces (coded as Unidentified Military Forces) and government security forces (NISA) launched an airstrike against Al Shabaab position in Kunyo Barrow village (Jilib, Middle Juba). More than 10 senior Al Shabaab were killed, including the chief financial commander of the group.",10,,1770078493
SOM55041,23-January-2026,2026,1,Political violence,Battles,Armed clash,Darod-Leelkayse Sub-Clan Militia (Somalia),,4,Darod-Majeerteen Sub-Clan Militia (Somalia),,4,44,,706,Eastern Africa,Somalia,Mudug,Gaalkacyo,,Roox,7.2105,47.4313,1,REDACTED IN SAMPLE,REDACTED IN SAMPLE,"On 23 January 2026, Darod Leelkase and Majeerteen clan militias clashed over a farmland dispute in Roox village (Gaalkacyo, Mudug). 2 people from the Majeerteen were killed.",2,,1770078493
SOM55149,23-January-2026,2026,1,Political violence,Explosions/Remote violence,Remote explosive/landmine/IED,Al Shabaab,,2,Civilians (Somalia),Labor Group (Somalia),7,27,Civilian targeting,706,Eastern Africa,Somalia,Middle Shabelle,Cadale,,Cadale,2.7603,46.3222,2,REDACTED IN SAMPLE,REDACTED IN SAMPLE,"On 23 January 2026, an IED planted by Al Shabaab exploded, targeting TM commercial vehicle traveling along the eastern outskirts of Warga Adhi, in the Hiilka area near Cadele town (Cadale, Middle Shabelle). There were no casualties.",0,,1770078493
SOM55150,23-January-2026,2026,1,Political violence,Battles,Armed clash,Military Forces of Somalia (2022-) Jubaland Security Force,Military Forces of Somalia (2022-) Special Forces,1,Al Shabaab,,2,12,,706,Eastern Africa,Somalia,Lower Juba,Badhaadhe,,Kudhaa,-1.0351,41.9748,2,REDACTED IN SAMPLE,REDACTED IN SAMPLE,"On 23 January 2026, overnight, Jubaland security forces and government security forces (Danab) clashed with Al Shabaab near Kudhaa village (Badhaadhe, Lower Juba). 24 militants were killed and others were injured.",24,,1770078493
SOM55151,23-January-2026,2026,1,Political violence,Explosions/Remote violence,Remote explosive/landmine/IED,Al Shabaab,,2,Military Forces of Somalia (2022-),,1,12,,706,Eastern Africa,Somalia,Lower Shabelle,Afgooye,,Mareerey,2.116,45.05,1,REDACTED IN SAMPLE,REDACTED IN SAMPLE,"On 23 January 2026, an IED planted by an unknown armed group (likely Al Shabaab due to similar attacks by the group) exploded, targeting two government soldiers (SNA) traveling by motorcycle on the outskirts of Mareerey village (Afgooye, Lower Shabelle). There were no casualties.",0,,1770078493
SOM55152,23-January-2026,2026,1,Political violence,Violence against civilians,Attack,Hawiye-Abgal Sub-Clan Militia (Somalia),,4,Civilians (Somalia),Hawiye-Abgal Sub-Clan Group (Somalia); Muslim Group (Somalia),7,47,Civilian targeting,706,Eastern Africa,Somalia,Middle Shabelle,Balcad,,Raga Ceel,2.6557,46.0091,2,REDACTED IN SAMPLE,REDACTED IN SAMPLE,"On 23 January 2026, Hawiye-Abgal sub-clan militia shot and killed an elderly religious cleric from the same clan in Biyo Madoowe area near Raga Ceel village (Balcad, Middle Shabelle). The motive was due to clan revenge.",1,,1770071682
SOM55042,24-January-2026,2026,1,Political violence,Explosions/Remote violence,Air/drone strike,Military Forces of the United States (2025-),,8,Islamic State Somalia Province,,2,28,,706,Eastern Africa,Somalia,Bari,Qandala,,Buuraha Cali Miskat,10.8548,49.7434,2,REDACTED IN SAMPLE,REDACTED IN SAMPLE,"On 24 January 2026, US forces conducted airstrikes targeting Islamic State Somalia Province position in the vicinity of the Golis Mountains, approximately 40 km southeast of Bossaso, near Buuraha Cali Miskat (Qandala, Bari). Casualties unknown.",0,,1776191110
SOM55043,24-January-2026,2026,1,Political violence,Battles,Armed clash,Dir-Gadabuursi Bahabarmuse Sub-Clan Militia (Somalia),,4,Dir-Issa Mamasaan Sub-Clan Militia (Somalia),,4,44,,706,Eastern Africa,Somalia,Awdal,Baki,,Gargaara Bari,10.3083,43.7835,1,REDACTED IN SAMPLE,REDACTED IN SAMPLE,"On 24 January 2026, Dir-Gadabuursi Bahabarmuse and Dir-Issa Mamasaan sub-clan militia clashed in Gargaara Bari village (Baki, Awdal). The motive was due to land dispute. An unknown number of people were injured.",0,,1770078493
SOM55044,24-January-2026,2026,1,Political violence,Battles,Armed clash,Police Forces of Somalia (2022-),,1,Military Forces of Somalia (2022-),,1,11,,706,Eastern Africa,Somalia,Banadir,Banadir,,Mogadishu - Daynile,2.0576,45.2853,1,REDACTED IN SAMPLE,REDACTED IN SAMPLE,"On 24 January 2026, police forces and government security forces (SNA) clashed in Mogadishu - Daynile (Banadir). The motivation of the clash was unknown. 1 civilian bystander was injured.",0,,1770078493
SOM55045,24-January-2026,2026,1,Political violence,Battles,Armed clash,Military Forces of Somalia (2022-),,1,Al Shabaab,,2,12,,706,Eastern Africa,Somalia,Lower Shabelle,Qoryooley,,Buulo Sheekh,1.7531,44.5597,2,REDACTED IN SAMPLE,REDACTED IN SAMPLE,"On 24 January 2026, government security forces (SNA) clashed with Al Shabaab in Bulo Siidow village, near Buulo Sheekh village (Qoryooley, Lower Shabelle). There were no casualties.",0,,1770078493
SOM55046,24-January-2026,2026,1,Political violence,Battles,Armed clash,Military Forces of Somalia (2022-),,1,Al Shabaab,,2,12,,706,Eastern Africa,Somalia,Lower Shabelle,Qoryooley,,Qoryooley,1.7878,44.53,2,REDACTED IN SAMPLE,REDACTED IN SAMPLE,"On 24 January 2026, government security forces (SNA) clashed with Al Shabaab near Qoryooley town (Qoryooley, Lower Shabelle). There were no casualties.",0,,1770078493
SOM55047,24-January-2026,2026,1,Political violence,Violence against civilians,Attack,Al Shabaab,,2,Civilians (Somalia),,7,27,Civilian targeting,706,Eastern Africa,Somalia,Lower Shabelle,Qoryooley,,Doon Buraale,1.7276,44.4434,1,REDACTED IN SAMPLE,REDACTED IN SAMPLE,"On 24 January 2026, Al Shabaab assaulted two civilians in Doon Buraale village (Qoryooley, Lower Shabelle). No information on injuries.",0,,1770078493
SOM55048,24-January-2026,2026,1,Strategic developments,Strategic developments,Change to group/activity,Al Shabaab,,2,,,0,20,,706,Eastern Africa,Somalia,Bari,Bossaso,,Galgala,10.9901,49.0568,2,REDACTED IN SAMPLE,REDACTED IN SAMPLE,"Movement of forces: On 24 January 2026, Al Shabaab were observed regrouping near Galgala village (Bossaso, Bari).",0,,1770078493
SOM55049,24-January-2026,2026,1,Strategic developments,Strategic developments,Disrupted weapons use,Military Forces of Somalia (2022-) Puntland Dervish Force,,1,Islamic State Somalia Province,,2,12,,706,Eastern Africa,Somalia,Bari,Qandala,,Dasaan,11.1703,49.8239,2,REDACTED IN SAMPLE,REDACTED IN SAMPLE,"Defusal: On 24 January 2026, Puntland Dervish Force defused and neutralized an IED planted by Islamic State Somalia Province near Dasaana village (Qandala, Bari).",0,,1770078493
SOM55050,24-January-2026,2026,1,Strategic developments,Strategic developments,Disrupted weapons use,Military Forces of Somalia (2022-) Puntland Dervish Force,,1,Islamic State Somalia Province,,2,12,,706,Eastern Africa,Somalia,Bari,Qandala,,Dhaadaar,11.128,49.8755,2,REDACTED IN SAMPLE,REDACTED IN SAMPLE,"Defusal: On 24 January 2026, Puntland Dervish Force defused and neutralized an IED planted by Islamic State Somalia Province near Dhaadaar village (Qandala, Bari).",0,,1770078493
SOM55051,24-January-2026,2026,1,Demonstrations,Protests,Peaceful protest,Protesters (Somalia),,6,,,0,60,,706,Eastern Africa,Somalia,Banadir,Banadir,,Mogadishu - Kaxda,2.0399,45.2384,1,REDACTED IN SAMPLE,REDACTED IN SAMPLE,"On 24 January 2026, residents protested in Mogadishu - Kaxda (Banadir) demanding better services from the fighter fighters department of the local administration",0,crowd size=no report,1770078493
SOM55153,24-January-2026,2026,1,Political violence,Battles,Armed clash,Dir-Gadabuursi Bahabarmuse Sub-Clan Militia (Somalia),,4,Dir-Issa Mamasaan Sub-Clan Militia (Somalia),,4,44,,706,Eastern Africa,Somalia,Awdal,Baki,,Cali-Haidh,10.0463,43.7859,1,REDACTED IN SAMPLE,REDACTED IN SAMPLE,"On 24 January 2026, Dir-Gadabuursi Bahabarmuse and Dir-Issa Mamasaan sub-clan militia clashed in Cali-Haidh village (Baki, Awdal). The motive was due to land dispute. At least 3 people were killed, and several others were injured. The clash continued the following day (coded separately).",3,,1770078493
SOM55154,24-January-2026,2026,1,Political violence,Battles,Armed clash,Dir-Gadabuursi Bahabarmuse Sub-Clan Militia (Somalia),,4,Dir-Issa Mamasaan Sub-Clan Militia (Somalia),,4,44,,706,Eastern Africa,Somalia,Awdal,Baki,,Gargaara Bari,10.3083,43.7835,2,REDACTED IN SAMPLE,REDACTED IN SAMPLE,"On 24 January 2026, Dir-Gadabuursi Bahabarmuse and Dir-Issa Mamasaan sub-clan militia clashed in Toorobora area, near Gargaara Bari village (Baki, Awdal). The motive was due to land dispute. 1 person was killed.",1,,1770078493
SOM55155,24-January-2026,2026,1,Political violence,Battles,Armed clash,Military Forces of Somalia (2022-),,1,Al Shabaab,,2,12,,706,Eastern Africa,Somalia,Lower Shabelle,Qoryooley,,Haduuman,1.7632,44.5644,1,REDACTED IN SAMPLE,REDACTED IN SAMPLE,"On 24 January 2026, government security forces (SNA) clashed with Al Shabaab in Haduuman village (Qoryooley, Lower Shabelle). There were no casualties.",0,,1770078493
SOM55156,24-January-2026,2026,1,Political violence,Violence against civilians,Attack,Al Shabaab,,2,Civilians (Somalia),Military Forces of Somalia (2022-),7,27,Civilian targeting,706,Eastern Africa,Somalia,Middle Juba,Jilib,,Jilib,0.4833,42.7666,1,REDACTED IN SAMPLE,REDACTED IN SAMPLE,"On 24 January 2026, Al Shabaab shot and killed 5 civilians at a public square in Jilib town (Jilib, Middle Shabelle) after accusing them of spying for government security forces (SNA). Al Shabaab claimed responsibility.",5,,1770078493
SOM55157,24-January-2026,2026,1,Political violence,Battles,Armed clash,Military Forces of Somalia (2022-) Jubaland Security Force,Military Forces of Somalia (2022-) Special Forces,1,Al Shabaab,,2,12,,706,Eastern Africa,Somalia,Lower Juba,Badhaadhe,,Kudhaa,-1.0351,41.9748,2,REDACTED IN SAMPLE,REDACTED IN SAMPLE,"On 24 January 2026, Jubaland security forces and government security forces (Danab) clashed with Al Shabaab near Kudhaa village (Badhaadhe, Lower Juba). 4 militants were killed.",4,,1770078493
SOM55158,24-January-2026,2026,1,Strategic developments,Strategic developments,Disrupted weapons use,Military Forces of Somalia (2022-) Jubaland Security Force,Military Forces of Somalia (2022-) Special Forces,1,Al Shabaab,,2,12,,706,Eastern Africa,Somalia,Lower Juba,Badhaadhe,,Kudhaa,-1.0351,41.9748,1,REDACTED IN SAMPLE,REDACTED IN SAMPLE,"Defusal: On 24 January 2026, Jubaland security forces and government security forces (Danab) defused 8 IEDs planted by Al Shabaab in Kudhaa village (Badhaadhe, Lower Juba).",0,,1770078493
SOM55159,24-January-2026,2026,1,Political violence; Demonstrations,Protests,Excessive force against protesters,Protesters (Somalia),,6,Police Forces of Somalia (2022-),,1,16,Civilian targeting,706,Eastern Africa,Somalia,Banadir,Banadir,,Mogadishu - Daynile,2.0576,45.2853,1,REDACTED IN SAMPLE,REDACTED IN SAMPLE,"On 24 January 2026, residents protested at the former military site in Mogadishu - Daynile (Banadir) against the forced eviction by the government. Police forces from the Banadir Regional Administration opened fire to disperse the crowd. 2 protesters were injured.",0,crowd size=no report,1770078493
SOM55160,24-January-2026,2026,1,Demonstrations,Protests,Peaceful protest,Protesters (Somalia),Labor Group (Somalia),6,,,0,60,,706,Eastern Africa,Somalia,Banadir,Banadir,,Mogadishu - Heliwa,2.0844,45.39,1,REDACTED IN SAMPLE,REDACTED IN SAMPLE,"On 24 January 2026, residents and business owners protested at the Suuqa Daryeel area in Suuqa Xoolaha neighborhood in Mogadishu - Heliwa (Banadir) against the forced eviction by the government.",0,crowd size=no report,1770078493
SOM55171,24-January-2026,2026,1,Demonstrations,Protests,Peaceful protest,Protesters (Somalia),,6,,,0,60,,706,Eastern Africa,Somalia,Banadir,Banadir,,Mogadishu - Heliwa,2.0844,45.39,1,REDACTED IN SAMPLE,REDACTED IN SAMPLE,"On 24 January 2026, hundreds of residents, including women, protested in Mogadishu - Heliwa (Banadir) against Israel's recognition of Somaliland as an independent state.",0,crowd size=hundreds,1770078493
SOM55052,25-January-2026,2026,1,Political violence,Explosions/Remote violence,Air/drone strike,Military Forces of Somalia (2022-) National Intelligence and Security Agency,Unidentified Military Forces,1,Al Shabaab,,2,12,,706,Eastern Africa,Somalia,Middle Juba,Jilib,,Kunyo Barrow,0.8014,43.3837,1,REDACTED IN SAMPLE,REDACTED IN SAMPLE,"On 25 January 2026, government security forces (NISA) and international forces (described as allied forces, coded as Unidentified Military Forces), launched an airstrike targeting an Al Shabaab hideout in Kunyo Barrow village (Jilib, Middle Shabelle). Casualties unknown.",0,,1770078493
SOM55053,25-January-2026,2026,1,Political violence,Explosions/Remote violence,Air/drone strike,Military Forces of the United States (2025-),Military Forces of Somalia (2022-),8,Al Shabaab,,2,28,,706,Eastern Africa,Somalia,Middle Shabelle,Balcad,,Warshiikh,2.2983,45.798,2,REDACTED IN SAMPLE,REDACTED IN SAMPLE,"On 25 January 2026, US forces and government security forces (SNA) launched an airstrike against Al Shabaab position in Jabad Godane village near Warshiikh village (Balcad, Middle Shabelle). Casualties unknown.",0,,1770078493
SOM55054,25-January-2026,2026,1,Political violence,Battles,Armed clash,Dir-Gadabuursi Bahabarmuse Sub-Clan Militia (Somalia),,4,Dir-Issa Mamasaan Sub-Clan Militia (Somalia),,4,44,,706,Eastern Africa,Somalia,Awdal,Baki,,Cali-Haidh,10.0463,43.7859,1,REDACTED IN SAMPLE,REDACTED IN SAMPLE,"On 25 January 2026, for the second day, Dir-Gadabuursi Bahabarmuse and Dir-Issa Mamasaan sub-clan militia clashed in Cali-Haidh village (Baki, Awdal). The motive was due to land dispute. There were no casualties.",0,,1770078493
SOM55056,25-January-2026,2026,1,Political violence,Battles,Armed clash,Al Shabaab,,2,Police Forces of Somalia (2022-) Southwest Special Police Forces,,1,12,,706,Eastern Africa,Somalia,Bay,Baydhaba,,Gufguduud Burey,3.3147,43.4699,2,REDACTED IN SAMPLE,REDACTED IN SAMPLE,"On 25 January 2026, Al Shabaab ambushed Southwest Special Police Forces (SWSPF) near Gufguduud Burey village (Baydhaba, Bay). 1 soldier was injured.",0,,1770078493
SOM55057,25-January-2026,2026,1,Political violence,Battles,Armed clash,Al Shabaab,,2,Military Forces of Somalia (2022-),,1,12,,706,Eastern Africa,Somalia,Lower Shabelle,Marka,,Ceel Waregow,1.8087,44.7994,1,REDACTED IN SAMPLE,REDACTED IN SAMPLE,"On 25 January 2026, Al Shabaab clashed with government security forces (SNA) at a base in Ceel Waregow village (Marka, Lower Shabelle). 3 soldiers were injured.",0,,1770078493
SOM55058,25-January-2026,2026,1,Political violence,Battles,Armed clash,Al Shabaab,,2,Military Forces of Somalia (2022-),,1,12,,706,Eastern Africa,Somalia,Lower Shabelle,Marka,,Danow,1.7317,44.6253,1,REDACTED IN SAMPLE,REDACTED IN SAMPLE,"On 25 January 2026, Al Shabaab clashed with government security forces (SNA) at a base in Danow village (Marka, Lower Shabelle). 1 soldier was injured.",0,,1770078493
SOM55059,25-January-2026,2026,1,Political violence,Battles,Armed clash,Military Forces of Somalia (2022-) National Intelligence and Security Agency,,1,Al Shabaab,,2,12,,706,Eastern Africa,Somalia,Lower Shabelle,Marka,,Doonka-Daafeedow,1.7671,44.6512,1,REDACTED IN SAMPLE,REDACTED IN SAMPLE,"On 25 January 2026, government security forces (NISA) clashed with Al Shabaab at a hideout checkpoint in Doonka-Daafeedow village (Marka, Lower Shabelle). There were no casualties.",0,,1770078493
SOM55060,25-January-2026,2026,1,Political violence,Battles,Armed clash,Military Forces of Somalia (2022-) National Intelligence and Security Agency,,1,Al Shabaab,,2,12,,706,Eastern Africa,Somalia,Lower Shabelle,Marka,,Mushaani,1.7774,44.6591,1,REDACTED IN SAMPLE,REDACTED IN SAMPLE,"On 25 January 2026, government security forces (NISA) clashed with Al Shabaab at a hideout checkpoint in Mushaani village (Marka, Lower Shabelle). There were no casualties.",0,,1770078493
SOM55061,25-January-2026,2026,1,Political violence,Violence against civilians,Attack,Al Shabaab,,2,Civilians (Somalia),Farmers (Somalia),7,27,Civilian targeting,706,Eastern Africa,Somalia,Lower Shabelle,Marka,,Busley,1.5702,44.4488,1,REDACTED IN SAMPLE,REDACTED IN SAMPLE,"On 25 January 2026, Al Shabaab attacked and injured a farmer in Busley village (Marka, Lower Shabelle).",0,,1770078493
SOM55062,25-January-2026,2026,1,Political violence,Violence against civilians,Attack,Al Shabaab,,2,Civilians (Somalia),,7,27,Civilian targeting,706,Eastern Africa,Somalia,Lower Shabelle,Qoryooley,,Ugunji,1.8734,44.7208,1,REDACTED IN SAMPLE,REDACTED IN SAMPLE,"On 25 January 2026, Al Shabaab assaulted a civilian in Ugunji village (Qoryooley, Lower Shabelle).",0,,1770078493
SOM55063,25-January-2026,2026,1,Strategic developments,Strategic developments,Change to group/activity,Military Forces of Somaliland (2024-),,1,,,0,10,,706,Eastern Africa,Somalia,Awdal,Zeylac,,Lawya Caddo,11.4599,43.2591,2,REDACTED IN SAMPLE,REDACTED IN SAMPLE,"Movement of forces: On 25 January 2026, Somaliland security forces deployed troops to areas near Lawya Caddo village (Zeylac, Awdal), located along the Somaliland-Djibouti border.",0,,1770071682
SOM55064,25-January-2026,2026,1,Strategic developments,Strategic developments,Change to group/activity,Islamic State Somalia Province,,2,,,0,20,,706,Eastern Africa,Somalia,Bari,Qandala,,Gaatir-Oodan,11.0295,49.9414,2,REDACTED IN SAMPLE,REDACTED IN SAMPLE,"Movement of forces: On 25 January 2026, Islamic State Somalia Province were observed regrouping near Gaatir-Oodan village (Qandala, Bari).",0,,1770078493
SOM55065,25-January-2026,2026,1,Strategic developments,Strategic developments,Change to group/activity,Al Shabaab,,2,,,0,20,,706,Eastern Africa,Somalia,Bay,Baydhaba,,Daynuunay,3.0399,43.7969,1,REDACTED IN SAMPLE,REDACTED IN SAMPLE,"Movement of forces: On 25 January 2026, Al Shabaab arrived on the outskirts of Daynuunay village (Baydhaba, Bay).",0,,1770078493
SOM55066,25-January-2026,2026,1,Strategic developments,Strategic developments,Headquarters or base established,Islamic State Somalia Province,,2,,,0,20,,706,Eastern Africa,Somalia,Bari,Qandala,,Qandala,11.471,49.8726,2,REDACTED IN SAMPLE,REDACTED IN SAMPLE,"On 25 January 2026, Islamic State Somalia Province created and established a base in the Ceelka Wangable area near Qandala town (Qandala, Bari).",0,,1770078493
SOM55067,25-January-2026,2026,1,Demonstrations,Protests,Peaceful protest,Protesters (Somalia),Refugees/IDPs (Somalia),6,,,0,60,,706,Eastern Africa,Somalia,Banadir,Banadir,,Mogadishu - Garasbaaley,2.0611,45.2589,1,REDACTED IN SAMPLE,REDACTED IN SAMPLE,"On 25 January 2026, residents protested in Baydhaba Yarey IDP camp in Mogadishu - Garasbaaley (Banadir) demanding better services from the fighter fighters department of the local administration.",0,crowd size=no report,1770078493
SOM55068,25-January-2026,2026,1,Political violence,Explosions/Remote violence,Shelling/artillery/missile attack,Al Shabaab,,2,Military Forces of Somalia (2022-),,1,12,,706,Eastern Africa,Somalia,Lower Shabelle,Afgooye,,Laantabuur,2.0537,45.0548,1,REDACTED IN SAMPLE,REDACTED IN SAMPLE,"On 25 January 2026, Al Shabaab fired mortar shells targeting government security forces (SNA) at a base in Laantabuur village (Afgooye, Lower Shabelle). The shells landed inside the base. There were no casualties.",0,,1770078493
SOM55069,25-January-2026,2026,1,Political violence,Explosions/Remote violence,Shelling/artillery/missile attack,Al Shabaab,,2,Military Forces of Somalia (2022-),,1,12,,706,Eastern Africa,Somalia,Lower Shabelle,Afgooye,,Lambar 50,1.99,44.9859,1,REDACTED IN SAMPLE,REDACTED IN SAMPLE,"On 25 January 2026, Al Shabaab fired mortar shells targeting government security forces (SNA) at a base in Lambar 50 village (Afgooye, Lower Shabelle). The shells landed inside the base. There were no casualties.",0,,1770078493
SOM55161,25-January-2026,2026,1,Political violence,Battles,Armed clash,Dir-Gadabuursi Bahabarmuse Sub-Clan Militia (Somalia),,4,Dir-Issa Mamasaan Sub-Clan Militia (Somalia),,4,44,,706,Eastern Africa,Somalia,Awdal,Baki,,Baki,9.8921,43.3853,1,REDACTED IN SAMPLE,REDACTED IN SAMPLE,"On 25 January 2026, Dir-Gadabuursi Bahabarmuse and Dir-Issa Mamasaan sub-clan militia clashed in Baki (Baki, Awdal). The motive was due to land dispute. There were no casualties.",0,,1770078493
SOM55162,25-January-2026,2026,1,Political violence,Explosions/Remote violence,Remote explosive/landmine/IED,Al Shabaab,,2,Civilians (Somalia),,7,27,Civilian targeting,706,Eastern Africa,Somalia,Middle Shabelle,Balcad,,Balcad,2.3468,45.3902,1,REDACTED IN SAMPLE,REDACTED IN SAMPLE,"On 25 January 2026, an IED planted by Al Shabaab exploded, targeting a Toyota Noah traveling from Mogadishu, on the outskirts of Balcad town (Balcad, Middle Shabelle). 2 civilians were killed and few passengers were injured.",2,,1770078493
SOM55163,25-January-2026,2026,1,Political violence,Battles,Armed clash,Dir-Gadabuursi Bahabarmuse Sub-Clan Militia (Somalia),,4,Dir-Issa Mamasaan Sub-Clan Militia (Somalia),,4,44,,706,Eastern Africa,Somalia,Awdal,Baki,,Gargaara Bari,10.3083,43.7835,2,REDACTED IN SAMPLE,REDACTED IN SAMPLE,"On 25 January 2026, Dir-Gadabuursi Bahabarmuse and Dir-Issa Mamasaan sub-clan militia clashed in Toorobora area, near Gargaara Bari village (Baki, Awdal). The motive was due to land dispute. 8 people were killed and more than 17 others were injured.",8,,1770078493
SOM55164,25-January-2026,2026,1,Political violence,Battles,Armed clash,Al Shabaab,,2,Military Forces of Somalia (2022-),,1,12,,706,Eastern Africa,Somalia,Banadir,Banadir,,Mogadishu - Garasbaaley,2.0611,45.2589,1,REDACTED IN SAMPLE,REDACTED IN SAMPLE,"On 25 January 2026, overnight, Al Shabaab clashed with government security forces (SNA) at a checkpoint in Weydow neighborhood in Mogadishu - Garasbaaley (Banadir). 1 soldier was killed and 1 other was injured. Al Shabaab claimed responsibility.",1,,1770078493
SOM55165,25-January-2026,2026,1,Political violence,Battles,Armed clash,Hawiye-Abgal Sub-Clan Militia (Somalia),,4,Al Shabaab,,2,24,,706,Eastern Africa,Somalia,Middle Shabelle,Balcad,,Raga Ceel,2.6557,46.0091,2,REDACTED IN SAMPLE,REDACTED IN SAMPLE,"On 25 January 2026, Hawiye-Abgal sub-clan militia clashed with Al Shabaab near Raga Ceel village (Balcad, Middle Shabelle). 1 senior Al Shabaab was killed.",1,,1770078493
SOM55166,25-January-2026,2026,1,Political violence,Battles,Armed clash,Military Forces of Somalia (2022-),,1,Al Shabaab,,2,12,,706,Eastern Africa,Somalia,Lower Shabelle,Sablaale,,Sablaale,1.2495,43.8045,1,REDACTED IN SAMPLE,REDACTED IN SAMPLE,"On 25 January 2026, government security forces (SNA) clashed with Al Shabaab at a hideout in the vicinity of Sablaale town (Sablaale, Lower Shabelle). 1 senior militant was killed, an AK-47 and 1 motorcycle were confiscated.",1,,1770078493
SOM55167,25-January-2026,2026,1,Political violence,Battles,Armed clash,Dir-Gadabuursi Bahabarmuse Sub-Clan Militia (Somalia),,4,Dir-Issa Mamasaan Sub-Clan Militia (Somalia),,4,44,,706,Eastern Africa,Somalia,Awdal,Baki,,Sheed-Dheer,10.3018,43.5233,1,REDACTED IN SAMPLE,REDACTED IN SAMPLE,"On 25 January 2026, Dir-Gadabuursi Bahabarmuse and Dir-Issa Mamasaan sub-clan militia clashed in Sheed-Dheer village (Baki, Awdal). The motive was due to land dispute and clan revenge. 11 people were killed, and 5 others were injured on both sides.",11,,1770078493
SOM55070,26-January-2026,2026,1,Political violence,Violence against civilians,Abduction/forced disappearance,Al Shabaab,,2,Civilians (Somalia),,7,27,Civilian targeting,706,Eastern Africa,Somalia,Middle Juba,Jilib,,Jilib,0.4833,42.7666,1,REDACTED IN SAMPLE,REDACTED IN SAMPLE,"On 26 January 2026, Al Shabaab abducted three civilians traveling from Kismaayo to Mogadishu in Jilib town (Jilib, Middle Juba). The victims failed to answer Al Shabaab amniyaat questions.",0,,1770078493
SOM55071,26-January-2026,2026,1,Strategic developments,Strategic developments,Agreement,Hawiye-Hawadle-Ali Madaxweyne Sub-Clan Militia (Somalia),,4,Hawiye-Hawadle-Madaxweyne Ciise Sub-Clan Militia (Somalia),,4,44,,706,Eastern Africa,Somalia,Hiraan,Belet Weyne,,Belet Weyne,4.736,45.2043,1,REDACTED IN SAMPLE,REDACTED IN SAMPLE,"On 26 January 2026, Hawiye-Hawadle-Ali Madaxweyne sub-clan militia and Hawiye-Hawadle-Madaxweyne Ciise sub-clan reached an agreement in Belet Weyne town (Belet Weyne, Hiraan). The militias elected and supported the Sultan of Beesha Dige.",0,,1770078493
SOM55072,26-January-2026,2026,1,Political violence,Explosions/Remote violence,Air/drone strike,Military Forces of the United States (2025-),Military Forces of Somalia (2022-),8,Al Shabaab,,2,28,,706,Eastern Africa,Somalia,Middle Shabelle,Balcad,,Warshiikh,2.2983,45.798,2,REDACTED IN SAMPLE,REDACTED IN SAMPLE,"On 26 January 2026, US forces and government security forces (SNA) launched an airstrike against Al Shabaab position in Jabad Godane village near Warshiikh village (Balcad, Middle Shabelle). Casualties unknown.",0,,1770078493
SOM55073,26-January-2026,2026,1,Political violence,Battles,Armed clash,Al Shabaab,,2,Military Forces of Somalia (2022-),,1,12,,706,Eastern Africa,Somalia,Bay,Qansax Dheere,,Qansax Dheere,2.8712,43.0043,2,REDACTED IN SAMPLE,REDACTED IN SAMPLE,"On 26 January 2026, Al Shabaab ambushed government security forces (SNA) traveling on a motorcycle near Qansax Dheere village (Qansax Dheere, Bay). 1 soldier was injured.",0,,1770078493
SOM55074,26-January-2026,2026,1,Political violence,Battles,Armed clash,Hawiye-Hawadle Sub-Clan Militia (Somalia),,4,Hawiye-Habar Gedir-Ayr Sub-Clan Militia (Somalia),,4,44,,706,Eastern Africa,Somalia,Hiraan,Belet Weyne,,Coomaad,5.0045,45.4728,1,REDACTED IN SAMPLE,REDACTED IN SAMPLE,"On 26 January 2026, Hawiye-Hawadle sub-clan and Hawiye-Habar Gedir-Ayr sub-clan exchanged gunfire in the vicinity of Coomaad village (Belet Weyne, Hiraan). The motive was due clan revenge and land dispute. An unknown number of militias were injured.",0,,1770071682
SOM55075,26-January-2026,2026,1,Political violence,Battles,Armed clash,Military Forces of Somalia (2022-) Jubaland Security Force,,1,Al Shabaab,,2,12,,706,Eastern Africa,Somalia,Lower Juba,Kismaayo,,Buulo Xaaji,-0.632,41.9839,2,REDACTED IN SAMPLE,REDACTED IN SAMPLE,"On 26 January 2026, Jubaland security forces ambushed an Al Shabaab in Lagta Canoole area near Buulo Xaaji village (Kismaayo, Lower Juba). There were no casualties.",0,,1770078493
SOM55076,26-January-2026,2026,1,Political violence,Battles,Armed clash,Military Forces of Somalia (2022-) Jubaland Security Force,Military Forces of Somalia (2022-) Jubaland Intelligence and Security Agency,1,Al Shabaab,,2,12,,706,Eastern Africa,Somalia,Lower Juba,Kismaayo,,Xaliima Caddey,-0.6666,41.7333,2,REDACTED IN SAMPLE,REDACTED IN SAMPLE,"On 26 January 2026, Jubaland security forces and Jubaland Intelligence and Security Agency (JISA) ambushed an Al Shabaab convoy near Xaliima Caddey village (Kismaayo, Lower Juba). Casualties unknown.",0,,1770078493
SOM55077,26-January-2026,2026,1,Political violence,Battles,Armed clash,Military Forces of Somalia (2022-),Unidentified Military Forces,1,Al Shabaab,,2,12,,706,Eastern Africa,Somalia,Middle Shabelle,Balcad,,Ceel Macaan,2.2444,45.6917,2,REDACTED IN SAMPLE,REDACTED IN SAMPLE,"On 26 January 2026, government security forces (SNA) clashed with Al Shabaab in Tukiile area near Ceel Macaan village (Balcad, Middle Shabelle). The operation was supported by an airstrike from international forces (coded as Unidentified Military Forces). An unknown number of Al Shabaab were killed and wounded. Unspecified number of fatalities coded as 3.",3,,1770078493
SOM55078,26-January-2026,2026,1,Political violence,Battles,Armed clash,Military Forces of Somalia (2022-),Unidentified Military Forces,1,Al Shabaab,,2,12,,706,Eastern Africa,Somalia,Middle Shabelle,Balcad,,Warshiikh,2.2983,45.798,2,REDACTED IN SAMPLE,REDACTED IN SAMPLE,"On 26 January 2026, government security forces (SNA) clashed with Al Shabaab in the Tubyaalo area near Warshiikh village (Balcad, Middle Shabelle). The operation was supported by an airstrike from international forces (coded as Unidentified Military Forces). An unknown number of Al Shabaab were killed and wounded. Unspecified number of fatalities coded as 3.",3,,1770078493
SOM55079,26-January-2026,2026,1,Political violence,Battles,Armed clash,Military Forces of Somalia (2022-),,1,Al Shabaab,,2,12,,706,Eastern Africa,Somalia,Middle Shabelle,Balcad,,Xawaadleey,2.5826,45.4894,2,REDACTED IN SAMPLE,REDACTED IN SAMPLE,"On 26 January 2026, government security forces (SNA) clashed with Al Shabaab near Xawaadleey village (Balcad, Middle Shabelle). There were no casualties.",0,,1770078493
SOM55080,26-January-2026,2026,1,Political violence,Battles,Armed clash,Military Forces of Somalia (2022-),,1,Al Shabaab,,2,12,,706,Eastern Africa,Somalia,Middle Shabelle,Jowhar,,Buurane,2.9647,45.5124,2,REDACTED IN SAMPLE,REDACTED IN SAMPLE,"On 26 January 2026, government security forces (SNA) clashed with Al Shabaab near Buurane village (Jowhar, Middle Shabelle). There were no casualties.",0,,1770078493
SOM55081,26-January-2026,2026,1,Political violence,Violence against civilians,Attack,Unidentified Clan Militia (Somalia),,4,Civilians (Somalia),Unidentified Clan Group (Somalia),7,47,Civilian targeting,706,Eastern Africa,Somalia,Hiraan,Belet Weyne,,Matabaan,5.1994,45.5252,1,REDACTED IN SAMPLE,REDACTED IN SAMPLE,"On 26 January 2026, unidentified clan militia shot and killed a civilian from another clan in Matabaan village (Belet Weyne, Hiraan). The motive was due to clan revenge.",1,,1770078493
SOM55082,26-January-2026,2026,1,Political violence,Violence against civilians,Attack,Military Forces of Somalia (2022-) National Intelligence and Security Agency,,1,Civilians (Somalia),,7,17,Civilian targeting,706,Eastern Africa,Somalia,Hiraan,Belet Weyne,,Matabaan,5.1994,45.5252,1,REDACTED IN SAMPLE,REDACTED IN SAMPLE,"On 26 January 2026, government security forces (NISA) opened heavy gunfire on civilians during an operation in Matabaan village (Belet Weyne, Hiraan). An unknown number of soldiers were injured.",0,,1770078493
SOM55083,26-January-2026,2026,1,Strategic developments,Strategic developments,Change to group/activity,Islamic State Somalia Province,,2,,,0,20,,706,Eastern Africa,Somalia,Bari,Qandala,,Buuraha Cali Miskat,10.8548,49.7434,1,REDACTED IN SAMPLE,REDACTED IN SAMPLE,"Movement of forces: On 26 January 2026, Islamic State Somalia Province was seen gathering in the Dhemasno area in Buuraha Cali Miskat (Qandala, Bari).",0,,1776191110
SOM55084,26-January-2026,2026,1,Strategic developments,Strategic developments,Change to group/activity,Al Shabaab,,2,,,0,20,,706,Eastern Africa,Somalia,Middle Juba,Jilib,,Hargeysa Yare,0.4474,42.7033,1,REDACTED IN SAMPLE,REDACTED IN SAMPLE,"Movement of forces: On 26 January 2026, Al Shabaab regrouped several fighters in Hargeysa Yare village (Jilib, Middle Juba).",0,,1770078493
SOM55085,26-January-2026,2026,1,Strategic developments,Strategic developments,Disrupted weapons use,Police Forces of Somalia (2022-),,1,Al Shabaab,,2,12,,706,Eastern Africa,Somalia,Banadir,Banadir,,Mogadishu - Hodan,2.0376,45.3058,1,REDACTED IN SAMPLE,REDACTED IN SAMPLE,"Defusal: On 26 January 2026, police forces defused an IED planted by Al Shabaab at the Warta Siigaale neighborhood in Mogadishu - Hodan (Banadir).",0,,1770078493
SOM55086,26-January-2026,2026,1,Strategic developments,Strategic developments,Disrupted weapons use,Military Forces of Somalia (2022-) Jubaland Security Force,,1,Al Shabaab,,2,12,,706,Eastern Africa,Somalia,Lower Juba,Kismaayo,,Abdale Birole,-0.4906,42.1969,2,REDACTED IN SAMPLE,REDACTED IN SAMPLE,"Defusal: On 26 January 2026, Jubaland security forces defused and neutralized an explosive devices planted by the Al Shabaab group along the Abdalle Biroole - Kismayo road, near Abdale Birole village (Kismaayo, Lower Juba).",0,,1770078493
SOM55087,26-January-2026,2026,1,Strategic developments,Strategic developments,Other,Darod-Leelkayse Sub-Clan Militia (Somalia),,4,Darod-Majeerteen Sub-Clan Militia (Somalia),,4,44,,706,Eastern Africa,Somalia,Mudug,Gaalkacyo,,Roox,7.2105,47.4313,1,REDACTED IN SAMPLE,REDACTED IN SAMPLE,"Other: On 26 January 2026, Darod Leelkase and the Majeerteen clan held peace meetings in Roox village (Gaalkacyo, Mudug) to end the hostilities following the recent clashes. Both clans agreed to stop revenge attacks and discuss ways forward.",0,,1770078493
SOM55088,26-January-2026,2026,1,Demonstrations,Protests,Peaceful protest,Protesters (Somalia),Al Shabaab,6,,,0,60,,706,Eastern Africa,Somalia,Bakool,Tayeeglow,,Tayeeglow,4.0182,44.5127,1,REDACTED IN SAMPLE,REDACTED IN SAMPLE,"On 26 January 2026, locals protested in Tayeeglow town (Tayeeglow, Bakool) in support of the Al Shabaab attack in Kudha and Burgaboo village. The protest was organized by the Al Shabaab Bakool administration.",0,crowd size=no report,1770078493
SOM55089,26-January-2026,2026,1,Demonstrations,Protests,Peaceful protest,Protesters (Somalia),Al Shabaab,6,,,0,60,,706,Eastern Africa,Somalia,Bay,Qansax Dheere,,Uffurow,2.7622,42.8868,1,REDACTED IN SAMPLE,REDACTED IN SAMPLE,"On 26 January 2026, locals protested in Uffurow village (Qansax Dheere, Bay) in support of the Al Shabaab attack in Kudha and Burgaboo village (coded separately). The protest was organized by the Al Shabaab Bakool administration.",0,crowd size=no report,1770071682
SOM55090,26-January-2026,2026,1,Demonstrations,Protests,Peaceful protest,Protesters (Somalia),Al Shabaab,6,,,0,60,,706,Eastern Africa,Somalia,Lower Shabelle,Marka,,Dalbiyango,1.738,44.6128,1,REDACTED IN SAMPLE,REDACTED IN SAMPLE,"On 26 January 2026, locals protested in Dalbiyango village (Marka, Lower Shabelle) in support of the Al Shabaab attack in Kudha and Burgaboo village (coded separately). The protest was organized by an Al Shabaab Aminiyaa official in the Janaale district.",0,crowd size=no report,1770071682
SOM55091,26-January-2026,2026,1,Demonstrations,Protests,Peaceful protest,Protesters (Somalia),Military Forces of Somalia (2022-) Puntland Dervish Force,6,,,0,60,,706,Eastern Africa,Somalia,Sanaag,Ceerigaabo,,Badhan,10.7134,48.3325,1,REDACTED IN SAMPLE,REDACTED IN SAMPLE,"On 26 January 2026, Puntland Dervish Force protested in Badhan town (Ceerigaabo, Sanaag) over unpaid salaries.",0,crowd size=no report,1770078493
SOM55168,26-January-2026,2026,1,Political violence,Explosions/Remote violence,Remote explosive/landmine/IED,Al Shabaab,,2,Military Forces of Somalia (2022-),,1,12,,706,Eastern Africa,Somalia,Bakool,Xudur,,Hudur,4.1237,43.8915,1,REDACTED IN SAMPLE,REDACTED IN SAMPLE,"On 26 January 2026, an IED planted by Al Shabaab exploded, targeting government soldiers (SNA) at a checkpoint, near a teashop in Hudur town (Xudur, Bakool). Al Shabaab claimed to have injured soldiers.",0,,1770078493
SOM55169,26-January-2026,2026,1,Strategic developments,Strategic developments,Change to group/activity,Military Forces of Somalia (2022-),,1,,,0,10,,706,Eastern Africa,Somalia,Hiraan,Bulo Burto,,Maxaas,4.3934,46.0882,2,REDACTED IN SAMPLE,REDACTED IN SAMPLE,"Movement of forces: On 26 January 2026, government security forces (SNA) were deployed near Maxaas town (Bulo Burto, Hiraan).",0,,1770078493
SOM55170,26-January-2026,2026,1,Political violence,Battles,Armed clash,Al Shabaab,,2,Military Forces of Somalia (2022-),,1,12,,706,Eastern Africa,Somalia,Middle Shabelle,Balcad,,Warshiikh,2.2983,45.798,2,REDACTED IN SAMPLE,REDACTED IN SAMPLE,"On 26 January 2026, Al Shabaab clashed with government security forces (SNA) at a base in Jabad Godane village near Warshiikh village (Balcad, Middle Shabelle). More than 50 militants were killed, and several others were injured. Al Shabaab claimed to have killed 5 soldiers and injured 5 others. Fatalities coded as 55.",55,,1770078493
SOM55092,27-January-2026,2026,1,Political violence,Battles,Armed clash,Dir-Gadabuursi Bahabarmuse Sub-Clan Militia (Somalia),,4,Dir-Issa Mamasaan Sub-Clan Militia (Somalia),,4,44,,706,Eastern Africa,Somalia,Awdal,Baki,,Baki,9.8921,43.3853,1,REDACTED IN SAMPLE,REDACTED IN SAMPLE,"On 27 January 2026, Dir-Gadabuursi Bahabarmuse sub-clan militias clashed with Dir-Issa Mamasaan Issa clan militia in the Hulkageele area in Baki town (Baki, Awdal). Injuries from both sides were reported. Extent of injuries unknown.",0,,1770078493
SOM55093,27-January-2026,2026,1,Political violence,Battles,Armed clash,Dir-Gadabuursi Bahabarmuse Sub-Clan Militia (Somalia),,4,Dir-Issa Mamasaan Sub-Clan Militia (Somalia),,4,44,,706,Eastern Africa,Somalia,Awdal,Borama,,Xariirad,10.3254,42.8374,1,REDACTED IN SAMPLE,REDACTED IN SAMPLE,"On 27 January 2026, Dir-Gadabuursi Bahabarmuse and Dir-Issa Mamasaan sub-clan militia clashed in Xariirad town (Borama, Awdal). The motive was due to land dispute. More than 5 people were killed and 18 people were injured.",5,,1770071682
SOM55094,27-January-2026,2026,1,Political violence,Battles,Armed clash,Dir-Gadabuursi Bahabarmuse Sub-Clan Militia (Somalia),,4,Dir-Issa Mamasaan Sub-Clan Militia (Somalia),,4,44,,706,Eastern Africa,Somalia,Awdal,Zeylac,,Harirad,10.5667,42.9667,1,REDACTED IN SAMPLE,REDACTED IN SAMPLE,"On 27 January 2026, Dir-Gadabuursi Bahabarmuse sub-clan militias clashed with Dir-Issa Mamasaan Issa clan militia in Harirad (Zeylac, Awdal). More than 5 people were killed, and 18 people were injured.",5,,1770071682
SOM55095,27-January-2026,2026,1,Political violence,Battles,Armed clash,Military Forces of Somalia (2022-) Puntland Dervish Force,,1,Islamic State Somalia Province,,2,12,,706,Eastern Africa,Somalia,Bari,Bossaso,,Balade,11.2761,49.164,1,REDACTED IN SAMPLE,REDACTED IN SAMPLE,"On 27 January 2026, Puntland dervish forces clashed with Islamic State Somalia Province in the Garobatha area in Balade village (Bossaso, Bari). 3 IS fighters were injured, and four escaped.",0,,1770078493
SOM55096,27-January-2026,2026,1,Political violence,Battles,Armed clash,Military Forces of Somalia (2022-) Puntland Dervish Force,,1,Islamic State Somalia Province,,2,12,,706,Eastern Africa,Somalia,Bari,Qandala,,Buuraha Cali Miskat,10.8548,49.7434,1,REDACTED IN SAMPLE,REDACTED IN SAMPLE,"On 27 January 2026, Puntland dervish forces clashed with Islamic State Somalia Province in the Dacaad area within the Buuraha Cali Miskat (Qandala, Bari). There were no casualties.",0,,1776191110
SOM55097,27-January-2026,2026,1,Political violence,Battles,Armed clash,Military Forces of Somalia (2022-) Puntland Dervish Force,,1,Islamic State Somalia Province,,2,12,,706,Eastern Africa,Somalia,Bari,Qandala,,Qandala,11.471,49.8726,1,REDACTED IN SAMPLE,REDACTED IN SAMPLE,"On 27 January 2026, Puntland dervish forces clashed with Islamic State Somalia Province in the Ceelka-Goobad in Qandala town (Qandala, Bari). There were no casualties.",0,,1770078493
SOM55098,27-January-2026,2026,1,Political violence,Battles,Armed clash,Military Forces of Somalia (2022-),,1,Military Forces of Somalia (2022-),,1,11,,706,Eastern Africa,Somalia,Lower Shabelle,Wanla Weyn,,Yaaq Biri Weyne,2.6295,44.6977,1,REDACTED IN SAMPLE,REDACTED IN SAMPLE,"On 27 January 2026, 2 government soldiers (SNA) clashed at a checkpoint in Yaaq Biri Weyne village (Wanla Weyn, Lower Shabelle). The motive was due to dispute over the management of the checkpoint. 1 soldier was killed.",1,,1770078493
SOM55099,27-January-2026,2026,1,Strategic developments,Strategic developments,Change to group/activity,Al Shabaab,,2,,,0,20,,706,Eastern Africa,Somalia,Lower Juba,Badhaadhe,,Badhaadhe,-1.03,41.483,2,REDACTED IN SAMPLE,REDACTED IN SAMPLE,"Movement of forces: On 27 January 2026, Al Shabaab fighters arrived in the Bada Madow area near Badhaadhe town (Badhaadhe, Lower Juba), after the attack on Kudhaa village last week (coded separately). The group was led by a mid-level commander.",0,,1770078493
SOM55100,27-January-2026,2026,1,Strategic developments,Strategic developments,Change to group/activity,Military Forces of Kenya (2022-),,8,,,0,80,,706,Eastern Africa,Somalia,Lower Juba,Badhaadhe,,Kolbiyow,-1.1369,41.2174,1,REDACTED IN SAMPLE,REDACTED IN SAMPLE,"Movement of forces: On 27 January 2026, Kenya security forces were deployed in Kolbiyow village (Badhaadhe, Lower Juba) amid last week's Al Shabaab attack in Kudhaa village (coded separately). The Kenya forces are based in Kolbiyow and protect from the Al Shabaab advancement.",0,,1770078493
SOM55101,27-January-2026,2026,1,Political violence,Battles,Government regains territory,Military Forces of Somalia (2022-),,1,Al Shabaab,,2,12,,706,Eastern Africa,Somalia,Middle Shabelle,Balcad,,Warshiikh,2.2983,45.798,2,REDACTED IN SAMPLE,REDACTED IN SAMPLE,"On 27 January 2026, government security forces (SNA) clashed with Al Shabaab at a base in Jabad Godane village near Warshiikh village (Balcad, Middle Shabelle). The security forces took control over the village (initial takeover by Al Shabaab unclear). Several Al Shabaab were killed. Unspecified number of fatalities coded as 3.",3,,1770078493
SOM55102,27-January-2026,2026,1,Strategic developments,Strategic developments,Other,Al Shabaab,,2,Hawiye-Hawadle Sub-Clan Militia (Somalia),,4,24,,706,Eastern Africa,Somalia,Hiraan,Bulo Burto,,Buqda Caqable,4.0601,45.2577,1,REDACTED IN SAMPLE,REDACTED IN SAMPLE,"Other: On 27 January 2026, Al Shabaab met with Hawiye Hawadle Ali Madaxweyne clan militia in Buqda Caqable village (Bulo Burto, Hiraan).",0,,1770078493
SOM55103,27-January-2026,2026,1,Political violence,Explosions/Remote violence,Remote explosive/landmine/IED,Al Shabaab,,2,Military Forces of Somalia (2022-) National Intelligence and Security Agency,,1,12,,706,Eastern Africa,Somalia,Banadir,Banadir,,Mogadishu - Kaxda,2.0399,45.2384,1,REDACTED IN SAMPLE,REDACTED IN SAMPLE,"On 27 January 2026, an IED planted by Al Shabaab exploded, targeting government soldiers (NISA) pickup vehicle traveling along the Afgooye corridor between Siinka Dheer and Alberi settlement in Mogadishu - Kaxda (Banadir). 3 soldiers were killed and 5 were injured, including civilian bystanders.",3,,1770078493
SOM55104,27-January-2026,2026,1,Political violence,Explosions/Remote violence,Remote explosive/landmine/IED,Islamic State Somalia Province,,2,Military Forces of Somalia (2022-) Puntland Dervish Force,,1,12,,706,Eastern Africa,Somalia,Bari,Qandala,,Dhaadaar,11.128,49.8755,2,REDACTED IN SAMPLE,REDACTED IN SAMPLE,"On 27 January 2026, an IED planted by Islamic State Somalia Province exploded, targeting Puntland Dervish Force convoy moving between Dhemasno and Dhaadaar village (Qandala, Bari). One vehicle was hit and destroyed. 1 soldier was killed and 2 others were injured.",1,,1770078493
SOM55105,27-January-2026,2026,1,Political violence,Explosions/Remote violence,Shelling/artillery/missile attack,Al Shabaab,,2,Military Forces of Somalia (2022-) Jubaland Security Force,,1,12,,706,Eastern Africa,Somalia,Lower Juba,Kismaayo,,Buulo Xaaji,-0.632,41.9839,1,REDACTED IN SAMPLE,REDACTED IN SAMPLE,"On 27 January 2026, Al Shabaab fired mortar shells targeting Jubaland security forces at a base in Buulo Xaaji village (Kismaayo, Lower Juba). There were no casualties.",0,,1770078493
SOM55176,27-January-2026,2026,1,Strategic developments,Strategic developments,Change to group/activity,Al Shabaab,,2,,,0,20,,706,Eastern Africa,Somalia,Middle Shabelle,Jowhar,,Biyo Cadde,2.9362,45.792,1,REDACTED IN SAMPLE,REDACTED IN SAMPLE,"Security measures: On 27 January 2026, Al Shabaab imposed a curfew and restricted the movement of people and vehicles in Biyo Cadde village (Jowhar, Middle Shabelle).",0,,1770676302
SOM55177,27-January-2026,2026,1,Political violence,Battles,Armed clash,Military Forces of Somalia (2022-) National Intelligence and Security Agency,,1,Al Shabaab,,2,12,,706,Eastern Africa,Somalia,Lower Shabelle,Afgooye,,Daniga,2.3175,45.2863,1,REDACTED IN SAMPLE,REDACTED IN SAMPLE,"On 27 January 2026, overnight, government security forces (NISA) clashed with Al Shabaab in Daniga Baaloow village (Afgooye, Lower Shabelle). 1 senior Al Shabaab commander who was the head of finance of Banadir was killed.",1,,1770676302
SOM55106,28-January-2026,2026,1,Political violence,Battles,Armed clash,Dir-Gadabuursi Bahabarmuse Sub-Clan Militia (Somalia),,4,Dir-Issa Mamasaan Sub-Clan Militia (Somalia),,4,44,,706,Eastern Africa,Somalia,Awdal,Baki,,Baki,9.8921,43.3853,1,REDACTED IN SAMPLE,REDACTED IN SAMPLE,"On 28 January 2026, Dir-Gadabuursi Bahabarmuse sub-clan militias clashed with Dir-Issa Mamasaan Issa clan militia in the Hulkageele area in Baki town (Baki, Awdal). There were injuries on both sides. Extent of injuries unknown.",0,,1770078493
SOM55107,28-January-2026,2026,1,Political violence,Battles,Armed clash,Dir-Gadabuursi Bahabarmuse Sub-Clan Militia (Somalia),,4,Dir-Issa Mamasaan Sub-Clan Militia (Somalia),,4,44,,706,Eastern Africa,Somalia,Awdal,Baki,,Hulka,10.352,43.9266,1,REDACTED IN SAMPLE,REDACTED IN SAMPLE,"On 28 January 2026, Dir-Gadabuursi Bahabarmuse and Dir-Issa Mamasaan sub-clan militia clashed in Hulka village (Baki, Awdal). The motive was due to land dispute. An unknown number of people were injured.",0,,1770078493
SOM55108,28-January-2026,2026,1,Political violence,Battles,Armed clash,Dir-Gadabuursi Bahabarmuse Sub-Clan Militia (Somalia),,4,Dir-Issa Mamasaan Sub-Clan Militia (Somalia),,4,44,,706,Eastern Africa,Somalia,Awdal,Zeylac,,Harirad,10.5667,42.9667,1,REDACTED IN SAMPLE,REDACTED IN SAMPLE,"On 28 January 2026, Dir-Gadabuursi Bahabarmuse sub-clan militias clashed with Dir-Issa Mamasaan Issa clan militia in Harirad (Zeylac, Awdal). An unknown number of people were killed and wounded. Unspecified number of fatalities coded as 3.",3,,1770071682
SOM55109,28-January-2026,2026,1,Political violence,Battles,Armed clash,Military Forces of Somalia (2022-) Galmudug Security Force,,1,Al Shabaab,,2,12,,706,Eastern Africa,Somalia,Galgaduud,Dhuusamarreeb,,Ceel Garas,5.2053,46.5137,1,REDACTED IN SAMPLE,REDACTED IN SAMPLE,"On 28 January 2026, Gamuludg security forces clashed with Al Shabaab in the vicinity of Ceel Garas village (Dhuusamarreeb, Galgaduud). There were no casualties.",0,,1770078493
SOM55110,28-January-2026,2026,1,Political violence,Battles,Armed clash,Military Forces of Somalia (2022-) Galmudug Security Force,,1,Al Shabaab,,2,12,,706,Eastern Africa,Somalia,Galgaduud,Dhuusamarreeb,,Ceel Lahelay,5.2324,46.4492,1,REDACTED IN SAMPLE,REDACTED IN SAMPLE,"On 28 January 2026, Gamuludg security forces launched an operation and exchanged gunfire with Al Shabaab on the outskirts of Ceel Lahelay village (Dhuusamarreeb, Galgaduud). There were no casualties.",0,,1770078493
SOM55111,28-January-2026,2026,1,Political violence,Battles,Armed clash,Military Forces of Somalia (2022-) Galmudug Security Force,,1,Al Shabaab,,2,12,,706,Eastern Africa,Somalia,Galgaduud,Dhuusamarreeb,,Taragadud,5.3659,46.5129,2,REDACTED IN SAMPLE,REDACTED IN SAMPLE,"On 28 January 2026, Gamuludg security forces launched an operation and exchanged gunfire with Al Shabaab near Faarah Daab and Taragadud village (Dhuusamarreeb, Galgaduud). There were no casualties.",0,,1770078493
SOM55112,28-January-2026,2026,1,Political violence,Battles,Armed clash,Al Shabaab,,2,Military Forces of Somalia (2022-),,1,12,,706,Eastern Africa,Somalia,Lower Shabelle,Marka,,Janaale,1.8,44.7,1,REDACTED IN SAMPLE,REDACTED IN SAMPLE,"On 28 January 2026, Al Shabaab clashed with a government soldier (SNA) conducting a patrol operation in the farmland areas of Janaale town (Marka, Lower Shabelle). There were no casualties.",0,,1770078493
SOM55113,28-January-2026,2026,1,Political violence,Battles,Armed clash,Al Shabaab,,2,Police Forces of Somalia (2022-) Southwest Special Police Forces,,1,12,,706,Eastern Africa,Somalia,Lower Shabelle,Qoryooley,,Qoryooley,1.7878,44.53,1,REDACTED IN SAMPLE,REDACTED IN SAMPLE,"On 28 January 2026, Al Shabaab clashed with Southwest Special Police Forces (SWSPF) at the Halane neighborhood in Qoryooley town (Qoryooley, Lower Shabelle) after the militants threw a hand grenade. 1 soldier was injured.",0,,1770078493
SOM55114,28-January-2026,2026,1,Political violence,Battles,Armed clash,Al Shabaab,,2,Military Forces of Somalia (2022-),Military Forces of Somalia (2022-) National Intelligence and Security Agency,1,12,,706,Eastern Africa,Somalia,Lower Shabelle,Qoryooley,,Qoryooley,1.7878,44.53,1,REDACTED IN SAMPLE,REDACTED IN SAMPLE,"On 28 January 2026, Al Shabaab ambushed government security forces (SNA/NISA), conducting an operation on the outskirts of Qoryooley town (Qoryooley, Lower Shabelle). A soldier was injured.",0,,1770078493
SOM55115,28-January-2026,2026,1,Political violence,Battles,Armed clash,Military Forces of Somalia (2022-),,1,Al Shabaab,,2,12,,706,Eastern Africa,Somalia,Lower Shabelle,Sablaale,,Sablaale,1.2495,43.8045,1,REDACTED IN SAMPLE,REDACTED IN SAMPLE,"On 28 January 2026, government security forces (SNA) clashed with Al Shabaab in the Nambarka, Xarshanle, Dhayo, Sacaad Caqar area, and Tiirow area in Sablaale town (Sablaale, Lower Shabelle). There were no casualties.",0,,1770078493
SOM55116,28-January-2026,2026,1,Political violence,Violence against civilians,Attack,Dir-Issa Mamasaan Sub-Clan Militia (Somalia),,4,Civilians (Somalia),,7,47,Civilian targeting,706,Eastern Africa,Somalia,Awdal,Lughaye,,Lughaye,10.6825,43.9432,2,REDACTED IN SAMPLE,REDACTED IN SAMPLE,"On 28 January 2026, Dir Mamasaan of Issa clan militia attacked a passenger vehicle near Lughaye town (Lughaye, Awdal), attempting to target civilians from Gadabuursi. The vehicle sped off, and there were minor injuries.",0,,1770071682
SOM55117,28-January-2026,2026,1,Political violence,Violence against civilians,Attack,Military Forces of Somalia (2022-) National Intelligence and Security Agency,,1,Civilians (Somalia),,7,17,Civilian targeting,706,Eastern Africa,Somalia,Banadir,Banadir,,Mogadishu - Karan,2.0652,45.39,1,REDACTED IN SAMPLE,REDACTED IN SAMPLE,"On 28 January 2026, a government soldier (NISA) undercover agent shot and injured a civilian, intending to loot money from him, in Mogadishu - Karan (Banadir).",0,,1770078493
SOM55118,28-January-2026,2026,1,Strategic developments,Strategic developments,Change to group/activity,Dir-Gadabuursi Bahabarmuse Sub-Clan Militia (Somalia),,4,,,0,40,,706,Eastern Africa,Somalia,Awdal,Zeylac,,Saylac,11.3539,43.4731,2,REDACTED IN SAMPLE,REDACTED IN SAMPLE,"Movement of forces: On 28 January 2026, Dir Bahabarmuse of the Gadabuursi clan militia was gathering near Saylac town (Zeylac, Awdal), intending to attack the Issa clan.",0,,1770078493
SOM55119,28-January-2026,2026,1,Strategic developments,Strategic developments,Change to group/activity,Al Shabaab,,2,,,0,20,,706,Eastern Africa,Somalia,Galgaduud,Dhuusamarreeb,,Dhuusamarreeb,5.5376,46.3867,1,REDACTED IN SAMPLE,REDACTED IN SAMPLE,"Movement of forces: On 28 January 2026, Al Shabaab were seen regrouping in the Gaalo area in Dhuusamarreeb town (Dhuusamarreeb, Galgaduud) amid Galmudug security forces conducting operations.",0,,1770078493
SOM55120,28-January-2026,2026,1,Strategic developments,Strategic developments,Change to group/activity,Al Shabaab,,2,,,0,20,,706,Eastern Africa,Somalia,Lower Juba,Jamaame,,Bangeeni,0.05,42.7167,2,REDACTED IN SAMPLE,REDACTED IN SAMPLE,"Movement of forces: On 28 January 2026, Al Shabaab, heavily armed, arrived near Bangeeni village (Jamaame, Lower Juba).",0,,1770078493
SOM55121,28-January-2026,2026,1,Strategic developments,Strategic developments,Change to group/activity,Al Shabaab,,2,,,0,20,,706,Eastern Africa,Somalia,Lower Juba,Jamaame,,Kamsuuma,0.2494,42.7751,1,REDACTED IN SAMPLE,REDACTED IN SAMPLE,"Movement of forces: On 28 January 2026, Al Shabaab, heavily armed, crossed the Juba rivers and arrived in Kamsuuma village (Jamaame, Lower Juba).",0,,1770078493
SOM55122,28-January-2026,2026,1,Strategic developments,Strategic developments,Change to group/activity,Al Shabaab,,2,,,0,20,,706,Eastern Africa,Somalia,Lower Shabelle,Sablaale,,Sablaale,1.2495,43.8045,2,REDACTED IN SAMPLE,REDACTED IN SAMPLE,"Movement of forces: On 28 January 2026, Al Shabaab regrouped in Farjano and Buulo Shiiq villages near Sablaale (Sablaale, Lower Shabelle) after government security forces (SNA) operations in the villages under the Sablale district.",0,,1770078493
SOM55123,28-January-2026,2026,1,Strategic developments,Strategic developments,Change to group/activity,Al Shabaab,,2,,,0,20,,706,Eastern Africa,Somalia,Mudug,Xarardheere,,Xarardheere,4.6517,47.8584,2,REDACTED IN SAMPLE,REDACTED IN SAMPLE,"Movement of forces: On 28 January 2026, over 500 Al Shabaab fighters were seen regrouping along the coastline area near Xarardheere town (Xarardheere, Mudug). The group's motive and the larger movement were unclear.",0,,1770078493
SOM55124,28-January-2026,2026,1,Strategic developments,Strategic developments,Disrupted weapons use,Military Forces of Somalia (2022-),,1,Al Shabaab,,2,12,,706,Eastern Africa,Somalia,Lower Shabelle,Marka,,Bulo Mareer,1.6298,44.5196,1,REDACTED IN SAMPLE,REDACTED IN SAMPLE,"Defusal: On 28 January 2026, government security forces (SNA) defused 2 IEDs planted by Al Shabaab in Bulo Mareer town (Marka, Lower Shabelle).",0,,1770078493
SOM55125,28-January-2026,2026,1,Strategic developments,Strategic developments,Disrupted weapons use,Military Forces of Somalia (2022-) Special Forces,,1,Al Shabaab,,2,12,,706,Eastern Africa,Somalia,Middle Shabelle,Balcad,,Warshiikh,2.2983,45.798,2,REDACTED IN SAMPLE,REDACTED IN SAMPLE,"Defusal: On 28 January 2026, government security forces (Danab) defused IEDs planted by Al Shabaab in the forested areas in Jabad Godane village near Warshiikh village (Balcad, Middle Shabelle).",0,,1770078493
SOM55126,28-January-2026,2026,1,Demonstrations,Protests,Peaceful protest,Protesters (Somalia),,6,,,0,60,,706,Eastern Africa,Somalia,Nugaal,Garoowe,,Garowe,8.4064,48.4819,1,REDACTED IN SAMPLE,REDACTED IN SAMPLE,"On 28 January 2026, overnight, youths protested after opposition groups to Puntland led by Shire Abgaal arrived in Garowe town (Garoowe, Nugaal), with heavy weapons and military personnel. They requested peace and security.",0,crowd size=no report,1770078493
SOM55178,28-January-2026,2026,1,Political violence,Battles,Armed clash,Hawiye-Habar Gedir-Duduble Sub-Clan Militia (Somalia),,4,Hawiye-Habar Gedir-Saleban Sub-Clan Militia (Somalia),,4,44,,706,Eastern Africa,Somalia,Galgaduud,Dhuusamarreeb,,Qaayib,5.4972,47.1472,2,REDACTED IN SAMPLE,REDACTED IN SAMPLE,"On 28 January 2026, Hawiye-Habar Gedir- Duduble and Saleban sub-clan militia clashed in Baalal Dheer area, near Qaayib village (Dhuusamarreeb, Galgaduud). The motive was due to land disputes and clan revenge. There were no casualties.",0,,1770676302
SOM55179,28-January-2026,2026,1,Strategic developments,Strategic developments,Change to group/activity,Al Shabaab,,2,,,0,20,,706,Eastern Africa,Somalia,Middle Shabelle,Adan Yabaal,,Xararey,3.811,46.44,1,REDACTED IN SAMPLE,REDACTED IN SAMPLE,"Movement of forces: On 28 January 2026, Al Shabaab deployed extra fighters in Xararey village (Adan Yabaal, Middle Shabelle).",0,,1770676302
SOM55127,29-January-2026,2026,1,Political violence,Explosions/Remote violence,Air/drone strike,Military Forces of the United States (2025-),,8,Al Shabaab,,2,28,,706,Eastern Africa,Somalia,Lower Shabelle,Afgooye,,K50,2.0054,44.9872,2,REDACTED IN SAMPLE,REDACTED IN SAMPLE,"On 29 January 2026, US forces conducted airstrikes targeting Al Shabaab position, near K50 village (Afgooye, Lower Shabelle). Casualties unknown.",0,,1770078493
SOM55128,29-January-2026,2026,1,Political violence,Battles,Armed clash,Dir-Gadabuursi Bahabarmuse Sub-Clan Militia (Somalia),,4,Dir-Issa Mamasaan Sub-Clan Militia (Somalia),,4,44,,706,Eastern Africa,Somalia,Awdal,Zeylac,,Harirad,10.5667,42.9667,1,REDACTED IN SAMPLE,REDACTED IN SAMPLE,"On 29 January 2026, Dir-Gadabuursi Bahabarmuse sub-clan militias clashed with Dir-Issa Mamasaan Issa clan militia in Harirad (Zeylac, Awdal). An unknown number of people were killed and wounded. Unspecified number of fatalities coded as 3.",3,,1770071682
SOM55129,29-January-2026,2026,1,Political violence,Battles,Armed clash,Al Shabaab,,2,Military Forces of Somalia (2022-),,1,12,,706,Eastern Africa,Somalia,Lower Shabelle,Afgooye,,Cumar Beerre,2.1989,45.0548,1,REDACTED IN SAMPLE,REDACTED IN SAMPLE,"On 29 January 2026, Al Shabaab ambushed government security forces (SNA), traveling on a motor Vycon on the outskirts of Cumar Beerre village (Afgooye, Lower Shabelle). Injuries were reported. Extent of injuries unknown.",0,,1770078493
SOM55130,29-January-2026,2026,1,Political violence,Violence against civilians,Attack,Al Shabaab,,2,Civilians (Somalia),Farmers (Somalia),7,27,Civilian targeting,706,Eastern Africa,Somalia,Lower Shabelle,Marka,,Danow,1.7317,44.6253,1,REDACTED IN SAMPLE,REDACTED IN SAMPLE,"On 29 January 2026, Al Shabaab beat and injured a civilian farmer in Danow village (Marka, Lower Shabelle).",0,,1770078493
SOM55131,29-January-2026,2026,1,Political violence,Violence against civilians,Attack,Al Shabaab,,2,Civilians (Somalia),Farmers (Somalia),7,27,Civilian targeting,706,Eastern Africa,Somalia,Lower Shabelle,Marka,,Shalaambood,1.7087,44.6961,1,REDACTED IN SAMPLE,REDACTED IN SAMPLE,"On 29 January 2026, Al Shabaab beat and injured a civilian farmer in Shalaambood village (Marka, Lower Shabelle). The farmer did not attend the group Dawrah for farmers in the area.",0,,1770078493
SOM55132,29-January-2026,2026,1,Strategic developments,Strategic developments,Change to group/activity,Al Shabaab,,2,,,0,20,,706,Eastern Africa,Somalia,Lower Juba,Afmadow,,Biibi,0.1724,42.2286,2,REDACTED IN SAMPLE,REDACTED IN SAMPLE,"Movement of forces: On 29 January 2026, Al Shabaab arrived near Biibi village (Afmadow, Lower Juba) and met with local pastoralists in the area, enlisted their names, and said they would provide water tracking activities if they moved towards the areas near the Juba river.",0,,1770078493
SOM55133,29-January-2026,2026,1,Strategic developments,Strategic developments,Change to group/activity,Al Shabaab,,2,,,0,20,,706,Eastern Africa,Somalia,Lower Juba,Afmadow,,Miido,0.3094,42.1501,1,REDACTED IN SAMPLE,REDACTED IN SAMPLE,"Movement of forces: On 29 January 2026, Al Shabaab arrived near Miido village (Afmadow, Lower Juba) and met with local pastoralists in the area, enlisted their names, and said they would provide water tracking activities if they moved towards the areas near the Juba river.",0,,1770078493
SOM55134,29-January-2026,2026,1,Strategic developments,Strategic developments,Change to group/activity,Al Shabaab,,2,,,0,20,,706,Eastern Africa,Somalia,Middle Shabelle,Adan Yabaal,,Adan Yabaal,3.7742,46.2499,2,REDACTED IN SAMPLE,REDACTED IN SAMPLE,"Movement of forces: On 29 January 2026, Al Shabaab were observed near Adan Yabaal village (Adan Yabaal, Middle Shabelle).",0,,1770078493
SOM55135,29-January-2026,2026,1,Political violence,Battles,Government regains territory,Military Forces of Somalia (2022-),,1,Al Shabaab,,2,12,,706,Eastern Africa,Somalia,Middle Shabelle,Balcad,,Warshiikh,2.2983,45.798,2,REDACTED IN SAMPLE,REDACTED IN SAMPLE,"On 29 January 2026, government security forces (SNA) clashed with Al Shabaab in Calanley area near Warshiikh village (Balcad, Middle Shabelle). The security forces took control over the village (initial takeover by Al Shabaab unclear) and overran and destroyed hideouts. Casualties unknown.",0,,1770078493
SOM55136,29-January-2026,2026,1,Strategic developments,Strategic developments,Other,Hawiye-Habar Gedir-Ayr Sub-Clan Militia (Somalia),,4,Hawiye-Habar Gedir-Ayr Sub-Clan Militia (Somalia),,4,44,,706,Eastern Africa,Somalia,Galgaduud,Dhuusamarreeb,,Guri-Ceel,5.3083,45.8774,1,REDACTED IN SAMPLE,REDACTED IN SAMPLE,"Other: On 29 January 2026, Mahamud Qurbac and Reer Dalaad section of Hawiye-Habar Gedir-Ayr Sub-Clan Militias met in Guri-Ceel town (Dhuusamarreeb, Galgaduud) to discuss compensation of a person who was killed over a personal dispute. They were negotiating blood compensation.",0,,1770078493
SOM55137,29-January-2026,2026,1,Demonstrations,Protests,Peaceful protest,Protesters (Somalia),,6,,,0,60,,706,Eastern Africa,Somalia,Banadir,Banadir,,Mogadishu - Daynile,2.0576,45.2853,1,REDACTED IN SAMPLE,REDACTED IN SAMPLE,"On 29 January 2026, hundreds of residents protested at the Garoonkii Minishiibiyo neighborhood in Mogadishu - Daynile (Banadir) against government-ordered land evictions.",0,crowd size=hundreds,1770078493
SOM55138,29-January-2026,2026,1,Demonstrations,Protests,Peaceful protest,Protesters (Somalia),,6,,,0,60,,706,Eastern Africa,Somalia,Banadir,Banadir,,Mogadishu - Hodan,2.0376,45.3058,1,REDACTED IN SAMPLE,REDACTED IN SAMPLE,"On 29 January 2026, residents protested at the Jaamacadaha neighborhood, formerly part of Gahler University in Mogadishu - Hodan (Banadir), against the order from the Minister of Education directing occupants to vacate land classified as government property. The security forces under the Banadir Regional Administration demolished homes in the area.",0,crowd size=no report,1770078493
SOM55139,29-January-2026,2026,1,Political violence,Explosions/Remote violence,Air/drone strike,Unidentified Military Forces,Military Forces of Somalia (2022-),8,Al Shabaab,,2,28,,706,Eastern Africa,Somalia,Lower Shabelle,Qoryooley,,Mubaarak,1.9167,44.7733,1,REDACTED IN SAMPLE,REDACTED IN SAMPLE,"On 29 January 2026, international forces (coded as Unidentified Military Forces) and government security forces (SNA) launched an airstrike against Al Shabaab position in Mubaarak village (Qoryooley, Lower Shabelle). 4 militants were killed.",4,,1770676302
SOM55144,29-January-2026,2026,1,Demonstrations,Protests,Peaceful protest,Protesters (Somalia),Government of Somalia (2022-) Banadir Administration,6,,,0,60,,706,Eastern Africa,Somalia,Banadir,Banadir,,Mogadishu - Dharkenley,2.0308,45.2661,1,REDACTED IN SAMPLE,REDACTED IN SAMPLE,"On 29 January 2026, hundreds of residents, including Banadir regional officials, protested at the Suuq Bocle market in Mogadishu - Dharkenley (Banadir) against Israel's recognition of Somaliland as an independent state.",0,crowd size=hundreds,1770078493
SOM55180,29-January-2026,2026,1,Political violence,Explosions/Remote violence,Air/drone strike,Unidentified Military Forces,Military Forces of Somalia (2022-),8,Al Shabaab,,2,28,,706,Eastern Africa,Somalia,Lower Shabelle,Marka,,Gumesi Diid,1.9103,44.8269,1,REDACTED IN SAMPLE,REDACTED IN SAMPLE,"On 29 January 2026, international forces (coded as Unidentified Military Forces) and government security forces (SNA) launched an airstrike against Al Shabaab position in Gumesi Diid village (Marka, Lower Shabelle). Casualties unknown.",0,,1770676302
SOM55181,29-January-2026,2026,1,Strategic developments,Strategic developments,Change to group/activity,Al Shabaab,,2,,,0,20,,706,Eastern Africa,Somalia,Middle Shabelle,Balcad,,Maaxaay,2.2826,45.7353,2,REDACTED IN SAMPLE,REDACTED IN SAMPLE,"Movement of forces: On 29 January 2026, Al Shabaab deployed fighters in Cantamugle area near Maaxaay village (Balcad, Middle Shabelle).",0,,1770676302
SOM55182,29-January-2026,2026,1,Demonstrations,Protests,Peaceful protest,Protesters (Somalia),,6,,,0,60,,706,Eastern Africa,Somalia,Banadir,Banadir,,Mogadishu - Yaqshid,2.0678,45.35,1,REDACTED IN SAMPLE,REDACTED IN SAMPLE,"On 29 January 2026, residents protested at the Silga Towfiiq neighborhood in Mogadishu - Yaqshid (Banadir) against the forced eviction by the government.",0,crowd size=no report,1770676302
SOM55183,29-January-2026,2026,1,Strategic developments,Strategic developments,Change to group/activity,Al Shabaab,,2,,,0,20,,706,Eastern Africa,Somalia,Middle Shabelle,Adan Yabaal,,Xirka Dhere,3.5078,46.2092,2,REDACTED IN SAMPLE,REDACTED IN SAMPLE,"Movement of forces: On 29 January 2026, Al Shabaab deployed fighters in War Dagax village near Xirka Dhere village (Adan Yabaal, Middle Shabelle).",0,,1770676302
SOM55286,29-January-2026,2026,1,Political violence,Explosions/Remote violence,Air/drone strike,Military Forces of the United States (2025-),,8,Al Shabaab,,2,28,,706,Eastern Africa,Somalia,Lower Shabelle,Afgooye,,Afgooye,2.15,45.116,2,REDACTED IN SAMPLE,REDACTED IN SAMPLE,"On 29 January 2026, US forces conducted airstrikes targeting Al Shabaab positions, approximately 56 km southwest of Mogadishu, near Afgooye village (Afgooye, Lower Shabelle). Casualties unknown.",0,,1770676302
SOM55290,29-January-2026,2026,1,Political violence,Violence against civilians,Sexual violence,Military Forces of Somalia (2022-),,1,Civilians (Somalia),Women (Somalia),7,17,Civilian targeting,706,Eastern Africa,Somalia,Hiraan,Belet Weyne,,Belet Weyne,4.736,45.2043,1,REDACTED IN SAMPLE,REDACTED IN SAMPLE,"On 29 January 2026, a group of 5 people, including 2 government soldiers (SNA), raped a young girl in the Bunda Aroos neighborhood on the outskirts of Belet Weyne town (Belet Weyne, Hiraan). They filmed the incident and circulated the footage on social media. The police arrested several individuals in connection with the case. The victim was hospitalized.",0,,1770676302
SOM55293,29-January-2026,2026,1,Political violence,Battles,Armed clash,Military Forces of Somalia (2022-),,1,Al Shabaab,,2,12,,706,Eastern Africa,Somalia,Lower Shabelle,Marka,,Buufow Bacaad,1.7493,44.7437,1,REDACTED IN SAMPLE,REDACTED IN SAMPLE,"On 29 January 2026, government security forces (SNA) clashed with Al Shabaab in Buufow Bacaad village (Marka, Lower Shabelle). There were no casualties.",0,,1770676302
SOM55294,29-January-2026,2026,1,Political violence,Battles,Armed clash,Hawiye-Habar Gedir-Ayr Sub-Clan Militia (Somalia),,4,Hawiye-Habar Gedir-Duduble Sub-Clan Militia (Somalia),,4,44,,706,Eastern Africa,Somalia,Galgaduud,Ceel Buur,,Ceel Buur,4.6815,46.6234,2,REDACTED IN SAMPLE,REDACTED IN SAMPLE,"On 29 January 2026, Hawiye-Habar Gedir-Ayr and Duduble sub-clan militia clashed on the outskirts of Biyo-cadde village near Ceel Buur town (Ceel Buur, Galgaduud). There were no casualties.",0,,1770676302
SOM55302,29-January-2026,2026,1,Political violence,Battles,Armed clash,Al Shabaab,,2,Military Forces of Somalia (2022-),,1,12,,706,Eastern Africa,Somalia,Banadir,Banadir,,Mogadishu - Daynile,2.0576,45.2853,1,REDACTED IN SAMPLE,REDACTED IN SAMPLE,"On 29 January 2026, suspected Al Shabaab clashed with government security forces (SNA) at a checkpoint in Tiida neighborhood in Mogadishu - Daynile (Banadir), after the militants threw a hand grenade. There were no casualties.",0,,1770676302
SOM55140,30-January-2026,2026,1,Political violence,Violence against civilians,Attack,Al Shabaab,,2,Civilians (Somalia),Taxi Drivers (Somalia),7,27,Civilian targeting,706,Eastern Africa,Somalia,Lower Juba,Afmadow,,Qoqani,0.2906,41.7128,2,REDACTED IN SAMPLE,REDACTED IN SAMPLE,"On 30 January 2026, Al Shabaab stopped a probox heading to Dhobley near Qoqani village (Afmadow, Lower Juba) after the driver was accused of failing to pay taxes to the group since December, and using shortcut roads and avoiding their checkpoint. He was assaulted and given a fine of 1000 usd. No information on injuries.",0,,1770078493
SOM55141,30-January-2026,2026,1,Political violence,Violence against civilians,Attack,Al Shabaab,,2,Civilians (Somalia),,7,27,Civilian targeting,706,Eastern Africa,Somalia,Middle Juba,Bu'aale,,Buaale,1.2448,42.5732,1,REDACTED IN SAMPLE,REDACTED IN SAMPLE,"On 30 January 2026, Al Shabaab beat and injured two youths for having smartphones and taking pictures in Buaale town (Bu'aale, Middle Juba). Al Shabaab has restrictions on using phones in the areas it controls.",0,,1770078493
SOM55142,30-January-2026,2026,1,Strategic developments,Strategic developments,Change to group/activity,Military Forces of Somaliland (2024-),,1,,,0,10,,706,Eastern Africa,Somalia,Awdal,Borama,,Borama,9.9387,43.1839,1,REDACTED IN SAMPLE,REDACTED IN SAMPLE,"Movement of forces: On 30 January 2026, Somaliland security forces were deployed to reinforce other forces in Borama town (Borama, Awdal) to intervene in the two communities fighting in the Awdal region.",0,,1770078493
SOM55143,30-January-2026,2026,1,Strategic developments,Strategic developments,Change to group/activity,Al Shabaab,,2,,,0,20,,706,Eastern Africa,Somalia,Lower Juba,Kismaayo,,Buulo Xaaji,-0.632,41.9839,2,REDACTED IN SAMPLE,REDACTED IN SAMPLE,"Movement of forces: On 30 January 2026, Al Shabaab arrived near Buulo Xaaji village (Kismaayo, Lower Juba) and were seen assembling IEDs along the main road leading to Kismayo. Civilians were warned against using the road.",0,,1770078493
SOM55184,30-January-2026,2026,1,Political violence,Battles,Armed clash,Hawiye-Habar Gedir-Ayr Sub-Clan Militia (Somalia),,4,Hawiye-Habar Gedir-Duduble Sub-Clan Militia (Somalia),,4,44,,706,Eastern Africa,Somalia,Galgaduud,Ceel Buur,,Ceel Buur,4.6815,46.6234,2,REDACTED IN SAMPLE,REDACTED IN SAMPLE,"On 30 January 2026, Hawiye-Habar Gedir-Ayr and Duduble sub-clan militia clashed on the outskirts of Biyo-cadde village near Ceel Buur town (Ceel Buur, Galgaduud). The motive was due to land disputes and clan revenge. There were no casualties.",0,,1770676302
SOM55185,30-January-2026,2026,1,Strategic developments,Strategic developments,Agreement,Rahanweyn-Digil-Jiido Sub-Clan Militia (Somalia),,4,Rahanweyn-Digil-Garre Sub-Clan Militia (Somalia),,4,44,,706,Eastern Africa,Somalia,Lower Shabelle,Qoryooley,,Doon Buraale,1.7276,44.4434,1,REDACTED IN SAMPLE,REDACTED IN SAMPLE,"On 30 January 2026, Jiido and Garre sub-clan militias from the Rahanweyn-Digil agreed to blood compensation in Doon Buraale village (Qoryooley, Lower Shabelle). Al Shabaab organized the agreement.",0,,1770671150
SOM55186,30-January-2026,2026,1,Political violence,Explosions/Remote violence,Air/drone strike,Unidentified Military Forces,Military Forces of Somalia (2022-),8,Al Shabaab,,2,28,,706,Eastern Africa,Somalia,Middle Shabelle,Adan Yabaal,,Maxamed Saciid,3.3417,46.6015,1,REDACTED IN SAMPLE,REDACTED IN SAMPLE,"On 30 January 2026, international forces (coded as Unidentified Military Forces) and government security forces (SNA) launched an airstrike against Al Shabaab position in Maxamed Saciid village (Adan Yabaal, Middle Shabelle). Al Shabaab houses were destroyed. Casualties unknown.",0,,1770676302
SOM55187,30-January-2026,2026,1,Political violence,Battles,Armed clash,Military Forces of Somalia (2022-),,1,Al Shabaab,,2,12,,706,Eastern Africa,Somalia,Lower Shabelle,Qoryooley,,Qoryooley,1.7878,44.53,1,REDACTED IN SAMPLE,REDACTED IN SAMPLE,"On 30 January 2026, government security forces (SNA) clashed with Al Shabaab in Qoryooley town (Qoryooley, Lower Shabelle). 2 militants were injured.",0,,1770676302
SOM55288,30-January-2026,2026,1,Political violence,Explosions/Remote violence,Air/drone strike,Military Forces of the United States (2025-),,8,Islamic State Somalia Province,,2,28,,706,Eastern Africa,Somalia,Bari,Qandala,,Buuraha Cali Miskat,10.8548,49.7434,2,REDACTED IN SAMPLE,REDACTED IN SAMPLE,"On 30 January 2026, US forces conducted airstrikes targeting Islamic State Somalia Province position in the vicinity of the Golis Mountains, approximately 43 km southeast of Bossaso, near Buuraha Cali Miskat (Qandala, Bari). Casualties unknown.",0,,1776191110
SOM55289,30-January-2026,2026,1,Strategic developments,Strategic developments,Agreement,Military Forces of Somalia (2022-),,1,Al Shabaab,,2,12,,706,Eastern Africa,Somalia,Lower Juba,Jamaame,,Bar-Sanguun,-0.0416,42.5945,1,REDACTED IN SAMPLE,REDACTED IN SAMPLE,"On 30 January 2026, 2 Al Shabaab surrendered to government security forces (SNA) 58th Unit, 11th Brigade in Bar-Sanguun village (Jamaame, Lower Juba). The militants handed over one AK-47 rifle, one PKM machine gun, and their ammunition.",0,,1770676302
SOM55305,30-January-2026,2026,1,Political violence,Violence against civilians,Attack,Hawiye-Habar Gedir-Duduble Sub-Clan Militia (Somalia),,4,Civilians (Somalia),Hawiye-Habar Gedir-Saleban Sub-Clan Group (Somalia); Pastoralists (Somalia),7,47,Civilian targeting,706,Eastern Africa,Somalia,Galgaduud,Dhuusamarreeb,,Qaayib,5.4972,47.1472,2,REDACTED IN SAMPLE,REDACTED IN SAMPLE,"On 30 January 2026, Hawiye-Habar Gedir-Duduble sub-clan militia opened fire on a pastoralist household belonging to Hawiye-Habar Gedir-Saleban sub-clan militia in the vicinity of Baalal Dheer, near Qaayib village (Dhuusamarreeb, Galgaduud). The motive was due to clan revenge. 1 civilian was killed, and another was injured.",1,,1770676302
SOM55188,31-January-2026,2026,1,Strategic developments,Strategic developments,Change to group/activity,Islamic State Somalia Province,,2,,,0,20,,706,Eastern Africa,Somalia,Bari,Bossaso,,Balade,11.2761,49.164,2,REDACTED IN SAMPLE,REDACTED IN SAMPLE,"Movement of forces: On 31 January 2026, Islamic State Somalia Province arrived at the Ceelka Maragathe area near Balade village (Bossaso, Bari).",0,,1770676302
SOM55189,31-January-2026,2026,1,Political violence,Battles,Armed clash,Hawiye-Habar Gedir-Ayr Sub-Clan Militia (Somalia),,4,Hawiye-Habar Gedir-Duduble Sub-Clan Militia (Somalia),,4,44,,706,Eastern Africa,Somalia,Galgaduud,Ceel Buur,,Ceel Buur,4.6815,46.6234,2,REDACTED IN SAMPLE,REDACTED IN SAMPLE,"On 31 January 2026, for the second consecutive day, Hawiye-Habar Gedir-Ayr and Duduble sub-clan militia clashed on the outskirts of Biyo-cadde village near Ceel Buur town (Ceel Buur, Galgaduud). The motive was due to land disputes and clan revenge. There were no casualties.",0,,1770676302
SOM55190,31-January-2026,2026,1,Political violence,Battles,Armed clash,Military Forces of Somalia (2022-) Puntland Dervish Force,,1,Islamic State Somalia Province,,2,12,,706,Eastern Africa,Somalia,Bari,Qandala,,Daanyo,11.0771,50.1374,1,REDACTED IN SAMPLE,REDACTED IN SAMPLE,"On 31 January 2026, Puntland Dervish Force clashed with Islamic State Somalia Province in the vicinity of Daanyo village (Qandala, Bari). There were no casualties.",0,,1776191110
SOM55191,31-January-2026,2026,1,Political violence,Violence against civilians,Attack,Al Shabaab,,2,Civilians (Somalia),Pastoralists (Somalia),7,27,Civilian targeting,706,Eastern Africa,Somalia,Lower Juba,Afmadow,,Dhesheeg Waamo,-0.0011,42.4636,1,REDACTED IN SAMPLE,REDACTED IN SAMPLE,"On 31 January 2026, Al Shabaab assaulted two pastoralists at the Dhesheeg Waamo village (Afmadow, Lower Juba). Extent of injuries unknown.",0,,1770676302
SOM55192,31-January-2026,2026,1,Strategic developments,Strategic developments,Change to group/activity,Islamic State Somalia Province,,2,,,0,20,,706,Eastern Africa,Somalia,Bari,Qandala,,Guriasamo,11.2729,49.7971,1,REDACTED IN SAMPLE,REDACTED IN SAMPLE,"Movement of forces: On 31 January 2026, Islamic State Somalia Province arrived in the vicinity of Guriasamo village (Qandala, Bari).",0,,1776191110
SOM55193,31-January-2026,2026,1,Political violence,Violence against civilians,Attack,Al Shabaab,,2,Civilians (Somalia),,7,27,Civilian targeting,706,Eastern Africa,Somalia,Lower Juba,Afmadow,,Hagar,0.87,41.9758,2,REDACTED IN SAMPLE,REDACTED IN SAMPLE,"On 31 January 2026, Al Shabaab beat and injured a civilian in Nasariye village near Hagar town (Afmadow, Lower Juba). Extent of injuries unknown.",0,,1770676302
SOM55194,31-January-2026,2026,1,Political violence,Battles,Armed clash,Al Shabaab,,2,Military Forces of Somalia (2022-),,1,12,,706,Eastern Africa,Somalia,Lower Shabelle,Marka,,Janaale,1.8,44.7,1,REDACTED IN SAMPLE,REDACTED IN SAMPLE,"On 31 January 2026, Al Shabaab clashed with government security forces (SNA) at a base in Janaale village (Marka, Lower Shabelle). There were no casualties.",0,,1770676302
SOM55195,31-January-2026,2026,1,Political violence,Battles,Armed clash,Al Shabaab,,2,Military Forces of Somalia (2022-),,1,12,,706,Eastern Africa,Somalia,Lower Shabelle,Afgooye,,Laantabuur,2.0537,45.0548,1,REDACTED IN SAMPLE,REDACTED IN SAMPLE,"On 31 January 2026, Al Shabaab clashed with government security forces (SNA) at a base in Laantabuur village (Afgooye, Lower Shabelle). There were no casualties.",0,,1770676302
SOM55196,31-January-2026,2026,1,Political violence,Battles,Armed clash,Dir-Gadabuursi Bahabarmuse Sub-Clan Militia (Somalia),,4,Dir-Issa Mamasaan Sub-Clan Militia (Somalia),,4,44,,706,Eastern Africa,Somalia,Awdal,Lughaye,,Lughaye,10.6825,43.9432,2,REDACTED IN SAMPLE,REDACTED IN SAMPLE,"On 31 January 2026, Dir-Gadabuursi Bahabarmuse and Dir-Issa Mamasaan sub-clan militia clashed near Lughaye town (Lughaye, Awdal). There were no casualties.",0,,1770671150
SOM55197,31-January-2026,2026,1,Political violence,Violence against civilians,Abduction/forced disappearance,Al Shabaab,,2,Civilians (Somalia),Labor Group (Somalia),7,27,Civilian targeting,706,Eastern Africa,Somalia,Bay,Qansax Dheere,,Qansax Dheere,2.8712,43.0043,1,REDACTED IN SAMPLE,REDACTED IN SAMPLE,"On 31 January 2026, Al Shabaab abducted a donkey cart owner, transporting goods, on the outskirts of Qansax Dheere town (Qansax Dheere, Bay).",0,,1770676302
SOM55198,31-January-2026,2026,1,Political violence,Battles,Armed clash,Dir-Gadabuursi Bahabarmuse Sub-Clan Militia (Somalia),,4,Dir-Issa Mamasaan Sub-Clan Militia (Somalia),,4,44,,706,Eastern Africa,Somalia,Awdal,Borama,,Xariirad,10.3254,42.8374,1,REDACTED IN SAMPLE,REDACTED IN SAMPLE,"On 31 January 2026, Dir-Gadabuursi Bahabarmuse and Dir-Issa Mamasaan sub-clan militia clashed in Xariirad village (Borama, Awdal). There were no casualties.",0,,1770671150
SOM55287,31-January-2026,2026,1,Strategic developments,Strategic developments,Change to group/activity,Al Shabaab,,2,,,0,20,,706,Eastern Africa,Somalia,Lower Juba,Badhaadhe,,Badhaadhe,-1.03,41.483,2,REDACTED IN SAMPLE,REDACTED IN SAMPLE,"Movement of forces: On 31 January 2026, Al Shabaab were seen regrouping in the MandheerKoroma near Badhaadhe town (Badhaadhe, Lower Juba).",0,,1770676302
SOM55301,31-January-2026,2026,1,Political violence,Explosions/Remote violence,Air/drone strike,Unidentified Military Forces,Military Forces of Somalia (2022-),8,Al Shabaab,,2,28,,706,Eastern Africa,Somalia,Middle Shabelle,Adan Yabaal,,Maxamed Saciid,3.3417,46.6015,1,REDACTED IN SAMPLE,REDACTED IN SAMPLE,"On 31 January 2026, international forces (coded as Unidentified Military Forces) and government security forces (SNA) launched an airstrike against Al Shabaab position Maxamed Saciid village (Adan Yabaal, Middle Shabelle). 13 Al Shabaab were killed, including the head of Runirgod, Cali Gaduud, and three commanders. Al Shabaab claimed Turkey airstrike killed 10 militants. An unknown number of civilians were killed. Unspecified number of civilian fatalities coded as 3. Fatalities coded as 16 (13 militants + 3 unspecified number of civilians).",16,,1770676302
SOM55303,31-January-2026,2026,1,Demonstrations,Protests,Peaceful protest,Protesters (Somalia),,6,,,0,60,,706,Eastern Africa,Somalia,Banadir,Banadir,,Mogadishu - Heliwa,2.0844,45.39,1,REDACTED IN SAMPLE,REDACTED IN SAMPLE,"On 31 January 2026, residents protested in Mogadishu - Heliwa (Banadir) against the forced eviction by the government.",0,crowd size=no report,1770676302
SOM55307,31-January-2026,2026,1,Political violence,Explosions/Remote violence,Remote explosive/landmine/IED,Al Shabaab,,2,,,0,20,,706,Eastern Africa,Somalia,Lower Shabelle,Afgooye,,Xaawo-Cabdi,2.0905,45.1766,1,REDACTED IN SAMPLE,REDACTED IN SAMPLE,"On 31 January 2026, a roadside IED planted by Al Shabaab exploded at new construction site in Xaawo-Cabdi village (Afgooye, Lower Shabelle). There were no casualties.",0,,1770676302
SOM55199,01-February-2026,2026,1,Strategic developments,Strategic developments,Change to group/activity,Al Shabaab,,2,,,0,20,,706,Eastern Africa,Somalia,Lower Juba,Kismaayo,,Abdi-Dhore,-0.3257,42.2799,2,REDACTED IN SAMPLE,REDACTED IN SAMPLE,"Movement of forces: On 1 February 2026, Al Shabaab were seen patrolling the Kismayo-Bula Haji road, near Abdi-Dhore village (Kismaayo, Lower Juba).",0,,1774318961
SOM55200,01-February-2026,2026,1,Political violence,Battles,Armed clash,Military Forces of Somalia (2022-) Puntland Dervish Force,,1,Islamic State Somalia Province,,2,12,,706,Eastern Africa,Somalia,Bari,Bossaso,,Balade,11.2761,49.164,1,REDACTED IN SAMPLE,REDACTED IN SAMPLE,"On 1 February 2026, Puntland Dervish Force clashed with Islamic State Somalia Province in Balade village (Bossaso, Bari). There were no casualties.",0,,1774318961
SOM55201,01-February-2026,2026,1,Political violence,Battles,Armed clash,Military Forces of Somalia (2022-) Puntland Dervish Force,,1,Islamic State Somalia Province,,2,12,,706,Eastern Africa,Somalia,Bari,Bossaso,,Balade,11.2761,49.164,2,REDACTED IN SAMPLE,REDACTED IN SAMPLE,"On 1 February 2026, Puntland Dervish Force clashed with Islamic State Somalia Province in Ceel Sabdow area near Balade village (Bossaso, Bari). There were no casualties.",0,,1774318961
SOM55202,01-February-2026,2026,1,Political violence,Violence against civilians,Attack,Al Shabaab,,2,Civilians (Somalia),,7,27,Civilian targeting,706,Eastern Africa,Somalia,Lower Juba,Afmadow,,Baqdaad,-0.091,41.5291,1,REDACTED IN SAMPLE,REDACTED IN SAMPLE,"On 1 February 2026, Al Shabaab assaulted a civilian in Baqdaad village (Afmadow, Lower Juba). Extent of injuries unknown.",0,,1776191110
SOM55203,01-February-2026,2026,1,Political violence,Battles,Armed clash,Al Shabaab,,2,Military Forces of Somalia (2022-) Jubaland Security Force,,1,12,,706,Eastern Africa,Somalia,Lower Juba,Jamaame,,Bar-Sanguun,-0.0416,42.5945,1,REDACTED IN SAMPLE,REDACTED IN SAMPLE,"On 1 February 2026, Al Shabaab clashed with Jubaland security forces at a base in Bar-Sanguun village (Jamaame, Lower Juba). There were no casualties.",0,,1774318961
SOM55204,01-February-2026,2026,1,Political violence,Battles,Armed clash,Military Forces of Somalia (2022-) Puntland Dervish Force,,1,Islamic State Somalia Province,,2,12,,706,Eastern Africa,Somalia,Bari,Qandala,,Buuraha Cali Miskat,10.8548,49.7434,1,REDACTED IN SAMPLE,REDACTED IN SAMPLE,"On 1 February 2026, Puntland Dervish Force clashed with Islamic State Somalia Province in the Isha Dhigale area within Buuraha Cali Miskat (Qandala, Bari). There were no casualties.",0,,1776191110
SOM55205,01-February-2026,2026,1,Political violence,Explosions/Remote violence,Air/drone strike,Unidentified Military Forces,,8,Islamic State Somalia Province,,2,28,,706,Eastern Africa,Somalia,Bari,Qandala,,Buuraha Cali Miskat,10.8548,49.7434,1,REDACTED IN SAMPLE,REDACTED IN SAMPLE,"On 1 February 2026, international forces (coded as Unidentified Military Forces) launched an airstrike against Islamic State Somalia Province position within Buuraha Cali Miskat (Qandala, Bari). Casualties unknown.",0,,1776191110
SOM55206,01-February-2026,2026,1,Political violence,Explosions/Remote violence,Air/drone strike,Unidentified Military Forces,Military Forces of Somalia (2022-),8,Al Shabaab,,2,28,,706,Eastern Africa,Somalia,Middle Shabelle,Cadale,,Cadale,2.7603,46.3222,2,REDACTED IN SAMPLE,REDACTED IN SAMPLE,"On 1 February 2026, international forces (coded as Unidentified Military Forces) and government security forces (SNA) launched an airstrike against Al Shabaab position in Ruun-Idiris area near Cadale town (Cadale, Middle Shabelle). Casualties unknown.",0,,1774318961
SOM55207,01-February-2026,2026,1,Political violence,Battles,Armed clash,Military Forces of Somalia (2022-) Puntland Dervish Force,,1,Islamic State Somalia Province,,2,12,,706,Eastern Africa,Somalia,Bari,Qandala,,Dasaan,11.1703,49.8239,1,REDACTED IN SAMPLE,REDACTED IN SAMPLE,"On 1 February 2026, Puntland Dervish Force clashed with Islamic State Somalia Province in Dasaan village (Qandala, Bari). There were no casualties.",0,,1774318961
SOM55208,01-February-2026,2026,1,Political violence,Battles,Armed clash,Military Forces of Somalia (2022-) Puntland Dervish Force,,1,Islamic State Somalia Province,,2,12,,706,Eastern Africa,Somalia,Bari,Qandala,,Dhaadaar,11.128,49.8755,2,REDACTED IN SAMPLE,REDACTED IN SAMPLE,"On 1 February 2026, Puntland Dervish Force clashed with Islamic State Somalia Province near Dhaadaar village (Qandala, Bari). There were no casualties.",0,,1774318961
SOM55209,01-February-2026,2026,1,Political violence,Battles,Armed clash,Military Forces of Somalia (2022-),Hawiye-Hawadle Sub-Clan Militia (Somalia),1,Al Shabaab,,2,12,,706,Eastern Africa,Somalia,Hiraan,Bulo Burto,,Gumare,4.0521,45.7383,1,REDACTED IN SAMPLE,REDACTED IN SAMPLE,"On 1 February 2026, government security forces (SNA) and Hawiye-Hawadle sub-clan militia clashed with Al Shabaab in Gumare village (Bulo Burto, Hiraan). There were no casualties.",0,,1774318961
SOM55210,01-February-2026,2026,1,Political violence,Violence against civilians,Abduction/forced disappearance,Al Shabaab,,2,Civilians (Somalia),Hawiye-Hawadle Sub-Clan Group (Somalia); Pastoralists (Somalia),7,27,Civilian targeting,706,Eastern Africa,Somalia,Hiraan,Bulo Burto,,Gumare,4.0521,45.7383,1,REDACTED IN SAMPLE,REDACTED IN SAMPLE,"On 1 February 2026, Al Shabaab assaulted a civilian pastoralist from Hawiye-Hawadle sub-clan in Gumare village (Bulo Burto, Hiraan). The victim was accused of spying for the government forces (SNA) and the Hawiye-Hawadle sub-clan.",0,,1774318961
SOM55211,01-February-2026,2026,1,Political violence,Explosions/Remote violence,Air/drone strike,Unidentified Military Forces,,8,Al Shabaab,,2,28,,706,Eastern Africa,Somalia,Middle Juba,Jilib,,Haramka,0.6285,43.1746,1,REDACTED IN SAMPLE,REDACTED IN SAMPLE,"On 1 February 2026, international forces (coded as Unidentified Military Forces) launched an airstrike against Al Shabaab position in Haramka village (Jilib, Middle Juba). Casualties unknown.",0,,1774318961
SOM55212,01-February-2026,2026,1,Political violence,Explosions/Remote violence,Air/drone strike,Unidentified Military Forces,,8,Al Shabaab,,2,28,,706,Eastern Africa,Somalia,Middle Juba,Jilib,,Kunyo Barrow,0.8014,43.3837,1,REDACTED IN SAMPLE,REDACTED IN SAMPLE,"On 1 February 2026, international forces (coded as Unidentified Military Forces) launched an airstrike against Al Shabaab position in Kunyo Barrow village (Jilib, Middle Juba). Casualties unknown.",0,,1774318961
SOM55213,01-February-2026,2026,1,Political violence,Explosions/Remote violence,Air/drone strike,Unidentified Military Forces,Military Forces of Somalia (2022-),8,Al Shabaab,,2,28,,706,Eastern Africa,Somalia,Middle Shabelle,Cadale,,Masjid Cali Gaduud,3.1808,46.4354,2,REDACTED IN SAMPLE,REDACTED IN SAMPLE,"On 1 February 2026, international forces (coded as Unidentified Military Forces) and government security forces (SNA) launched an airstrike against Al Shabaab position in Geedi Xeer area near Masjid Cali Gaduud village (Cadale, Middle Shabelle). More than 10 fighters, including the senior finance member, were killed.",10,,1774318961
SOM55214,01-February-2026,2026,1,Strategic developments,Strategic developments,Change to group/activity,Islamic State Somalia Province,,2,,,0,20,,706,Eastern Africa,Somalia,Bari,Qandala,,Talal,10.9921,50.0566,2,REDACTED IN SAMPLE,REDACTED IN SAMPLE,"Movement of forces: On 1 February 2026, Islamic State Somalia Province arrived and regrouped near Talal village (Qandala, Bari).",0,,1774318961
SOM55284,01-February-2026,2026,1,Political violence,Violence against civilians,Attack,Police Forces of Somalia (2022-),,1,Civilians (Somalia),Government of Somalia (2022-),7,17,Civilian targeting,706,Eastern Africa,Somalia,Banadir,Banadir,,Mogadishu - Waaberi,2.0195,45.31,1,REDACTED IN SAMPLE,REDACTED IN SAMPLE,"On 1 February 2026, police assaulted and injured three members of federal parliament at the lower house of the representative building in Vila Hargeysa in Mogadishu - Waaberi (Banadir). The motive was due to a dispute over the amendment of the constitution. Extent of injuries unknown.",0,,1774318961
SOM55285,01-February-2026,2026,1,Political violence,Battles,Armed clash,Military Forces of Somalia (2022-) Special Forces,,1,Al Shabaab,,2,12,,706,Eastern Africa,Somalia,Hiraan,Bulo Burto,,Aborey,4.0104,45.6813,1,REDACTED IN SAMPLE,REDACTED IN SAMPLE,"On 1 February 2026, government security forces (Gorgor) clashed with Al Shabaab in the vicinity of Aborey village (Bulo Burto, Hiraan). Several Al Shabaab members were killed and injured, including senior members. Unspecified number of fatalities coded as 3.",3,,1774318961
SOM55291,01-February-2026,2026,1,Demonstrations,Protests,Peaceful protest,Protesters (Somalia),Women (Somalia),6,,,0,60,,706,Eastern Africa,Somalia,Hiraan,Belet Weyne,,Belet Weyne,4.736,45.2043,1,REDACTED IN SAMPLE,REDACTED IN SAMPLE,"On 1 February 2026, a small group of women protested in Nurhawad neighborhood in Belet Weyne town (Belet Weyne, Hiraan) against the rape of a young female by a group of young men, including two SNA soldiers, in the Bunda Aroos (coded separately).",0,crowd size=small,1774318961
SOM55292,01-February-2026,2026,1,Political violence,Battles,Armed clash,Al Shabaab,,2,Military Forces of Somalia (2022-),,1,12,,706,Eastern Africa,Somalia,Bay,Baydhaba,,Burjeedka,3.0246,43.5948,1,REDACTED IN SAMPLE,REDACTED IN SAMPLE,"On 1 February 2026, Al Shabaab clashed with government security forces (SNA) at a base in Burjeedka village (Baydhaba, Bay). There were no casualties. Al Shabaab claimed responsibility.",0,,1774318961
SOM55295,01-February-2026,2026,1,Political violence,Battles,Armed clash,Military Forces of Somalia (2022-) Galmudug Security Force,Hawiye-Habar Gedir Sub-Clan Militia (Somalia),1,Al Shabaab,,2,12,,706,Eastern Africa,Somalia,Galgaduud,Ceel Buur,,Ceel Qoxle,4.8497,46.5215,1,REDACTED IN SAMPLE,REDACTED IN SAMPLE,"On 1 February 2026, Galmudug security forces and Hawiye-Habar Gedir sub-clan militia clashed with Al Shabaab in the vicinity of Ceel Qoxle village (Ceel Buur, Galgaduud). More than 10 militants were killed.",10,,1774318961
SOM55296,01-February-2026,2026,1,Political violence,Battles,Armed clash,Dir-Gadabuursi Bahabarmuse Sub-Clan Militia (Somalia),,4,Dir-Issa Mamasaan Sub-Clan Militia (Somalia),,4,44,,706,Eastern Africa,Somalia,Woqooyi Galbeed,Gebiley,,Damasha,10.1578,43.8349,1,REDACTED IN SAMPLE,REDACTED IN SAMPLE,"On 1 February 2026, Dir-Gadabuursi Bahabarmuse and Dir-Issa Mamasaan sub-clan militia clashed in Damasha village (Woqooyi Galbeed, Gebiley) and Osoli (coded separately). The motive was due to land dispute. More than 20 people were killed and 11 - 20 others were injured. 20 fatalities split across 2 events and coded as 10 for this event.",10,,1774318961
SOM55297,01-February-2026,2026,1,Political violence,Explosions/Remote violence,Remote explosive/landmine/IED,Al Shabaab,,2,Civilians (Somalia),,7,27,Civilian targeting,706,Eastern Africa,Somalia,Lower Juba,Afmadow,,Dhesheeg Waamo,-0.0011,42.4636,1,REDACTED IN SAMPLE,REDACTED IN SAMPLE,"On 1 February 2026, an IED planted by Al Shabaab exploded, targeted a civilian vehicle transporting water to drought-affected communities in Dhesheeg Waamo village (Afmadow, Lower Juba). 1 person was killed and 2 others were injured.",1,,1774318961
SOM55298,01-February-2026,2026,1,Political violence,Violence against civilians,Attack,Military Forces of Somalia (2022-) Special Forces,,1,Civilians (Somalia),,7,17,Civilian targeting,706,Eastern Africa,Somalia,Nugaal,Garoowe,,Garowe,8.4064,48.4819,1,REDACTED IN SAMPLE,REDACTED IN SAMPLE,"On 1 February 2026, a government soldier (Danab) shot and killed a civilian at the Waaberi neighborhood in Garowe town (Garoowe, Nugaal). The motive of the attack is unknown.",1,,1774318961
SOM55299,01-February-2026,2026,1,Political violence,Explosions/Remote violence,Remote explosive/landmine/IED,Al Shabaab,,2,Military Forces of Somalia (2022-),,1,12,,706,Eastern Africa,Somalia,Lower Shabelle,Marka,,Gendershe,1.8342,44.9667,2,REDACTED IN SAMPLE,REDACTED IN SAMPLE,"On 1 February 2026, an IED planted by Al Shabaab exploded, targeting a government security forces (SNA) convoy traveling between Dhanaane and Gendershe village (Marka, Lower Shabelle). Al Shabaab claimed to have killed 7 soldiers and 7 others were injured.",7,,1774318961
SOM55300,01-February-2026,2026,1,Political violence,Battles,Armed clash,Police Forces of Somalia (2022-) Southwest Special Police Forces,,1,Al Shabaab,,2,12,,706,Eastern Africa,Somalia,Bay,Baydhaba,,Kurtun,3.0337,43.2156,2,REDACTED IN SAMPLE,REDACTED IN SAMPLE,"On 1 February 2026, Southwest Special Police Forces (SWSPF) clashed with Al Shabaab near Kurtun village (Baydhaba, Bay). There were no casualties.",0,,1774318961
SOM55304,01-February-2026,2026,1,Political violence,Battles,Armed clash,Dir-Gadabuursi Bahabarmuse Sub-Clan Militia (Somalia),,4,Dir-Issa Mamasaan Sub-Clan Militia (Somalia),,4,44,,706,Eastern Africa,Somalia,Awdal,Baki,,Osoli,10.4376,43.7054,1,REDACTED IN SAMPLE,REDACTED IN SAMPLE,"On 1 February 2026, Dir-Gadabuursi Bahabarmuse and Dir-Issa Mamasaan sub-clan militia clashed in Osoli village (Baki, Awdal) and Damasha (coded separately). The motive was due to a land dispute. More than 20 people were killed, and 11 - 20 others were injured. 20 fatalities split across 2 events and coded as 10 for this event.",10,,1774318961
SOM55306,01-February-2026,2026,1,Political violence,Battles,Armed clash,Military Forces of Somalia (2022-),,1,Al Shabaab,,2,12,,706,Eastern Africa,Somalia,Middle Shabelle,Balcad,,Warshiikh,2.2983,45.798,2,REDACTED IN SAMPLE,REDACTED IN SAMPLE,"On 1 February 2026, government security forces (SNA) clashed with Al Shabaab at a base in Jabad Godane village near Warshiikh village (Balcad, Middle Shabelle). Casualties unknown.",0,,1774318961
SOM55327,01-February-2026,2026,1,Political violence,Battles,Armed clash,Dir-Gadabuursi Bahabarmuse Sub-Clan Militia (Somalia),,4,Dir-Issa Mamasaan Sub-Clan Militia (Somalia),,4,44,,706,Eastern Africa,Somalia,Awdal,Lughaye,,Geerisa,10.6035,43.4336,1,REDACTED IN SAMPLE,REDACTED IN SAMPLE,"On 1 February 2026, Dir-Gadabuursi Bahabarmuse and Dir-Issa Mamasaan sub-clan militia clashed in Geerisa village (Lughaye, Awdal). The motive was due to land dispute. There were no casualties.",0,,1774318961
SOM55215,02-February-2026,2026,1,Political violence,Battles,Armed clash,Police Forces of Somalia (2022-) Southwest Special Police Forces,,1,Police Forces of Somalia (2022-) Southwest Special Police Forces,,1,11,,706,Eastern Africa,Somalia,Bay,Baydhaba,,Aawdiinle,3.1706,43.4099,1,REDACTED IN SAMPLE,REDACTED IN SAMPLE,"On 2 February 2026, two groups of Southwest forces clashed on the outskirts of Aawdiinle village (Baydhaba, Bay) over a checkpoint dispute. Casualties unknown.",0,,1774318961
SOM55216,02-February-2026,2026,1,Political violence,Violence against civilians,Attack,Al Shabaab,,2,Civilians (Somalia),Military Forces of Somalia (2022-),7,27,Civilian targeting,706,Eastern Africa,Somalia,Middle Juba,Bu'aale,,Arabow,1.4518,42.9518,1,REDACTED IN SAMPLE,REDACTED IN SAMPLE,"On 2 February 2026, Al Shabaab shot and killed two civilians in the forested area of Arabow village (Bu'aale, Middle Juba) after accusing them of spying for government forces (SNA).",2,,1774318961
SOM55217,02-February-2026,2026,1,Political violence,Explosions/Remote violence,Grenade,Al Shabaab,,2,Military Forces of Somalia (2022-) National Intelligence and Security Agency,,1,12,,706,Eastern Africa,Somalia,Bay,Baydhaba,,Baidoa,3.1172,43.6469,1,REDACTED IN SAMPLE,REDACTED IN SAMPLE,"On 2 February 2026, Al Shabaab threw a hand grenade targeting government security forces (NISA) at a checkpoint in the Berdaale neighborhood of Baidoa town (Baydhaba, Bay). Casualties unknown. Al Shabaab claimed responsibility.",0,,1774318961
SOM55218,02-February-2026,2026,1,Political violence,Explosions/Remote violence,Shelling/artillery/missile attack,Al Shabaab,,2,Civilians (Somalia),,7,27,Civilian targeting,706,Eastern Africa,Somalia,Middle Shabelle,Balcad,,Balcad,2.3468,45.3902,1,REDACTED IN SAMPLE,REDACTED IN SAMPLE,"On 2 February 2026, Al Shabaab fired mortar shells which landed in civilian houses in the Ceel Geeloow neighborhood in Balcad town (Balcad, Middle Shabelle). 2 children were injured.",0,,1774318961
SOM55219,02-February-2026,2026,1,Political violence,Battles,Armed clash,Al Shabaab,,2,Military Forces of Somalia (2022-),,1,12,,706,Eastern Africa,Somalia,Lower Shabelle,Marka,,Buulo Nagaad,1.8494,44.8461,1,REDACTED IN SAMPLE,REDACTED IN SAMPLE,"On 2 February 2026, Al Shabaab clashed with government security forces (SNA) at a base in Buulo Nagaad village (Marka, Lower Shabelle). There were no casualties.",0,,1774318961
SOM55220,02-February-2026,2026,1,Political violence,Battles,Armed clash,Al Shabaab,,2,Military Forces of Somalia (2022-),,1,12,,706,Eastern Africa,Somalia,Lower Shabelle,Marka,,Danow,1.7317,44.6253,1,REDACTED IN SAMPLE,REDACTED IN SAMPLE,"On 2 February 2026, Al Shabaab clashed with government security forces (SNA) at a base in Danow village (Marka, Lower Shabelle). There were no casualties.",0,,1774318961
SOM55221,02-February-2026,2026,1,Political violence,Violence against civilians,Abduction/forced disappearance,Al Shabaab,,2,Civilians (Somalia),Pastoralists (Somalia),7,27,Civilian targeting,706,Eastern Africa,Somalia,Lower Juba,Afmadow,,Dhobley,0.4063,41.0124,2,REDACTED IN SAMPLE,REDACTED IN SAMPLE,"On 2 February 2026, Al Shabaab abducted a civilian and looted 10 camels in Jarso village near Dhobley town (Afmadow, Lower Juba). The militants accused the victim of non-payment of Zakat, and he was transferred to Galef village.",0,,1774318961
SOM55222,02-February-2026,2026,1,Political violence,Battles,Armed clash,Hawiye-Gaaljecel Sub-Clan Militia (Somalia),,4,Rahanweyn-Digil-Shanta Caleemo Clan Militia (Somalia),,4,44,,706,Eastern Africa,Somalia,Lower Shabelle,Wanla Weyn,,Dudumay,2.5777,44.7963,2,REDACTED IN SAMPLE,REDACTED IN SAMPLE,"On 2 February 2026, Hawiye Galjacel clan militia clashed with Rahanweyn Digil-Shanta Caleemo clan militia near Dudumay village (Wanla Weyn, Lower Shabelle). More than 2 people were killed.",2,,1774318961
SOM55223,02-February-2026,2026,1,Political violence,Battles,Armed clash,Al Shabaab,,2,Military Forces of Somalia (2022-),,1,12,,706,Eastern Africa,Somalia,Lower Shabelle,Afgooye,,Garas Bandiiro,2.359,45.032,2,REDACTED IN SAMPLE,REDACTED IN SAMPLE,"On 2 February 2026, Al Shabaab clashed with government security forces (SNA) convoy traveling from Afgooye toward Wanlaweyne near Garas Bandiiro village (Afgooye, Lower Shabelle). There were no casualties.",0,,1774318961
SOM55224,02-February-2026,2026,1,Strategic developments,Strategic developments,Agreement,Al Shabaab,,2,Unidentified Clan Militia (Somalia),,4,24,,706,Eastern Africa,Somalia,Lower Shabelle,Kurtunwaarey,,Kurtunwaarey,1.6104,44.3329,1,REDACTED IN SAMPLE,REDACTED IN SAMPLE,"On 2 February 2026, Al Shabaab held meetings and reached an agreement with unidentified clan militia and elders in Kurtunwaarey town (Kurtunwaarey, Lower Shabelle). The clan handed over nine youths as part of the agreement.",0,,1774318961
SOM55225,02-February-2026,2026,1,Political violence,Battles,Armed clash,Police Forces of Somalia (2022-),,1,Police Forces of Somalia (2022-),,1,11,,706,Eastern Africa,Somalia,Banadir,Banadir,,Mogadishu - Wadajir,2.0462,45.3341,1,REDACTED IN SAMPLE,REDACTED IN SAMPLE,"On 2 February 2026, a police officer shot and killed a fellow police officer (on duty) in the vicinity of Wadajir Police Station in Mogadishu - Wadajir (Banadir). The deceased officer refused to comply with the shooter's orders.",1,,1774318961
SOM55226,02-February-2026,2026,1,Strategic developments,Strategic developments,Change to group/activity,Islamic State Somalia Province,,2,,,0,20,,706,Eastern Africa,Somalia,Bari,Qandala,,Qandala,11.471,49.8726,2,REDACTED IN SAMPLE,REDACTED IN SAMPLE,"Movement of forces: On 2 February 2026, Islamic State Somalia Province arrived in the Ceelka Marmarka area near Qandala town (Qandala, Bari).",0,,1774318961
SOM55227,02-February-2026,2026,1,Political violence,Battles,Armed clash,Islamic State Somalia Province,,2,Darod-Majeerteen Sub-Clan Militia (Somalia),,4,24,,706,Eastern Africa,Somalia,Bari,Qandala,,Qandala,11.471,49.8726,2,REDACTED IN SAMPLE,REDACTED IN SAMPLE,"On 2 February 2026, Islamic State Somalia Province clashed with Darod-Majeerteen sub-clan militia near Qandala town (Qandala, Bari). The IS militants attempted to loot animals. 2 people were injured.",0,,1774318961
SOM55228,02-February-2026,2026,1,Political violence,Battles,Armed clash,Al Shabaab,,2,Military Forces of Somalia (2022-),,1,12,,706,Eastern Africa,Somalia,Lower Shabelle,Marka,,Shalaambood,1.7087,44.6961,1,REDACTED IN SAMPLE,REDACTED IN SAMPLE,"On 2 February 2026, Al Shabaab clashed with government security forces (SNA) at a base in Shalaambood village (Marka, Lower Shabelle). There were no casualties.",0,,1774318961
SOM55229,02-February-2026,2026,1,Political violence,Violence against civilians,Attack,Hawiye-Murusade Sub-Clan Militia (Somalia),,4,Civilians (Somalia),Hawiye-Habar Gedir-Ayr Sub-Clan Militia (Somalia); Pastoralists (Somalia),7,47,Civilian targeting,706,Eastern Africa,Somalia,Galgaduud,Ceel Buur,,Warxoolo,4.6333,46.1792,1,REDACTED IN SAMPLE,REDACTED IN SAMPLE,"On 2 February 2026, Hawiye-Murusade sub-clan militia ambushed pastoralists from Hawiye-Habar Gedir-Ayr sub-clan in the outskirts of Warxoolo village (Ceel Buur, Galgaduud). The motive was due to land disputes and clan revenge. 2 people were killed, and 2 others were injured.",2,,1774318961
SOM55230,02-February-2026,2026,1,Strategic developments,Strategic developments,Change to group/activity,Al Shabaab,,2,,,0,20,,706,Eastern Africa,Somalia,Middle Shabelle,Adan Yabaal,,Xararey,3.811,46.44,1,REDACTED IN SAMPLE,REDACTED IN SAMPLE,"Movement of forces: On 2 February 2026, over 500 Al Shabaab were deployed on the outskirts of Xararey village (Adan Yabaal, Middle Shabelle).",0,,1774318961
SOM55231,03-February-2026,2026,1,Political violence,Explosions/Remote violence,Air/drone strike,Unidentified Military Forces,Military Forces of Somalia (2022-),8,Al Shabaab,,2,28,,706,Eastern Africa,Somalia,Middle Shabelle,Adan Yabaal,,Adan Yabaal,3.7742,46.2499,2,REDACTED IN SAMPLE,REDACTED IN SAMPLE,"On 3 February 2026, international forces (coded as Unidentified Military Forces) and government security forces (SNA) launched an airstrike against Al Shabaab position in Qaahira village near Adan Yabaal town (Adan Yabaal, Middle Shabelle). 7 Al Shabaab were killed, including 4 senior members.",7,,1774318961
SOM55232,03-February-2026,2026,1,Political violence,Battles,Armed clash,Military Forces of Somalia (2022-) Puntland Dervish Force,,1,Islamic State Somalia Province,,2,12,,706,Eastern Africa,Somalia,Bari,Bossaso,,Bosaso,11.2842,49.1816,2,REDACTED IN SAMPLE,REDACTED IN SAMPLE,"On 3 February 2026, Puntland Dervish Force clashed with Islamic State Somalia Province in Daryeel area near Bosaso town (Bossaso, Bari). There were no casualties.",0,,1774318961
SOM55233,03-February-2026,2026,1,Political violence,Violence against civilians,Abduction/forced disappearance,Al Shabaab,,2,Civilians (Somalia),,7,27,Civilian targeting,706,Eastern Africa,Somalia,Lower Juba,Badhaadhe,,Buur Gaabo,-1.2201,41.8363,2,REDACTED IN SAMPLE,REDACTED IN SAMPLE,"On 3 February 2026, Al Shabaab abducted a group of civilians who were harvesting honey in the Raama Carabi area, near Buur Gaabo village (Badhaadhe, Lower Juba). They were released after two nights in custody.",0,,1774318961
SOM55234,03-February-2026,2026,1,Strategic developments,Strategic developments,Change to group/activity,Al Shabaab,,2,,,0,20,,706,Eastern Africa,Somalia,Lower Juba,Badhaadhe,,Buur Gaabo,-1.2201,41.8363,2,REDACTED IN SAMPLE,REDACTED IN SAMPLE,"Movement of forces: On 3 February 2026, about 60 Al Shabaab arrived at a local water point in the Raama Carabi area, near Buur Gaabo village (Badhaadhe, Lower Juba). The area serves as a primary base for Al Shabaab movements in the region.",0,,1774318961
SOM55235,03-February-2026,2026,1,Strategic developments,Strategic developments,Headquarters or base established,Islamic State Somalia Province,,2,,,0,20,,706,Eastern Africa,Somalia,Bari,Qandala,,Canjeel,10.9552,50.2778,1,REDACTED IN SAMPLE,REDACTED IN SAMPLE,"On 3 February 2026, Islamic State Somalia Province established a checkpoint and base in the Ceelka Canjeel village (Qandala, Bari).",0,,1774318961
SOM55236,03-February-2026,2026,1,Political violence,Battles,Armed clash,Hawiye-Habar Gedir-Ayr Sub-Clan Militia (Somalia),,4,Hawiye-Habar Gedir-Duduble Sub-Clan Militia (Somalia),,4,44,,706,Eastern Africa,Somalia,Galgaduud,Ceel Buur,,Ceel Buur,4.6815,46.6234,2,REDACTED IN SAMPLE,REDACTED IN SAMPLE,"On 3 February 2026, Hawiye-Habar Gedir-Ayr and Duduble sub-clan militia clashed on the outskirts of Biyo-cadde village near Ceel Buur town (Ceel Buur, Galgaduud). The motive was due to land disputes and clan revenge. 3 people were injured.",0,,1774318961
SOM55237,03-February-2026,2026,1,Political violence; Demonstrations,Protests,Excessive force against protesters,Protesters (Somalia),,6,Police Forces of Somalia (2022-),,1,16,Civilian targeting,706,Eastern Africa,Somalia,Banadir,Banadir,,Mogadishu - Heliwa,2.0844,45.39,1,REDACTED IN SAMPLE,REDACTED IN SAMPLE,"On 3 February 2026, residents protested in Mogadishu - Heliwa (Banadir) against the forced eviction by the government. The police from the Banadir Region, accompanied by tractors, attempted to demolish houses in the area. The police fired live bullets at the crowd. 2 civilian bystanders were injured.",0,crowd size=no report,1774318961
SOM55238,03-February-2026,2026,1,Political violence,Battles,Armed clash,Dir-Gadabuursi Bahabarmuse Sub-Clan Militia (Somalia),,4,Dir-Issa Mamasaan Sub-Clan Militia (Somalia),,4,44,,706,Eastern Africa,Somalia,Awdal,Baki,,Osoli,10.4376,43.7054,1,REDACTED IN SAMPLE,REDACTED IN SAMPLE,"On 3 February 2026, Dir-Gadabuursi Bahabarmuse and Dir-Issa Mamasaan sub-clan militia clashed in Osoli village (Baki, Awdal). There were no casualties.",0,,1774318961
SOM55239,03-February-2026,2026,1,Political violence,Battles,Armed clash,Military Forces of Somalia (2022-) Puntland Dervish Force,,1,Islamic State Somalia Province,,2,12,,706,Eastern Africa,Somalia,Bari,Bossaso,,Xabley,10.723,49.4906,2,REDACTED IN SAMPLE,REDACTED IN SAMPLE,"On 3 February 2026, Puntland Dervish Force clashed with Islamic State Somalia Province in Dul area near Xabley village (Bossaso, Bari). There were no casualties.",0,,1776191110
SOM55240,03-February-2026,2026,1,Political violence,Violence against civilians,Abduction/forced disappearance,Al Shabaab,,2,Civilians (Somalia),Labor Group (Somalia),7,27,Civilian targeting,706,Eastern Africa,Somalia,Lower Juba,Afmadow,,Xayo,0.4343,41.8145,2,REDACTED IN SAMPLE,REDACTED IN SAMPLE,"On 3 February 2026, Al Shabaab abducted 3 civilians, 2 men and 1 woman, for transporting khat (miraa) while traveling in a Toyota Succeed along the Dhobley-Afmadow route, near Xayo village (Afmadow, Lower Juba).",0,,1774318961
SOM55328,03-February-2026,2026,1,Political violence,Explosions/Remote violence,Air/drone strike,Military Forces of the United States (2025-),,8,Islamic State Somalia Province,,2,28,,706,Eastern Africa,Somalia,Bari,Qandala,,Buuraha Cali Miskat,10.8548,49.7434,2,REDACTED IN SAMPLE,REDACTED IN SAMPLE,"On 3 February 2026, US forces conducted airstrikes targeting Islamic State Somalia Province position in the vicinity of the Golis Mountains, approximately 41 km southeast of Bossaso, near Buuraha Cali Miskat (Qandala, Bari). Casualties unknown.",0,,1776191110
SOM55241,04-February-2026,2026,1,Strategic developments,Strategic developments,Change to group/activity,Al Shabaab,,2,,,0,20,,706,Eastern Africa,Somalia,Middle Shabelle,Adan Yabaal,,Adan Yabaal,3.7742,46.2499,1,REDACTED IN SAMPLE,REDACTED IN SAMPLE,"Movement of forces: On 4 February 2026, Al Shabaab arrived in the vicinity of Adan Yabaal town (Adan Yabaal, Middle Shabelle), with several fighters armed with RPGs.",0,,1774318961
SOM55242,04-February-2026,2026,1,Political violence,Battles,Armed clash,Unidentified Armed Group (Somalia),,3,Military Forces of Somalia (2022-),Police Forces of Somalia (2022-) Southwest Special Police Forces,1,13,,706,Eastern Africa,Somalia,Bay,Baydhaba,,Baidoa,3.1172,43.6469,1,REDACTED IN SAMPLE,REDACTED IN SAMPLE,"On 4 February 2026, an unidentified armed group supported by the opposition members clashed with government soldiers (SNA) and Southwest Special Police Forces (SWSPF) at the animal market in Baidoa town (Baydhaba, Bay). The motive was due to a land dispute between the land occupants and the Baidoa municipality. At least 6 people, including civilians, were killed, and 12 others were injured.",6,,1774318961
SOM55243,04-February-2026,2026,1,Political violence,Violence against civilians,Attack,Al Shabaab,,2,Civilians (Somalia),,7,27,Civilian targeting,706,Eastern Africa,Somalia,Galgaduud,Ceel Buur,,Ceel Buur,4.6815,46.6234,2,REDACTED IN SAMPLE,REDACTED IN SAMPLE,"On 4 February 2026, Al Shabaab assaulted two civilians in Gal-Hariiri village near Ceel Buur town (Ceel Buur, Galgaduud). Extent of injuries unknown.",0,,1774318961
SOM55244,04-February-2026,2026,1,Political violence,Violence against civilians,Attack,Al Shabaab,,2,Civilians (Somalia),Labor Group (Somalia),7,27,Civilian targeting,706,Eastern Africa,Somalia,Gedo,Garbahaarey,,Ceel Cadde,3.0359,41.8674,1,REDACTED IN SAMPLE,REDACTED IN SAMPLE,"On 4 February 2026, Al Shabaab injured a trader in Ceel Cadde village (Garbahaarey, Gedo). The civilian failed to carry goods belonging to a senior Al Shabaab commander. Extent of injuries unknown.",0,,1774318961
SOM55245,04-February-2026,2026,1,Political violence,Explosions/Remote violence,Remote explosive/landmine/IED,Islamic State Somalia Province,,2,Military Forces of Somalia (2022-) Puntland Dervish Force,,1,12,,706,Eastern Africa,Somalia,Bari,Qandala,,Dandamale,10.9953,50.0027,2,REDACTED IN SAMPLE,REDACTED IN SAMPLE,"On 4 February 2026, an IED planted by an unidentified armed group (likely Islamic State Somalia Province due to similar attacks) exploded, targeting Puntland dervish forces near Dandamale village (Qandala, Bari). Soldiers were injured. Extent of injuries unknown.",0,,1774318961
SOM55246,04-February-2026,2026,1,Political violence,Explosions/Remote violence,Remote explosive/landmine/IED,Al Shabaab,,2,AUSSOM: Africa Union Support and Stabilisation Mission in Somalia (2025-) (Uganda),,8,28,,706,Eastern Africa,Somalia,Lower Shabelle,Marka,,Danow,1.7317,44.6253,2,REDACTED IN SAMPLE,REDACTED IN SAMPLE,"On 4 February 2026, 2 remote-controlled IEDs planted by Al Shabaab exploded, targeting AUSSOM UPDF troops on foot patrol between Shalaambood and Danow village (Marka, Lower Shabelle). Casualties unknown. Al Shabaab claimed responsibility.",0,,1774318961
SOM55247,04-February-2026,2026,1,Political violence,Battles,Armed clash,Al Shabaab,,2,Military Forces of Somalia (2022-),,1,12,,706,Eastern Africa,Somalia,Bay,Diinsoor,,Diinsoor,2.4074,42.9766,1,REDACTED IN SAMPLE,REDACTED IN SAMPLE,"On 4 February 2026, Al Shabaab clashed with government security forces (SNA) at the edge of Diinsoor town (Diinsoor, Bay). Al Shabaab claimed to have killed at least 4 soldiers and injured 3 others.",4,,1774318961
SOM55248,04-February-2026,2026,1,Political violence,Explosions/Remote violence,Remote explosive/landmine/IED,Al Shabaab,,2,Military Forces of Somalia (2022-),,1,12,,706,Eastern Africa,Somalia,Bay,Diinsoor,,Diinsoor,2.4074,42.9766,1,REDACTED IN SAMPLE,REDACTED IN SAMPLE,"On 4 February 2026, an IED planted by Al Shabaab exploded, targeting government security forces (SNA) convoy in the vicinity of Diinsoor town (Diinsoor, Bay). Casualties unknown. Al Shabaab claimed responsibility.",0,,1774318961
SOM55249,04-February-2026,2026,1,Political violence,Battles,Armed clash,Al Shabaab,,2,Military Forces of Somalia (2022-),,1,12,,706,Eastern Africa,Somalia,Banadir,Banadir,,Mogadishu - Garasbaaley,2.0611,45.2589,1,REDACTED IN SAMPLE,REDACTED IN SAMPLE,"On 4 February 2026, Al Shabaab clashed with government security forces (SNA) at a checkpoint in the vicinity of Weydow neighborhood in Mogadishu - Garasbaaley (Banadir) after the militants threw a hand grenade. There were no casualties.",0,,1774318961
SOM55250,04-February-2026,2026,1,Political violence,Battles,Armed clash,Al Shabaab,,2,Police Forces of Somalia (2022-) Southwest Special Police Forces,,1,12,,706,Eastern Africa,Somalia,Bay,Qansax Dheere,,Qansax Dheere,2.8712,43.0043,1,REDACTED IN SAMPLE,REDACTED IN SAMPLE,"On 4 February 2026, Al Shabaab clashed with Southwest Special Police Forces (SWSPF) at a checkpoint in the animal market in Qansax Dheere town (Qansax Dheere, Bay). There were no casualties.",0,,1774318961
SOM55251,04-February-2026,2026,1,Political violence,Violence against civilians,Attack,Darod-Dhulbahante Sub-Clan Militia (Somalia),,4,Civilians (Somalia),Isaaq-Habar Jeclo Sub-Clan Group (Somalia); Pastoralists (Somalia),7,47,Civilian targeting,706,Eastern Africa,Somalia,Togdheer,Buuhoodle,,Qoorlugud,8.5533,46.2256,2,REDACTED IN SAMPLE,REDACTED IN SAMPLE,"On 4 February 2026, Darod Dhulbahante clan militia attacked pastoralists from the Isaaq-Habar Jeclo clan at a water point near Qoorlugud village (Buuhoodle, Togdheer). Casualties unknown.",0,,1774318961
SOM55252,04-February-2026,2026,1,Political violence,Battles,Armed clash,Darod-Dhulbahante Sub-Clan Militia (Somalia),,4,Isaaq-Habar Jeclo Sub-Clan Militia (Somalia),,4,44,,706,Eastern Africa,Somalia,Togdheer,Buuhoodle,,Qoorlugud,8.5533,46.2256,2,REDACTED IN SAMPLE,REDACTED IN SAMPLE,"On 4 February 2026, the Darod Dhulbahante clan militia and a Isaaq-Habar Jeclo militia clashed in the Shanta Geed area near Qoorlugud village (Buuhoodle, Togdheer). There were no casualties.",0,,1774318961
SOM55253,04-February-2026,2026,1,Political violence,Battles,Armed clash,Al Shabaab,,2,Police Forces of Somalia (2022-) Southwest Special Police Forces,,1,12,,706,Eastern Africa,Somalia,Bakool,Waajid,,Waajid,3.8096,43.2463,1,REDACTED IN SAMPLE,REDACTED IN SAMPLE,"On 4 February 2026, Al Shabaab clashed with Southwest Special Police Forces (SWSPF) at a checkpoint in the vicinity of Waajid town (Waajid, Bakool). Al Shabaab claimed to have killed 2 officers, and 1 other was injured.",2,,1774318961
SOM55254,05-February-2026,2026,1,Political violence,Battles,Armed clash,Unidentified Armed Group (Somalia),,3,Military Forces of Somalia (2022-),Police Forces of Somalia (2022-) Southwest Special Police Forces,1,13,,706,Eastern Africa,Somalia,Bay,Baydhaba,,Baidoa,3.1172,43.6469,1,REDACTED IN SAMPLE,REDACTED IN SAMPLE,"On 5 February 2026, an unidentified armed group supported by the opposition members clashed with government soldiers (SNA) and Southwest Special Police Forces (SWSPF) at the Onodka neighborhood in Baidoa town (Baydhaba, Bay). The motive was due to a land dispute between the land occupants and the Baidoa municipality. An unknown number of people were killed and wounded. An unspecified number of fatalities coded as 3.",3,,1774318961
SOM55255,05-February-2026,2026,1,Political violence,Explosions/Remote violence,Air/drone strike,Military Forces of Turkey (2016-),,8,Al Shabaab,,2,28,,706,Eastern Africa,Somalia,Middle Juba,Bu'aale,,Buaale,1.2448,42.5732,1,REDACTED IN SAMPLE,REDACTED IN SAMPLE,"On 5 February 2026, Turkish military forces conducted an airstrike targeting Al Shabaab training camp on the outskirts of Buaale town (Bu'aale, Middle Juba). Casualties unknown.",0,,1774318961
SOM55256,05-February-2026,2026,1,Political violence,Explosions/Remote violence,Air/drone strike,Military Forces of Turkey (2016-),,8,Al Shabaab,,2,28,,706,Eastern Africa,Somalia,Bay,Buur Hakaba,,Buulo Fulaay,2.1106,43.5233,1,REDACTED IN SAMPLE,REDACTED IN SAMPLE,"On 5 February 2026, Turkish military forces launched an airstrike against Al Shabaab in Buulo Fulaay village (Buur Hakaba, Bay). An unknown number of militants were killed and wounded. Unspecified number of fatalities coded as 3.",3,,1774318961
SOM55257,05-February-2026,2026,1,Political violence,Explosions/Remote violence,Air/drone strike,Unidentified Military Forces,,8,Islamic State Somalia Province,,2,28,,706,Eastern Africa,Somalia,Bari,Qandala,,Buuraha Cali Miskat,10.8548,49.7434,1,REDACTED IN SAMPLE,REDACTED IN SAMPLE,"On 5 February 2026, international forces (described as allied forces, coded as Unidentified Military Forces) conducted an airstrike targeting Islamic State Somalia Province in Buuraha Cali Miskat (Qandala, Bari). Casualties unknown.",0,,1776191110
SOM55258,05-February-2026,2026,1,Strategic developments,Strategic developments,Agreement,Al Shabaab,,2,Hawiye-Murusade Sub-Clan Militia (Somalia),,4,24,,706,Eastern Africa,Somalia,Galgaduud,Ceel Dheer,,Ceel Dheer,3.8491,47.1803,1,REDACTED IN SAMPLE,REDACTED IN SAMPLE,"On 5 February 2026, Al Shabaab reached an agreement with the Hawiye Murusade clan militia in Ceel Dheer town (Ceel Dheer, Galgaduud) to support the Shabaab amid the planned deployment of government security forces (SNA) in Hiiraan-Galgaduud.",0,,1774318961
SOM55259,05-February-2026,2026,1,Political violence,Battles,Armed clash,Military Forces of Somalia (2022-) Galmudug Security Force,,1,Al Shabaab,,2,12,,706,Eastern Africa,Somalia,Galgaduud,Dhuusamarreeb,,Ceel Garas,5.2053,46.5137,1,REDACTED IN SAMPLE,REDACTED IN SAMPLE,"On 5 February 2026, Galmudug security forces clashed with Al Shabaab in the vicinity of Ceel Garas village (Dhuusamarreeb, Galgaduud). There were no casualties.",0,,1774318961
SOM55260,05-February-2026,2026,1,Political violence,Battles,Armed clash,Military Forces of Somalia (2022-) Galmudug Security Force,,1,Al Shabaab,,2,12,,706,Eastern Africa,Somalia,Galgaduud,Dhuusamarreeb,,Ceel Lahelay,5.2324,46.4492,2,REDACTED IN SAMPLE,REDACTED IN SAMPLE,"On 5 February 2026, Galmudug security forces clashed with Al Shabaab near Ceel Lahelay village (Dhuusamarreeb, Galgaduud). There were no casualties.",0,,1774318961
SOM55261,05-February-2026,2026,1,Political violence,Battles,Armed clash,Military Forces of Somalia (2022-) Puntland Dervish Force,,1,Islamic State Somalia Province,,2,12,,706,Eastern Africa,Somalia,Bari,Qandala,,Daanyo,11.0771,50.1374,1,REDACTED IN SAMPLE,REDACTED IN SAMPLE,"On 5 February 2026, Puntland dervish forces clashed with Islamic State Somalia Province in Daanyo village (Qandala, Bari). There were no casualties.",0,,1776191110
SOM55262,05-February-2026,2026,1,Strategic developments,Strategic developments,Disrupted weapons use,Military Forces of Somalia (2022-) Puntland Dervish Force,,1,Islamic State Somalia Province,,2,12,,706,Eastern Africa,Somalia,Bari,Qandala,,Dhaadaar,11.128,49.8755,2,REDACTED IN SAMPLE,REDACTED IN SAMPLE,"Defusal: On 5 February 2026, Puntland dervish forces neutralized and destroyed several IEDs placed by Islamic State Somalia Province between Daanyo and Dhaadaar villages (Qandala, Bari).",0,,1774318961
SOM55263,05-February-2026,2026,1,Political violence,Battles,Armed clash,Military Forces of Somalia (2022-) Galmudug Security Force,,1,Al Shabaab,,2,12,,706,Eastern Africa,Somalia,Galgaduud,Dhuusamarreeb,,Dhaban-Dhulkuheys,5.2647,46.3977,1,REDACTED IN SAMPLE,REDACTED IN SAMPLE,"On 5 February 2026, Galmudug security forces clashed with Al Shabaab on the outskirts of Dhaban-Dhulkuheys village (Dhuusamarreeb, Galgaduud). There were no casualties.",0,,1776191110
SOM55264,05-February-2026,2026,1,Political violence,Explosions/Remote violence,Air/drone strike,Military Forces of Turkey (2016-),,8,Al Shabaab,,2,28,,706,Eastern Africa,Somalia,Middle Juba,Jilib,,Haramka,0.6285,43.1746,1,REDACTED IN SAMPLE,REDACTED IN SAMPLE,"On 5 February 2026, Turkish military forces conducted an airstrike targeting Al Shabaab in Haramka village (Jilib, Middle Juba). Casualties unknown.",0,,1774318961
SOM55265,05-February-2026,2026,1,Strategic developments,Strategic developments,Change to group/activity,Al Shabaab,,2,,,0,20,,706,Eastern Africa,Somalia,Lower Juba,Jamaame,,Jamaame,0.0692,42.7382,2,REDACTED IN SAMPLE,REDACTED IN SAMPLE,"Movement of forces: On 5 February 2026, Al Shabaab regrouped in Borini, Fikiro, and Taka Wuugo village near Jamaame town (Jamaame, Lower Juba). The fighters were armed with AK47, RPGs, and PKMs.",0,,1774318961
SOM55266,05-February-2026,2026,1,Political violence,Explosions/Remote violence,Air/drone strike,Military Forces of Turkey (2016-),,8,Al Shabaab,,2,28,,706,Eastern Africa,Somalia,Middle Juba,Jilib,,Jilib,0.4833,42.7666,1,REDACTED IN SAMPLE,REDACTED IN SAMPLE,"On 5 February 2026, Turkish military forces conducted an airstrike targeting Al Shabaab in Jilib town (Jilib, Middle Juba). Militants were gathering and holding meetings. An unknown number of soldiers were killed and wounded. Unspecified number of fatalities coded as 3.",3,,1774318961
SOM55267,05-February-2026,2026,1,Political violence,Violence against civilians,Abduction/forced disappearance,Al Shabaab,,2,Civilians (Somalia),,7,27,Civilian targeting,706,Eastern Africa,Somalia,Middle Juba,Jilib,,Jilib,0.4833,42.7666,1,REDACTED IN SAMPLE,REDACTED IN SAMPLE,"On 5 February 2026, Al Shabaab abducted two individuals in Hargeysa Yarey village in Jilib town (Jilib, Middle Juba).",0,,1774318961
SOM55268,05-February-2026,2026,1,Political violence,Violence against civilians,Attack,Al Shabaab,,2,Civilians (Somalia),Taxi Drivers (Somalia),7,27,Civilian targeting,706,Eastern Africa,Somalia,Lower Juba,Jamaame,,Kamsuuma,0.2494,42.7751,1,REDACTED IN SAMPLE,REDACTED IN SAMPLE,"On 5 February 2026, Al Shabaab beat and injured the Caasi driver in Kamsuma bridge village in Kamsuuma village (Jamaame, Lower Juba). Extent of injuries unknown.",0,,1774318961
SOM55269,05-February-2026,2026,1,Political violence,Battles,Armed clash,Al Shabaab,,2,Military Forces of Somalia (2022-) Jubaland Security Force,,1,12,,706,Eastern Africa,Somalia,Lower Juba,Kismaayo,,Kismayo,-0.3603,42.5463,1,REDACTED IN SAMPLE,REDACTED IN SAMPLE,"On 5 February 2026, Al Shabaab clashed with Jubaland security forces' water tracking convoy to Bilicsan in Wayyaama-Geeddoow area on the outskirts of Kismayo town (Kismaayo, Lower Juba). The fighters fired from a distance. There were no casualties.",0,,1774318961
SOM55270,05-February-2026,2026,1,Political violence,Riots,Mob violence,Rioters (Somalia),Vigilante Group (Somalia),5,Civilians (Somalia),,7,57,Civilian targeting,706,Eastern Africa,Somalia,Lower Juba,Kismaayo,,Kismayo,-0.3603,42.5463,1,REDACTED IN SAMPLE,REDACTED IN SAMPLE,"On 5 February 2026, a mob of locals beat and injured a youth part of a five-member youth gang at the Midnimo area in the new Kismaayo town in Kismayo town (Kismaayo, Lower Juba). They were handed over to the police in the area. Extent of injuries unknown. Another mob of locals beat and injured two youths at the Suuqa Yaree area in Kismayo town over theft accusations.",0,crowd size=no report,1774318961
SOM55271,05-February-2026,2026,1,Political violence,Explosions/Remote violence,Air/drone strike,Military Forces of Turkey (2016-),,8,Al Shabaab,,2,28,,706,Eastern Africa,Somalia,Middle Juba,Jilib,,Kunyo Barrow,0.8014,43.3837,1,REDACTED IN SAMPLE,REDACTED IN SAMPLE,"On 5 February 2026, Turkish military forces conducted an airstrike targeting Al Shabaab in Kunyo Barrow village (Jilib, Middle Juba). 7 Al Shabaab members were killed, including foreign fighters.",7,,1774318961
SOM55272,05-February-2026,2026,1,Strategic developments,Strategic developments,Change to group/activity,Al Shabaab,,2,,,0,20,,706,Eastern Africa,Somalia,Hiraan,Bulo Burto,,Maxaas,4.3934,46.0882,1,REDACTED IN SAMPLE,REDACTED IN SAMPLE,"Movement of forces: On 5 February 2026, Al Shabaab deployed several fighters in the vicinity of Maxaas town (Bulo Burto, Hiraan). The movement was linked to a planned deployment of government security special forces in Hiiraan region.",0,,1774318961
SOM55273,05-February-2026,2026,1,Strategic developments,Strategic developments,Change to group/activity,Al Shabaab,,2,,,0,20,,706,Eastern Africa,Somalia,Hiraan,Bulo Burto,,Moqokori,4.0625,46.1342,1,REDACTED IN SAMPLE,REDACTED IN SAMPLE,"Movement of forces: On 5 February 2026, Al Shabaab deployed several fighters in the vicinity of Moqokori village (Bulo Burto, Hiraan). The movement was linked to a planned deployment of government security special forces in Hiiraan region.",0,,1774318961
SOM55274,05-February-2026,2026,1,Political violence,Battles,Armed clash,Military Forces of Somalia (2022-) Puntland Dervish Force,,1,Islamic State Somalia Province,,2,12,,706,Eastern Africa,Somalia,Bari,Qandala,,Qandala,11.471,49.8726,1,REDACTED IN SAMPLE,REDACTED IN SAMPLE,"On 5 February 2026, Puntland dervish forces clashed with Islamic State Somalia Province in Qandala town (Qandala, Bari). There were no casualties.",0,,1774318961
SOM55275,05-February-2026,2026,1,Political violence,Explosions/Remote violence,Air/drone strike,Military Forces of Turkey (2016-),,8,Al Shabaab,,2,28,,706,Eastern Africa,Somalia,Lower Shabelle,Sablaale,,Sablaale,1.2495,43.8045,1,REDACTED IN SAMPLE,REDACTED IN SAMPLE,"On 5 February 2026, Turkish military forces launched an airstrike against Al Shabaab in Sablaale town (Sablaale, Lower Shabelle). An unknown number of militants were killed and wounded. Unspecified number of fatalities coded as 3.",3,,1774318961
SOM55276,05-February-2026,2026,1,Strategic developments,Strategic developments,Other,Al Shabaab,,2,,,0,20,,706,Eastern Africa,Somalia,Bakool,Tayeeglow,,Tayeeglow,4.0182,44.5127,1,REDACTED IN SAMPLE,REDACTED IN SAMPLE,"Other: On 5 February 2026, Al Shabaab summoned clan elders from the Raxanweyne clan in Tayeeglow town (Tayeeglow, Bakool) to enlist youths. Some clan elders delayed the timeline. Al Shabaab detained some of the elders.",0,,1774318961
SOM55277,05-February-2026,2026,1,Strategic developments,Strategic developments,Change to group/activity,Al Shabaab,,2,,,0,20,,706,Eastern Africa,Somalia,Galgaduud,Ceel Buur,,Wabxo,4.5135,46.2841,1,REDACTED IN SAMPLE,REDACTED IN SAMPLE,"Movement of forces: On 5 February 2026, Al Shabaab deployed several fighters in the vicinity of Wabxo village (Ceel Buur, Galgaduud). The movement was linked to a planned deployment of government security special forces in Hiiraan region.",0,,1774318961
SOM55308,05-February-2026,2026,1,Political violence,Battles,Armed clash,Al Shabaab,,2,Military Forces of Somalia (2022-),,1,12,,706,Eastern Africa,Somalia,Lower Shabelle,Marka,,Golweyn,1.6584,44.58,1,REDACTED IN SAMPLE,REDACTED IN SAMPLE,"On 5 February 2026, overnight, Al Shabaab clashed with government security forces (SNA) at a defensive base in Golweyn village (Marka, Lower Shabelle). There were no casualties.",0,,1774318961
SOM55309,05-February-2026,2026,1,Political violence,Violence against civilians,Attack,Dir Clan Militia (Somalia),,4,Civilians (Somalia),Darod-Marehan Sub-Clan Group (Somalia); Pastoralists (Somalia),7,47,Civilian targeting,706,Eastern Africa,Somalia,Galgaduud,Cabudwaaq,,Xeraale,6.0386,46.4286,2,REDACTED IN SAMPLE,REDACTED IN SAMPLE,"On 5 February 2026, Dir clan militia shot and killed a civilian pastoralist from Darod-Marehan sub-clan in the vicinity of Yoocaale area near Xeraale town (Cabudwaaq, Galgaduud). The motive was due clan dispute.",1,,1774318961
SOM55329,05-February-2026,2026,1,Demonstrations,Protests,Peaceful protest,Protesters (Somalia),,6,,,0,60,,706,Eastern Africa,Somalia,Middle Shabelle,Balcad,,Balcad,2.3468,45.3902,1,REDACTED IN SAMPLE,REDACTED IN SAMPLE,"On 5 February 2026, disabled persons protested along the Balcad-Mogadishu road in Balcad town (Balcad, Middle Shabelle), demanding better services.",0,crowd size=no report,1774318961
SOM55330,05-February-2026,2026,1,Political violence,Battles,Armed clash,Dir-Gadabuursi Bahabarmuse Sub-Clan Militia (Somalia),,4,Dir-Issa Mamasaan Sub-Clan Militia (Somalia),,4,44,,706,Eastern Africa,Somalia,Awdal,Lughaye,,Geerisa,10.6035,43.4336,1,REDACTED IN SAMPLE,REDACTED IN SAMPLE,"On 5 February 2026, Dir-Gadabuursi Bahabarmuse and Dir-Issa Mamasaan sub-clan militia clashed in Geerisa village (Lughaye, Awdal). The motive was due to land dispute. There were no casualties.",0,,1774318961
SOM55331,05-February-2026,2026,1,Political violence,Battles,Armed clash,Dir Clan Militia (Somalia),,4,Darod-Marehan Sub-Clan Militia (Somalia),,4,44,,706,Eastern Africa,Somalia,Galgaduud,Cabudwaaq,,Laandheer,6.0854,46.1934,1,REDACTED IN SAMPLE,REDACTED IN SAMPLE,"On 5 February 2026, Dir clan militia clashed with Darod-Marehan sub-clan militia in Laandheer village (Cabudwaaq, Galgaduud). There were no casualties.",0,,1774318961
SOM55278,06-February-2026,2026,1,Political violence,Explosions/Remote violence,Air/drone strike,Unidentified Military Forces,Military Forces of Somalia (2022-) National Intelligence and Security Agency,8,Al Shabaab,,2,28,,706,Eastern Africa,Somalia,Middle Juba,Bu'aale,,Arabow,1.4518,42.9518,1,REDACTED IN SAMPLE,REDACTED IN SAMPLE,"On 6 February 2026, international forces (coded as Unidentified Military Forces) and government security forces (NISA) conducted an airstrike targeting four Al Shabaab positions in Arabow village (Bu'aale, Middle Shabelle). 8 Al Shabaab members were killed.",8,,1774318961
SOM55279,06-February-2026,2026,1,Political violence,Battles,Armed clash,Hawiye-Habar Gedir-Ayr Sub-Clan Militia (Somalia),,4,Hawiye-Habar Gedir-Duduble Sub-Clan Militia (Somalia),,4,44,,706,Eastern Africa,Somalia,Galgaduud,Ceel Buur,,Ceel Buur,4.6815,46.6234,2,REDACTED IN SAMPLE,REDACTED IN SAMPLE,"On 6 February 2026, Hawiye Ayr and Duduble clan militias clashed in Biyo-cadde village near Ceel Buur town (Ceel Buur, Galgaduud) over a land dispute. Extent of injuries unknown.",0,,1774318961
SOM55280,06-February-2026,2026,1,Strategic developments,Strategic developments,Agreement,Hawiye-Habar Gedir-Ayr Sub-Clan Militia (Somalia),,4,Hawiye-Habar Gedir-Duduble Sub-Clan Militia (Somalia),,4,44,,706,Eastern Africa,Somalia,Galgaduud,Ceel Buur,,Ceel Buur,4.6815,46.6234,2,REDACTED IN SAMPLE,REDACTED IN SAMPLE,"On 6 February 2026, Al Shabaab held meetings with clan elders and forces from Hawiye Ayr and Duduble clan militias in Biyo-cadde village near Ceel Buur town (Ceel Buur, Galgaduud), amid several days of clashes between the clans. Clans reached a preliminary agreement at the mosque after the Friday prayers.",0,,1774318961
SOM55281,06-February-2026,2026,1,Strategic developments,Strategic developments,Change to group/activity,Military Forces of Somaliland (2024-),,1,,,0,10,,706,Eastern Africa,Somalia,Sanaag,Ceerigaabo,,Ceerigaabo,10.6218,47.3681,2,REDACTED IN SAMPLE,REDACTED IN SAMPLE,"Movement of forces: On 6 February 2026, additional Somaliland security forces were deployed near Ceerigaabo town (Ceerigaabo, Sanaag).",0,,1774318961
SOM55282,06-February-2026,2026,1,Political violence,Battles,Armed clash,Al Shabaab,,2,ASWJ: Ahlu Sunna Wal Jamaa,,3,23,,706,Eastern Africa,Somalia,Galgaduud,Dhuusamarreeb,,Guri-Ceel,5.3083,45.8774,2,REDACTED IN SAMPLE,REDACTED IN SAMPLE,"On 6 February 2026, Al Shabaab ambushed a member of Ahlu Sunna Wal Jamaac near Guri-Ceel town (Dhuusamarreeb, Galgaduud). Both engaged in heavy gunfire. Casualties unknown.",0,,1774318961
SOM55283,06-February-2026,2026,1,Political violence,Battles,Armed clash,Darod-Marehan-Reer-Aw Hassan Sub-Clan Militia (Somalia),,4,Rahanweyn-Mirifle-Maalim Weyne Sub-Clan Militia (Somalia),,4,44,,706,Eastern Africa,Somalia,Gedo,Luuq,,Luuq,3.8,42.5446,2,REDACTED IN SAMPLE,REDACTED IN SAMPLE,"On 6 February 2026, Darod Marehan Reer Aw Hassan sub-clan militia clashed with Rahanweyn Moalim Weyne sub-clan near Luuq town (Luuq, Gedo). The motive is due to clan revenge and land dispute. An unknown number of people were killed and wounded. An unspecified number of fatalities coded as 3.",3,,1774318961
SOM55310,06-February-2026,2026,1,Strategic developments,Strategic developments,Change to group/activity,Al Shabaab,,2,,,0,20,,706,Eastern Africa,Somalia,Lower Juba,Badhaadhe,,Hosingow,-0.1734,41.2695,2,REDACTED IN SAMPLE,REDACTED IN SAMPLE,"Movement of forces: On 6 February 2026, about 57 Al Shabaab, including 4 foreign members, traveled in two vehicles accompanied by several motorcycles from the Habaar Waalid junction near Garuur, approx. 80 km from Badhadhe town, to Waraha Jelish area near Hosingow village (Badhaadhe, Lower Juba). Their movement was part of preparations to conduct ambush attacks on the Kenyan police base in Haamey along the Kenya-Somalia border.",0,,1774318961
SOM55311,06-February-2026,2026,1,Political violence,Violence against civilians,Attack,Darod-Dhulbahante Sub-Clan Militia (Somalia),,4,Civilians (Somalia),Darod-Ogaden Sub-Clan Group (Somalia),7,47,Civilian targeting,706,Eastern Africa,Somalia,Sool,Laas Caanood,,Laascaanood,8.4774,47.3597,1,REDACTED IN SAMPLE,REDACTED IN SAMPLE,"On 6 February 2026, Darod-Dhulbahante sub-clan militia shot and killed a civilian from Darod-Ogaden sub-clan in Laascaanood town (Laas Caanood, Sool). The motive is unknown.",1,,1774318961
SOM55312,06-February-2026,2026,1,Political violence,Violence against civilians,Attack,Military Forces of Somalia (2022-),,1,Civilians (Somalia),Taxi Drivers (Somalia),7,17,Civilian targeting,706,Eastern Africa,Somalia,Lower Shabelle,Afgooye,,Mukaiga,2.1517,45.0686,1,REDACTED IN SAMPLE,REDACTED IN SAMPLE,"On 6 February 2026, a government soldier (SNA) shot and injured a tuk-tuk driver in Mukaiga village (Afgooye, Lower Shabelle). The motive behind the shooting remains unknown.",0,,1774318961
SOM55332,06-February-2026,2026,1,Political violence,Battles,Armed clash,Al Shabaab,,2,Military Forces of Somalia (2022-),,1,12,,706,Eastern Africa,Somalia,Lower Shabelle,Afgooye,,Afgooye,2.15,45.116,2,REDACTED IN SAMPLE,REDACTED IN SAMPLE,"On 6 February 2026, Al Shabaab clashed with government security forces (SNA) at a base in Hantadheer village, near Afgooye town (Afgooye, Lower Shabelle). There were no casualties.",0,,1774318961
SOM55333,06-February-2026,2026,1,Demonstrations,Protests,Peaceful protest,Protesters (Somalia),,6,,,0,60,,706,Eastern Africa,Somalia,Middle Shabelle,Balcad,,Balcad,2.3468,45.3902,1,REDACTED IN SAMPLE,REDACTED IN SAMPLE,"On 6 February 2026, for the second consecutive day, disabled persons protested along the Balcad-Mogadishu road in Balcad town (Balcad, Middle Shabelle), demanding better services.",0,crowd size=no report,1774318961
SOM55334,06-February-2026,2026,1,Political violence,Battles,Armed clash,Military Forces of Somalia (2022-),Hawiye-Hawadle Sub-Clan Militia (Somalia),1,Al Shabaab,,2,12,,706,Eastern Africa,Somalia,Hiraan,Belet Weyne,,Belet Weyne,4.736,45.2043,2,REDACTED IN SAMPLE,REDACTED IN SAMPLE,"On 6 February 2026, government security forces (SNA) and Hawiye-Hawadle sub-clan militia clashed with Al Shabaab in Qowl village near Belet Weyne town (Belet Weyne, Hiraan). There were no casualties.",0,,1774318961
SOM55335,06-February-2026,2026,1,Political violence,Battles,Armed clash,Al Shabaab,,2,Military Forces of Somalia (2022-),,1,12,,706,Eastern Africa,Somalia,Lower Shabelle,Afgooye,,Mukaiga,2.1517,45.0686,1,REDACTED IN SAMPLE,REDACTED IN SAMPLE,"On 6 February 2026, Al Shabaab clashed with government security forces (SNA) at a base in Mukaiga village (Afgooye, Lower Shabelle). There were no casualties.",0,,1774318961
SOM55313,07-February-2026,2026,1,Political violence,Battles,Armed clash,Military Forces of Somalia (2022-),Hawiye-Hawadle Sub-Clan Militia (Somalia),1,Al Shabaab,,2,12,,706,Eastern Africa,Somalia,Hiraan,Belet Weyne,,Belet Weyne,4.736,45.2043,2,REDACTED IN SAMPLE,REDACTED IN SAMPLE,"On 7 February 2026, government security forces (SNA) and Hawiye-Hawadle sub-clan militia clashed with Al Shabaab in Qowl village near Belet Weyne town (Belet Weyne, Hiraan). More than 7 militants were killed.",7,,1774318961
SOM55314,07-February-2026,2026,1,Political violence,Violence against civilians,Attack,Military Forces of Somalia (2022-),,1,Civilians (Somalia),,7,17,Civilian targeting,706,Eastern Africa,Somalia,Lower Shabelle,Afgooye,,Ceelasha Biyaha,2.0823,45.2102,1,REDACTED IN SAMPLE,REDACTED IN SAMPLE,"On 7 February 2026, government soldiers (SNA), armed with AK-47 rifles, shot and killed 2 civilians inside their home in Ceelasha Biyaha village (Afgooye, Lower Shabelle). The victims flee from the soldiers during a security operation in the area, after the soldiers suspected them of being Al Shabaab members. 2 soldiers were arrested.",2,,1774318961
SOM55315,07-February-2026,2026,1,Political violence,Battles,Armed clash,Darod-Marehan Sub-Clan Militia (Somalia),,4,Hawiye-Habar Gedir-Saleban Sub-Clan Militia (Somalia),,4,44,,706,Eastern Africa,Somalia,Galgaduud,Cabudwaaq,,Dhabad,6.3062,46.5493,1,REDACTED IN SAMPLE,REDACTED IN SAMPLE,"On 7 February 2026, Darod-Marehan and Hawiye-Habar Gedir-Saleban sub-clan militia exchanged gunfire in Balli-Sokor area, on the outskirts of Dhabad town (Cabudwaaq, Galgaduud). The motive was due to land disputes over grazing and longstanding inter-clan grievances. 1 person was injured.",0,,1776191110
SOM55316,07-February-2026,2026,1,Political violence,Battles,Armed clash,Military Forces of Somalia (2022-),Hawiye-Hawadle Sub-Clan Militia (Somalia),1,Al Shabaab,,2,12,,706,Eastern Africa,Somalia,Hiraan,Belet Weyne,,Goobo,4.499,46.0564,1,REDACTED IN SAMPLE,REDACTED IN SAMPLE,"On 7 February 2026, government security forces (SNA) and Hawiye-Hawadle sub-clan militia clashed with Al Shabaab hideout in the vicinity of Goobo village (Belet Weyne, Hiraan). 2 militants were killed.",2,,1774318961
SOM55317,07-February-2026,2026,1,Political violence,Battles,Armed clash,Al Shabaab,,2,Military Forces of Somalia (2022-),,1,12,,706,Eastern Africa,Somalia,Lower Shabelle,Afgooye,,Mukaiga,2.1517,45.0686,1,REDACTED IN SAMPLE,REDACTED IN SAMPLE,"On 7 February 2026, Al Shabaab clashed with government security forces (SNA) at a base in Mukaiga village (Afgooye, Lower Shabelle). There were no casualties.",0,,1774318961
SOM55318,07-February-2026,2026,1,Political violence,Battles,Armed clash,Al Shabaab,,2,Police Forces of Somalia (2022-) Southwest Special Police Forces,,1,12,,706,Eastern Africa,Somalia,Bay,Qansax Dheere,,Qansax Dheere,2.8712,43.0043,1,REDACTED IN SAMPLE,REDACTED IN SAMPLE,"On 7 February 2026, Al Shabaab clashed with Southwest Special Police Forces (SWSPF) at the Ceel Mashruuc area in Qansax Dheere town (Qansax Dheere, Bay). There were no casualties. Al Shabaab claimed responsibility.",0,,1774318961
SOM55319,07-February-2026,2026,1,Political violence,Battles,Armed clash,Military Forces of Somalia (2022-),Hawiye-Hawadle Sub-Clan Militia (Somalia),1,Al Shabaab,,2,12,,706,Eastern Africa,Somalia,Hiraan,Belet Weyne,,Waabweyn,4.6865,45.5903,1,REDACTED IN SAMPLE,REDACTED IN SAMPLE,"On 7 February 2026, government security forces (SNA) and Hawiye-Hawadle sub-clan militia clashed with Al Shabaab in Waabweyn village (Belet Weyne, Hiraan). 7 militants were killed.",7,,1774318961
SOM55336,07-February-2026,2026,1,Political violence,Battles,Armed clash,Al Shabaab,,2,Military Forces of Somalia (2022-),,1,12,,706,Eastern Africa,Somalia,Lower Shabelle,Afgooye,,Afgooye,2.15,45.116,2,REDACTED IN SAMPLE,REDACTED IN SAMPLE,"On 7 February 2026, for the second consecutive day, Al Shabaab clashed with government security forces (SNA) at a base in Hantadheer village, near Afgooye town (Afgooye, Lower Shabelle). There were no casualties.",0,,1774318961
SOM55337,07-February-2026,2026,1,Political violence,Violence against civilians,Attack,Al Shabaab,,2,Civilians (Somalia),Hawiye-Hawadle Sub-Clan Group (Somalia); Pastoralists (Somalia),7,27,Civilian targeting,706,Eastern Africa,Somalia,Hiraan,Bulo Burto,,Dabayoodle,4.05,45.4666,1,REDACTED IN SAMPLE,REDACTED IN SAMPLE,"On 7 February 2026, Al Shabaab assaulted a civilian pastoralist from Hawiye-Hawadle sub-clan in Dabayoodle village (Bulo Burto, Hiraan). Extent of injuries unknown.",0,,1774318961
SOM55338,07-February-2026,2026,1,Political violence,Battles,Armed clash,Military Forces of Somalia (2022-) Special Forces,,1,Al Shabaab,,2,12,,706,Eastern Africa,Somalia,Lower Shabelle,Afgooye,,Tixsiile,2.25,45.0833,2,REDACTED IN SAMPLE,REDACTED IN SAMPLE,"On 7 February 2026, government security forces (Danab) clashed with Al Shabaab in Bula Gedi village, near Tixsiile village (Afgooye, Lower Shabelle). 1 senior Al Shabaab member was killed.",1,,1774318961
SOM55320,08-February-2026,2026,1,Political violence,Battles,Armed clash,Al Shabaab,,2,Military Forces of Somalia (2022-),,1,12,,706,Eastern Africa,Somalia,Bay,Baydhaba,,Burjeedka,3.0246,43.5948,1,REDACTED IN SAMPLE,REDACTED IN SAMPLE,"On 8 February 2026, Al Shabaab clashed with government security forces (SNA) at a base in Burjeedka village (Baydhaba, Bay). There were no casualties. Al Shabaab claimed responsibility.",0,,1774318961
SOM55321,08-February-2026,2026,1,Political violence,Battles,Armed clash,Al Shabaab,,2,Military Forces of Somalia (2022-),,1,12,,706,Eastern Africa,Somalia,Lower Shabelle,Marka,,Marka,1.7131,44.7639,1,REDACTED IN SAMPLE,REDACTED IN SAMPLE,"On 8 February 2026, Al Shabaab clashed with government security forces (SNA) at a base in Buunda-bilan neighborhood in Marka village (Marka, Lower Shabelle). There were no casualties.",0,,1774318961
SOM55322,08-February-2026,2026,1,Political violence,Violence against civilians,Attack,Military Forces of Somalia (2022-),,1,Civilians (Somalia),Taxi Drivers (Somalia),7,17,Civilian targeting,706,Eastern Africa,Somalia,Banadir,Banadir,,Mogadishu - Hodan,2.0376,45.3058,1,REDACTED IN SAMPLE,REDACTED IN SAMPLE,"On 8 February 2026, government security forces (SNA) shot and killed a civilian taxi driver at a checkpoint in Saybiano neighborhood in Mogadishu - Hodan (Banadir). The motive was due money dispute. The soldier was arrested.",1,,1774318961
SOM55323,08-February-2026,2026,1,Political violence,Battles,Armed clash,Military Forces of Somalia (2022-) Special Forces,Unidentified Military Forces,1,Al Shabaab,,2,12,,706,Eastern Africa,Somalia,Lower Shabelle,Afgooye,,Warmahan,2.3963,45.0159,1,REDACTED IN SAMPLE,REDACTED IN SAMPLE,"On 8 February 2026, government security forces (Danab) clashed with Al Shabaab in Warmahan village (Afgooye, Lower Shabelle). The operation was supported by an airstrike from international forces (coded as Unidentified Military Forces). The forces seized explosives and destroyed elements' positions. 2 Al Shabaab were killed, and 2 others captured.",2,,1774318961
SOM55339,08-February-2026,2026,1,Political violence,Violence against civilians,Attack,Al Shabaab,,2,Civilians (Somalia),,7,27,Civilian targeting,706,Eastern Africa,Somalia,Middle Shabelle,Adan Yabaal,,Adan Yabaal,3.7742,46.2499,1,REDACTED IN SAMPLE,REDACTED IN SAMPLE,"On 8 February 2026, Al Shabaab beat and injured a civilian accused of harassment of another civilian in Adan Yabaal town (Middle Shabelle, Hiraan). Extent of injuries unknown.",0,,1774318961
SOM55340,08-February-2026,2026,1,Political violence,Battles,Armed clash,Al Shabaab,,2,Military Forces of Somalia (2022-),,1,12,,706,Eastern Africa,Somalia,Lower Shabelle,Afgooye,,Afgooye,2.15,45.116,2,REDACTED IN SAMPLE,REDACTED IN SAMPLE,"On 8 February 2026, for the third consecutive day, Al Shabaab clashed with government security forces (SNA) at a base in Hantadheer village, near Afgooye town (Afgooye, Lower Shabelle). There were no casualties.",0,,1774318961
SOM55341,08-February-2026,2026,1,Political violence,Battles,Armed clash,Military Forces of Turkey (2016-),,8,Al Shabaab,,2,28,,706,Eastern Africa,Somalia,Middle Juba,Bu'aale,,Arabow,1.4518,42.9518,2,REDACTED IN SAMPLE,REDACTED IN SAMPLE,"On 8 February 2026, Turkish military forces launched an airstrike against Al Shabaab at a training camp near Arabow village (Bu'aale, Middle Juba). An unknown number of people were killed and wounded. An unspecified number of fatalities coded as 3.",3,,1774318961
SOM55342,08-February-2026,2026,1,Political violence,Battles,Armed clash,Military Forces of Somalia (2022-),,1,Al Shabaab,,2,12,,706,Eastern Africa,Somalia,Lower Shabelle,Qoryooley,,Buulo Sheekh,1.7531,44.5597,2,REDACTED IN SAMPLE,REDACTED IN SAMPLE,"On 8 February 2026, government security forces (SNA) clashed with Al Shabaab in Buullo Siidow area, near Buulo Sheekh village (Qoryooley, Lower Shabelle). There were no casualties.",0,,1774318961
SOM55343,08-February-2026,2026,1,Political violence,Explosions/Remote violence,Air/drone strike,Unidentified Military Forces,,8,Islamic State Somalia Province,,2,28,,706,Eastern Africa,Somalia,Bari,Qandala,,Buuraha Cali Miskat,10.8548,49.7434,1,REDACTED IN SAMPLE,REDACTED IN SAMPLE,"On 8 February 2026, international forces (coded as Unidentified Military Forces) launched an airstrike against Islamic State Somalia Province position in Buuraha Cali Miskat (Qandala, Bari). Casualties unknown.",0,,1776191110
SOM55344,08-February-2026,2026,1,Political violence,Battles,Armed clash,Al Shabaab,,2,Military Forces of Somalia (2022-),,1,12,,706,Eastern Africa,Somalia,Lower Shabelle,Marka,,Danow,1.7317,44.6253,2,REDACTED IN SAMPLE,REDACTED IN SAMPLE,"On 8 February 2026, Al Shabaab clashed with government security forces (SNA) near Danow village (Marka, Lower Shabelle). There were no casualties.",0,,1774318961
SOM55345,08-February-2026,2026,1,Political violence,Battles,Armed clash,Al Shabaab,,2,Military Forces of Somalia (2022-),,1,12,,706,Eastern Africa,Somalia,Bay,Baydhaba,,Daynuunay,3.0399,43.7969,1,REDACTED IN SAMPLE,REDACTED IN SAMPLE,"On 8 February 2026, Al Shabaab clashed with government security forces (SNA) at a base in Daynuunay village (Baydhaba, Bay). There were no casualties.",0,,1774318961
SOM55346,08-February-2026,2026,1,Strategic developments,Strategic developments,Change to group/activity,Al Shabaab,,2,,,0,20,,706,Eastern Africa,Somalia,Hiraan,Bulo Burto,,Garasiyaani,4.3349,45.459,1,REDACTED IN SAMPLE,REDACTED IN SAMPLE,"Movement of forces: On 8 February 2026, Al Shabaab arrived and regrouped in Garasiyaani village (Bulo Burto, Hiraan).",0,,1774318961
SOM55347,08-February-2026,2026,1,Political violence,Battles,Armed clash,Dir-Gadabuursi Bahabarmuse Sub-Clan Militia (Somalia),,4,Dir-Issa Mamasaan Sub-Clan Militia (Somalia),,4,44,,706,Eastern Africa,Somalia,Awdal,Lughaye,,Geerisa,10.6035,43.4336,1,REDACTED IN SAMPLE,REDACTED IN SAMPLE,"On 8 February 2026, Dir-Gadabuursi Bahabarmuse and Dir-Issa Mamasaan sub-clan militia clashed in Geerisa village (Lughaye, Awdal). The motive was due to land dispute. There were no casualties.",0,,1774318961
SOM55348,08-February-2026,2026,1,Political violence,Battles,Armed clash,Military Forces of Somalia (2022-),Hawiye-Hawadle Sub-Clan Militia (Somalia),1,Al Shabaab,,2,12,,706,Eastern Africa,Somalia,Hiraan,Belet Weyne,,Goobo,4.499,46.0564,1,REDACTED IN SAMPLE,REDACTED IN SAMPLE,"On 8 February 2026, government security forces (SNA) and Hawiye-Hawadle sub-clan militia clashed with Al Shabaab in Goobo village (Belet Weyne, Hiraan). There were no casualties.",0,,1774318961
SOM55349,08-February-2026,2026,1,Political violence,Battles,Armed clash,Al Shabaab,,2,Military Forces of Somalia (2022-),,1,12,,706,Eastern Africa,Somalia,Lower Shabelle,Afgooye,,Mukaiga,2.1517,45.0686,1,REDACTED IN SAMPLE,REDACTED IN SAMPLE,"On 8 February 2026, Al Shabaab clashed with government security forces (SNA) at a base in Mukaiga village (Afgooye, Lower Shabelle). There were no casualties.",0,,1774318961
SOM55350,08-February-2026,2026,1,Political violence,Battles,Armed clash,Dir-Gadabuursi Bahabarmuse Sub-Clan Militia (Somalia),,4,Dir-Issa Mamasaan Sub-Clan Militia (Somalia),,4,44,,706,Eastern Africa,Somalia,Awdal,Baki,,Osoli,10.4376,43.7054,1,REDACTED IN SAMPLE,REDACTED IN SAMPLE,"On 8 February 2026, Dir-Gadabuursi Bahabarmuse and Dir-Issa Mamasaan sub-clan militia clashed in Osoli village (Baki, Awdal). The motive was due to land dispute. There were no casualties.",0,,1774318961
SOM55351,08-February-2026,2026,1,Political violence,Violence against civilians,Attack,Al Shabaab,,2,Civilians (Somalia),,7,27,Civilian targeting,706,Eastern Africa,Somalia,Middle Juba,Saakow,,Salagle,1.81,42.2899,1,REDACTED IN SAMPLE,REDACTED IN SAMPLE,"On 8 February 2026, Al Shabaab shot and killed a civilian in Salagle village (Saakow, Middle Juba). The fighters accused the victim of spying for government forces.",1,,1774318961
SOM55352,08-February-2026,2026,1,Political violence,Battles,Armed clash,Dir-Gadabuursi Bahabarmuse Sub-Clan Militia (Somalia),,4,Dir-Issa Mamasaan Sub-Clan Militia (Somalia),,4,44,,706,Eastern Africa,Somalia,Awdal,Borama,,Xariirad,10.3254,42.8374,1,REDACTED IN SAMPLE,REDACTED IN SAMPLE,"On 8 February 2026, Dir-Gadabuursi Bahabarmuse and Dir-Issa Mamasaan sub-clan militia clashed in Xariirad town (Borama, Awdal). The motive was due to land dispute. There were no casualties.",0,,1774318961
SOM55324,09-February-2026,2026,1,Political violence,Battles,Armed clash,Al Shabaab,,2,Military Forces of Somalia (2022-) Jubaland Security Force,,1,12,,706,Eastern Africa,Somalia,Lower Juba,Jamaame,,Bar-Sanguun,-0.0416,42.5945,2,REDACTED IN SAMPLE,REDACTED IN SAMPLE,"On 9 February 2026, Al Shabaab clashed with Jubaland security forces convoy near Bar-Sanguun village (Jamaame, Lower Juba). Al Shabaab claimed to have killed 4 soldiers.",4,,1774318961
SOM55325,09-February-2026,2026,1,Political violence,Violence against civilians,Attack,Darod-Marehan Sub-Clan Militia (Somalia),,4,Civilians (Somalia),Darod-Marehan Sub-Clan Group (Somalia),7,47,Civilian targeting,706,Eastern Africa,Somalia,Galgaduud,Cabudwaaq,,Hulkujir,6.0787,46.1088,1,REDACTED IN SAMPLE,REDACTED IN SAMPLE,"On 9 February 2026, Darod-Marehan sub-clan militia shot and killed a civilian from the same Darod-Marehan sub-clan group in the vicinity of Hulkujir village (Cabudwaaq, Galgaduud). The motive was due to inter-clan disputes.",1,,1774318961
SOM55326,09-February-2026,2026,1,Political violence,Battles,Armed clash,Military Forces of Somalia (2022-),,1,Al Shabaab,,2,12,,706,Eastern Africa,Somalia,Bakool,Xudur,,Moro Gabey,4.1901,43.6434,2,REDACTED IN SAMPLE,REDACTED IN SAMPLE,"On 9 February 2026, government security forces (SNA) clashed with Al Shabaab near Moro Gabey village (Xudur, Bakool). The soldiers captured an AS member along with his tricycle. There were no casualties.",0,,1774318961
SOM55353,09-February-2026,2026,1,Political violence,Battles,Armed clash,Military Forces of Somalia (2022-) Puntland Dervish Force,,1,Islamic State Somalia Province,,2,12,,706,Eastern Africa,Somalia,Bari,Bossaso,,Balade,11.2761,49.164,1,REDACTED IN SAMPLE,REDACTED IN SAMPLE,"On 9 February 2026, Puntland Dervish Force clashed (Afmeer) with Islamic State Somalia Province in Balade village (Bossaso, Bari). There were no casualties.",0,,1774318961
SOM55354,09-February-2026,2026,1,Political violence,Explosions/Remote violence,Air/drone strike,Military Forces of the United States (2025-),Military Forces of Somalia (2022-),8,Al Shabaab,,2,28,,706,Eastern Africa,Somalia,Lower Juba,Jamaame,,Bar-Sanguun,-0.0416,42.5945,2,REDACTED IN SAMPLE,REDACTED IN SAMPLE,"On 9 February 2026, US forces and government security forces (SNA) launched an airstrike against Al Shabaab position approximately 51 km northeast of Kismayo, near Bar-Sanguun village (Jamaame, Lower Juba). Casualties unknown.",0,,1774318961
SOM55355,09-February-2026,2026,1,Political violence,Explosions/Remote violence,Shelling/artillery/missile attack,Al Shabaab,,2,Military Forces of Somalia (2022-),,1,12,,706,Eastern Africa,Somalia,Lower Juba,Jamaame,,Bar-Sanguun,-0.0416,42.5945,1,REDACTED IN SAMPLE,REDACTED IN SAMPLE,"On 9 February 2026, Al Shabaab fired mortar shells targeting government security forces (SNA) at a base in Bar-Sanguun village (Jamaame, Lower Juba). 2 soldiers were injured.",0,,1774318961
SOM55356,09-February-2026,2026,1,Political violence,Explosions/Remote violence,Grenade,Al Shabaab,,2,Military Forces of Somalia (2022-),,1,12,,706,Eastern Africa,Somalia,Hiraan,Belet Weyne,,Belet Weyne,4.736,45.2043,1,REDACTED IN SAMPLE,REDACTED IN SAMPLE,"On 9 February 2026, Al Shabaab threw a hand grenade targeting government soldiers (SNA) at the NIRA registration Office in Koshin in Belet Weyne town (Belet Weyne, Hiraan). 1 soldier was injured.",0,,1774318961
SOM55357,09-February-2026,2026,1,Political violence,Explosions/Remote violence,Air/drone strike,Unidentified Military Forces,Military Forces of Somalia (2022-) National Intelligence and Security Agency,8,Al Shabaab,,2,28,,706,Eastern Africa,Somalia,Middle Juba,Bu'aale,,Buaale,1.2448,42.5732,2,REDACTED IN SAMPLE,REDACTED IN SAMPLE,"On 9 February 2026, international forces (coded as Unidentified Military Forces) and government security forces (NISA) conducted an airstrike targeting four Al Shabaab positions in Waraha Dhobley area, near Buaale town (Bu'aale, Middle Shabelle). 2 Al Shabaab, including a senior commander, were killed.",2,,1774318961
SOM55358,09-February-2026,2026,1,Strategic developments,Strategic developments,Change to group/activity,Al Shabaab,,2,,,0,20,,706,Eastern Africa,Somalia,Middle Shabelle,Jowhar,,Cali Fool Dheere,2.8831,45.6569,1,REDACTED IN SAMPLE,REDACTED IN SAMPLE,"Movement of forces: On 9 February 2026, Al Shabaab deployed extra forces in the Cali Fool Dheere village (Jowhar, Middle Shabelle).",0,,1774318961
SOM55359,09-February-2026,2026,1,Political violence,Battles,Armed clash,Military Forces of Somalia (2022-) Galmudug Security Force,,1,Al Shabaab,,2,12,,706,Eastern Africa,Somalia,Galgaduud,Dhuusamarreeb,,Ceel Garas,5.2053,46.5137,1,REDACTED IN SAMPLE,REDACTED IN SAMPLE,"On 9 February 2026, Galmudug security forces clashed with Al Shabaab in the vicinity of Ceel Garas village (Dhuusamarreeb, Galgaduud). There were no casualties.",0,,1774318961
SOM55360,09-February-2026,2026,1,Political violence,Battles,Armed clash,Military Forces of Somalia (2022-) Galmudug Security Force,,1,Al Shabaab,,2,12,,706,Eastern Africa,Somalia,Galgaduud,Dhuusamarreeb,,Ceel Lahelay,5.2324,46.4492,1,REDACTED IN SAMPLE,REDACTED IN SAMPLE,"On 9 February 2026, Galmudug security forces clashed with Al Shabaab in the vicinity of Ceel Lahelay village (Dhuusamarreeb, Galgaduud). There were no casualties.",0,,1774318961
SOM55361,09-February-2026,2026,1,Political violence,Battles,Armed clash,Unidentified Armed Group (Somalia),,3,Unidentified Armed Group (Somalia),,3,33,,706,Eastern Africa,Somalia,Sanaag,Laasqoray,,Ceelayo,11.2438,48.8931,1,REDACTED IN SAMPLE,REDACTED IN SAMPLE,"On 9 February 2026, 2 groups of unidentified armed human traffickers clashed in Ceelayo village (Laasqoray, Sanaag). The motive was due to an unknown dispute. There were no casualties.",0,,1774318961
SOM55362,09-February-2026,2026,1,Strategic developments,Strategic developments,Change to group/activity,Al Shabaab,,2,,,0,20,,706,Eastern Africa,Somalia,Bakool,Xudur,,Dudumaale,4.1344,44.1003,1,REDACTED IN SAMPLE,REDACTED IN SAMPLE,"Movement of forces: On 9 February 2026, Al Shabaab were observed regrouping in Dudumaale village (Xudur, Bakool).",0,,1774318961
SOM55363,09-February-2026,2026,1,Political violence,Battles,Armed clash,Hawiye-Abgal Sub-Clan Militia (Somalia),,4,Al Shabaab,,2,24,,706,Eastern Africa,Somalia,Middle Shabelle,Cadale,,Gulane,3.3035,46.2279,1,REDACTED IN SAMPLE,REDACTED IN SAMPLE,"On 9 February 2026, Hawiye-Abgal sub-clan militia clashed with Al Shabaab in Gulane village (Cadale, Middle Shabelle). 1 Al Shabaab member was killed.",1,,1774318961
SOM55364,09-February-2026,2026,1,Political violence,Battles,Armed clash,Hawiye-Habar Gedir-Ayr Sub-Clan Militia (Somalia),,4,Hawiye-Habar Gedir-Ayr Sub-Clan Militia (Somalia),,4,44,,706,Eastern Africa,Somalia,Galgaduud,Dhuusamarreeb,,Guri-Ceel,5.3083,45.8774,1,REDACTED IN SAMPLE,REDACTED IN SAMPLE,"On 9 February 2026, 2 groups of Hawiye-Habar Gedir-Ayr sub-clan militia clashed in the vicinity of Guri-Ceel town (Dhuusamarreeb, Galgaduud). The motive was due to land dispute. There were no casualties.",0,,1774318961
SOM55365,09-February-2026,2026,1,Political violence,Battles,Armed clash,Military Forces of Somalia (2022-) Puntland Dervish Force,,1,Islamic State Somalia Province,,2,12,,706,Eastern Africa,Somalia,Bari,Qandala,,Guriasamo,11.2729,49.7971,1,REDACTED IN SAMPLE,REDACTED IN SAMPLE,"On 9 February 2026, Puntland Dervish Force clashed with Islamic State Somalia Province in Guriasamo village (Qandala, Bari). There were no casualties.",0,,1776191110
SOM55366,09-February-2026,2026,1,Political violence,Violence against civilians,Attack,Darod-Majeerteen-Omar Mahmud Sub-Clan Militia (Somalia),,4,Civilians (Somalia),Darod-Majeerteen-Omar Mahmud Sub-Clan Group (Somalia),7,47,Civilian targeting,706,Eastern Africa,Somalia,Mudug,Gaalkacyo,,Israac,6.77,47.43,1,REDACTED IN SAMPLE,REDACTED IN SAMPLE,"On 9 February 2026, Darod-Majeerteen-Omar Mahmud sub-clan militia shot and killed a civilian and injured another from the same clan in Israac village (Gaalkacyo, Mudug). The motive was due to unknown dispute.",1,,1774318961
SOM55367,09-February-2026,2026,1,Political violence,Explosions/Remote violence,Air/drone strike,Unidentified Military Forces,,8,Al Shabaab,,2,28,,706,Eastern Africa,Somalia,Lower Juba,Jamaame,,Jamaame,0.0692,42.7382,2,REDACTED IN SAMPLE,REDACTED IN SAMPLE,"On 9 February 2026, international forces (described as allied forces, coded as Unidentified Military Forces) conducted an airstrike targeting Al Shabaab near Jamaame town (Jamaame, Lower Juba). Casualties unknown.",0,,1774318961
SOM55368,09-February-2026,2026,1,Demonstrations,Riots,Violent demonstration,Rioters (Somalia),Vigilante Group (Somalia),5,Civilians (Somalia),,7,57,,706,Eastern Africa,Somalia,Middle Shabelle,Jowhar,,Jowhar,2.7797,45.5042,1,REDACTED IN SAMPLE,REDACTED IN SAMPLE,"On 9 February 2026, residents beat and injured a youth accused of stealing a mobile and money from the residents in Jowhar town (Jowhar, Middle Shabelle). Extent of injuries unknown.",0,crowd size=no report,1774318961
SOM55369,09-February-2026,2026,1,Political violence,Battles,Armed clash,Darod-Dhulbahante Sub-Clan Militia (Somalia),,4,Darod-Dhulbahante Sub-Clan Militia (Somalia),,4,44,,706,Eastern Africa,Somalia,Sool,Laas Caanood,,Laascaanood,8.4774,47.3597,1,REDACTED IN SAMPLE,REDACTED IN SAMPLE,"On 9 February 2026, 2 groups of Darod-Dhulbahante sub-clan militia clashed in Laascaanood town (Laas Caanood, Sool) The motive was due to an unknown dispute. 2 people were injured.",0,,1774318961
SOM55370,09-February-2026,2026,1,Political violence,Battles,Armed clash,Military Forces of Somalia (2022-),,1,Military Forces of Somalia (2022-),,1,11,,706,Eastern Africa,Somalia,Banadir,Banadir,,Mogadishu - Heliwa,2.0844,45.39,1,REDACTED IN SAMPLE,REDACTED IN SAMPLE,"On 9 February 2026, 2 government security forces (SNA) clashed with the Wahara-Adde neighborhood in Mogadishu - Heliwa (Banadir). The motive was due to land dispute. 2 individuals were injured, including a soldier and a civilian bystander.",0,,1774318961
SOM55371,09-February-2026,2026,1,Political violence,Battles,Armed clash,Military Forces of Somalia (2022-) Puntland Dervish Force,,1,Islamic State Somalia Province,,2,12,,706,Eastern Africa,Somalia,Bari,Qandala,,Qandala,11.471,49.8726,2,REDACTED IN SAMPLE,REDACTED IN SAMPLE,"On 9 February 2026, Puntland Dervish Force clashed with Islamic State Somalia Province in Ceelka Marmarka area near Qandala town (Qandala, Bari) after the IS had regrouped in the area. Several fighters were injured.",0,,1774318961
SOM55372,09-February-2026,2026,1,Strategic developments,Strategic developments,Disrupted weapons use,Military Forces of Somalia (2022-),,1,Al Shabaab,,2,12,,706,Eastern Africa,Somalia,Lower Shabelle,Qoryooley,,Qoryooley,1.7878,44.53,1,REDACTED IN SAMPLE,REDACTED IN SAMPLE,"Defusal: On 9 February 2026, government security forces (SNA) defused and neutralized an IED planted by Al Shabaab in Kelliga (Biyo-mareen) in Qoryooley town (Qoryooley, Lower Shabelle).",0,,1774318961
SOM55373,09-February-2026,2026,1,Political violence,Violence against civilians,Attack,Unidentified Clan Militia (Somalia),,4,Civilians (Somalia),Unidentified Clan Group (Somalia),7,47,Civilian targeting,706,Eastern Africa,Somalia,Lower Shabelle,Wanla Weyn,,Wanla Weyne,2.6195,44.8936,1,REDACTED IN SAMPLE,REDACTED IN SAMPLE,"On 9 February 2026, unidentified clan shot and killed a civilian from another clan on the outskirts of Wanla Weyne town (Wanla Weyne, Lower Shabelle). The killing is believed to be linked to clan retaliation between two clans.",1,,1774318961
SOM55374,10-February-2026,2026,1,Political violence,Battles,Armed clash,Military Forces of Somalia (2022-) Special Forces,Military Forces of Somalia (2022-) Jubaland Security Force; Unidentified Military Forces,1,Al Shabaab,,2,12,,706,Eastern Africa,Somalia,Lower Juba,Jamaame,,Araara,0.0263,42.6829,1,REDACTED IN SAMPLE,REDACTED IN SAMPLE,"On 10 February 2026, government security forces (Danab) and Jubaland security forces clashed with Al Shabaab in Araara village (Jamaame, Lower Juba). The operation was supported by an airstrike from international forces (coded as Unidentified Military Forces) in Araara, Maanbile, Bangeeni, Kobon, and Xabaalaha Carab-Shaleeti (coded separately). The forces destroyed five vehicles, including four Land Cruisers, one Toyota Ace, and two boats. 70 Al Shabaab fighters were killed, with many others sustaining serious injuries. 70 fatalities split across 5 events and coded as 14 for this event.",14,,1774318961
SOM55375,10-February-2026,2026,1,Political violence,Battles,Armed clash,Military Forces of Somalia (2022-) Special Forces,Military Forces of Somalia (2022-) Jubaland Security Force; Unidentified Military Forces,1,Al Shabaab,,2,12,,706,Eastern Africa,Somalia,Lower Juba,Jamaame,,Bangeeni,0.05,42.7167,1,REDACTED IN SAMPLE,REDACTED IN SAMPLE,"On 10 February 2026, government security forces (Danab) and Jubaland security forces clashed with Al Shabaab in Bangeeni village (Jamaame, Lower Juba). The operation was supported by an airstrike from international forces (coded as Unidentified Military Forces) in Bangeeni, Maanbile, Araara, Kobon, and Xabaalaha Carab-Shaleeti (coded separately). The forces destroyed five vehicles, including four Land Cruisers, one Toyota Ace, and two boats. 70 Al Shabaab fighters were killed, with many others sustaining serious injuries. 70 fatalities split across 5 events and coded as 14 for this event.",14,,1774318961
SOM55376,10-February-2026,2026,1,Political violence,Battles,Armed clash,Al Shabaab,,2,AUSSOM: Africa Union Support and Stabilisation Mission in Somalia (2025-) (Uganda),,8,28,,706,Eastern Africa,Somalia,Lower Shabelle,Afgooye,,Bariirre,2.0476,44.8975,2,REDACTED IN SAMPLE,REDACTED IN SAMPLE,"On 10 February 2026, Al Shabaab clashed with an AUSSOM UPDF convoy near Bariirre village (Afgooye, Lower Shabelle). Al Shabaab claimed to have killed 5 soldiers.",5,,1774318961
SOM55377,10-February-2026,2026,1,Political violence,Battles,Armed clash,Military Forces of Somalia (2022-) Special Forces,Military Forces of Somalia (2022-) Jubaland Security Force; Unidentified Military Forces,1,Al Shabaab,,2,12,,706,Eastern Africa,Somalia,Lower Juba,Jamaame,,Barwaaqo Weyn,0.06,42.7399,2,REDACTED IN SAMPLE,REDACTED IN SAMPLE,"On 10 February 2026, government security forces (Danab) and Jubaland security forces clashed with Al Shabaab in Xabaalaha Carab-Shaleeti area near Barwaaqo Weyn village (Jamaame, Lower Juba). The operation was supported by an airstrike from international forces (coded as Unidentified Military Forces) in Xabaalaha Carab-Shaleeti area, Maanbile, Bangeeni, Kobon and Araara (coded separately). The forces destroyed five vehicles, including four Land Cruisers, one Toyota Ace, and two boats. 70 Al Shabaab fighters were killed, with many others sustaining serious injuries. 70 fatalities split across 5 events and coded as 14 for this event.",14,,1774318961
SOM55378,10-February-2026,2026,1,Strategic developments,Strategic developments,Looting/property destruction,Al Shabaab,,2,Civilians (Somalia),Labor Group (Somalia),7,27,,706,Eastern Africa,Somalia,Hiraan,Belet Weyne,,Belet Weyne,4.736,45.2043,1,REDACTED IN SAMPLE,REDACTED IN SAMPLE,"Looting: On 10 February 2026, suspected Al Shabaab wearing masks looted business truck drivers transporting construction materials, including gravel, from the eastern outskirts of Belet Weyne town (Belet Weyne, Hiraan). The assailants established illegal snap checkpoints along a secondary road and robbed all drivers using that route, stealing mobile phones.",0,,1774318961
SOM55379,10-February-2026,2026,1,Strategic developments,Strategic developments,Change to group/activity,Military Forces of Somaliland (2024-),,1,,,0,10,,706,Eastern Africa,Somalia,Awdal,Borama,,Borama,9.9387,43.1839,1,REDACTED IN SAMPLE,REDACTED IN SAMPLE,"Movement of forces: On 10 February 2026, Somaliland security forces were deployed in Abud-Qadiir village in Borama town (Borama, Awdal) amid renewed tension between fighting clans in the region.",0,,1774318961
SOM55380,10-February-2026,2026,1,Political violence,Explosions/Remote violence,Remote explosive/landmine/IED,Al Shabaab,,2,Military Forces of Somalia (2022-) Special Forces,Military Forces of Somalia (2022-) Jubaland Security Force,1,12,,706,Eastern Africa,Somalia,Lower Juba,Kismaayo,,Buulo Gaduud,-0.074,42.5719,2,REDACTED IN SAMPLE,REDACTED IN SAMPLE,"On 10 February 2026, Al Shabaab clashed with government security forces (Danab) and Jubaland security forces convoy between Bar-Sanguun and Buulo Gaduud (Kismaayo, Lower Juba). 2 Jubaland soldiers were killed, and an unknown number were injured. Al Shabaab claimed to have killed 32 soldiers. Fatalities coded as 34.",34,,1774318961
SOM55381,10-February-2026,2026,1,Political violence,Violence against civilians,Attack,Isaaq-Habar Jeclo-Basanbuur Sub-Clan Militia (Somalia),,4,Civilians (Somalia),Isaaq-Habar Jeclo-Ahmed Farah Sub-Clan Group (Somalia),7,47,Civilian targeting,706,Eastern Africa,Somalia,Sanaag,Ceerigaabo,,Ceerigaabo,10.6218,47.3681,1,REDACTED IN SAMPLE,REDACTED IN SAMPLE,"On 10 February 2026, Isaaq-Habar Jeclo-Basanbuur sub-clan militia shot and killed a civilian from the Isaaq-Habar Jeclo-Ahmed Farah sub-clan in Ceerigaabo town (Ceerigaabo, Sanaag). The motive was due to dispute related to the gold business.",1,,1774318961
SOM55382,10-February-2026,2026,1,Political violence,Battles,Armed clash,Military Forces of Somalia (2022-),,1,Al Shabaab,,2,12,,706,Eastern Africa,Somalia,Lower Shabelle,Qoryooley,,Haduuman,1.7632,44.5644,1,REDACTED IN SAMPLE,REDACTED IN SAMPLE,"On 10 February 2026, government security forces (SNA) clashed with Al Shabaab in Haduuman village (Qoryooley, Lower Shabelle). There were no casualties.",0,,1774318961
SOM55383,10-February-2026,2026,1,Political violence,Battles,Armed clash,Al Shabaab,,2,Military Forces of Somalia (2022-),,1,12,,706,Eastern Africa,Somalia,Bakool,Xudur,,Hudur,4.1237,43.8915,2,REDACTED IN SAMPLE,REDACTED IN SAMPLE,"On 10 February 2026, Al Shabaab ambushed government soldiers (SNA) traveling on a motorcycle in the vicinity of Qurac Joome area near Hudur town (Xudur, Bakool). 1 soldier was injured.",0,,1774318961
SOM55384,10-February-2026,2026,1,Political violence,Explosions/Remote violence,Air/drone strike,Military Forces of the United States (2025-),Military Forces of Somalia (2022-),8,Al Shabaab,,2,28,,706,Eastern Africa,Somalia,Lower Juba,Jamaame,,Jamaame,0.0692,42.7382,1,REDACTED IN SAMPLE,REDACTED IN SAMPLE,"On 10 February 2026, US forces and government security forces (SNA) launched an airstrike against Al Shabaab position in the vicinity of Jamaame town (Jamaame, Lower Juba). Casualties unknown.",0,,1774318961
SOM55385,10-February-2026,2026,1,Political violence,Battles,Armed clash,Military Forces of Somalia (2022-) Special Forces,Military Forces of Somalia (2022-) Jubaland Security Force,1,Al Shabaab,,2,12,,706,Eastern Africa,Somalia,Lower Juba,Jamaame,,Jamaame,0.0692,42.7382,2,REDACTED IN SAMPLE,REDACTED IN SAMPLE,"On 10 February 2026, government security forces (Danab) and Jubaland security forces clashed with Al Shabaab in Maanbile village near Jamaame town (Jamaame, Lower Juba). 14 militants were killed.",14,,1774318961
SOM55386,10-February-2026,2026,1,Political violence,Battles,Armed clash,Military Forces of Somalia (2022-) Special Forces,Military Forces of Somalia (2022-) Jubaland Security Force; Unidentified Military Forces,1,Al Shabaab,,2,12,,706,Eastern Africa,Somalia,Lower Juba,Jamaame,,Kobon,0.0356,42.7091,1,REDACTED IN SAMPLE,REDACTED IN SAMPLE,"On 10 February 2026, government security forces (Danab) and Jubaland security forces clashed with Al Shabaab in Kobon village (Jamaame, Lower Juba). The operation was supported by an airstrike from international forces (coded as Unidentified Military Forces) in Kobon, Maanbile, Bangeeni, Araara and Xabaalaha Carab-Shaleeti (coded separately). The forces destroyed five vehicles, including four Land Cruisers, one Toyota Ace, and two boats. 70 Al Shabaab fighters were killed, with many others sustaining serious injuries. 70 fatalities split across 5 events and coded as 14 for this event.",14,,1774318961
SOM55387,10-February-2026,2026,1,Political violence,Battles,Armed clash,Darod-Marehan-Reer-Aw Hassan Sub-Clan Militia (Somalia),,4,Rahanweyn-Mirifle-Maalim Weyne Sub-Clan Militia (Somalia),,4,44,,706,Eastern Africa,Somalia,Gedo,Luuq,,Luuq,3.8,42.5446,1,REDACTED IN SAMPLE,REDACTED IN SAMPLE,"On 10 February 2026, two local clan militias (likely the Darod Marehan Reer Aw Hassan sub-clan militia and the Rahanweyn Moalim Weyne sub-clan militia, due to similar incidents involving the groups) clashed on the outskirts of Luuq town (Luuq, Gedo). There were no casualties.",0,,1774318961
SOM55388,10-February-2026,2026,1,Political violence,Battles,Armed clash,Military Forces of Somalia (2022-) Special Forces,Military Forces of Somalia (2022-) Jubaland Security Force,1,Al Shabaab,,2,12,,706,Eastern Africa,Somalia,Lower Juba,Jamaame,,Malayle,-0.0016,42.6609,1,REDACTED IN SAMPLE,REDACTED IN SAMPLE,"On 10 February 2026, government security forces (Danab) and Jubaland security forces clashed with AL Shabaab in Malayle village (Jamaame, Lower Juba). An unknown number of Al Shabaab and SNA soldiers were killed and wounded. Unspecified number of fatalities coded as 3.",3,,1774318961
SOM55389,10-February-2026,2026,1,Political violence,Battles,Armed clash,Al Shabaab,,2,Military Forces of Somalia (2022-) National Intelligence and Security Agency,,1,12,,706,Eastern Africa,Somalia,Banadir,Banadir,,Mogadishu - Garasbaaley,2.0611,45.2589,1,REDACTED IN SAMPLE,REDACTED IN SAMPLE,"On 10 February 2026, overnight, Al Shabaab clashed with government soldiers (NISA) guarding the residence of a senior official at the Foorilow junction road neighborhood in Mogadishu - Garasbaaley (Banadir), after the militants threw a hand grenade. Al Shabaab claimed to have injured 4 soldiers.",0,,1774318961
SOM55390,10-February-2026,2026,1,Political violence,Violence against civilians,Attack,Military Forces of Somalia (2022-) Puntland Dervish Force,,1,Civilians (Somalia),,7,17,Civilian targeting,706,Eastern Africa,Somalia,Bari,Caluula,,Murcaayo,11.6922,50.4571,1,REDACTED IN SAMPLE,REDACTED IN SAMPLE,"On 10 February 2026, unidentified gunmen wearing Puntland military uniform (coded as Puntland Dervish Force) shot and injured 2 civilian in Murcaayo village (Caluula, Bari). The gunmen attempted to loot bag. The 2 civilians were hospitalized.",0,,1774318961
SOM55391,10-February-2026,2026,1,Political violence,Battles,Armed clash,Military Forces of Somalia (2022-) Puntland Dervish Force,,1,Islamic State Somalia Province,,2,12,,706,Eastern Africa,Somalia,Bari,Qandala,,Qandala,11.471,49.8726,2,REDACTED IN SAMPLE,REDACTED IN SAMPLE,"On 10 February 2026, Puntland Dervish Force clashed with Islamic State Somalia Province in Walinsoor village near Qandala town (Qandala, Bari). Around 15 fighters were killed.",15,,1774318961
SOM55392,10-February-2026,2026,1,Political violence,Battles,Armed clash,Military Forces of Somalia (2022-),,1,Al Shabaab,,2,12,,706,Eastern Africa,Somalia,Lower Shabelle,Qoryooley,,Qoryooley,1.7878,44.53,2,REDACTED IN SAMPLE,REDACTED IN SAMPLE,"On 10 February 2026, government security forces (SNA) clashed with Al Shabaab in Gaawarow village, near Qoryooley town (Qoryooley, Lower Shabelle). There were no casualties.",0,,1774318961
SOM55393,10-February-2026,2026,1,Political violence,Violence against civilians,Attack,Darod-Majeerteen-Abdalla Ibrahim Sub-Clan Militia (Somalia),,4,Civilians (Somalia),Darod-Leelkayse Fiqi Ismail Sub-Clan Group (Somalia),7,47,Civilian targeting,706,Eastern Africa,Somalia,Mudug,Gaalkacyo,,Roox,7.2105,47.4313,1,REDACTED IN SAMPLE,REDACTED IN SAMPLE,"On 10 February 2026, Darod-Majeerteen-Abdalla Ibrahim sub-clan militia shot and killed a prominent clan elder from the Darod-Leelkayse Fiqi Ismail sub-clan in Roox village (Gaalkacyo, Mudug). The motive was due to clan revenge.",1,,1774318961
SOM55394,10-February-2026,2026,1,Political violence,Battles,Armed clash,Military Forces of Somalia (2022-) Puntland Dervish Force,,1,Islamic State Somalia Province,,2,12,,706,Eastern Africa,Somalia,Bari,Qandala,,Talal,10.9921,50.0566,2,REDACTED IN SAMPLE,REDACTED IN SAMPLE,"On 10 February 2026, Puntland Dervish Force clashed with Islamic State Somalia Province near Talal village (Qandala, Bari). Several fighters were killed. An unspecified number of fatalities coded as 3.",3,,1774318961
SOM55395,10-February-2026,2026,1,Political violence,Battles,Armed clash,Military Forces of Somalia (2022-),Hawiye-Hawadle Sub-Clan Militia (Somalia),1,Al Shabaab,,2,12,,706,Eastern Africa,Somalia,Hiraan,Belet Weyne,,Waabweyn,4.6865,45.5903,2,REDACTED IN SAMPLE,REDACTED IN SAMPLE,"On 10 February 2026, government security forces (SNA) and Hawiye-Hawadle sub-clan militia clashed with Al Shabaab convoy near Waabweyn village (Belet Weyne, Hiraan). The forces destroyed Al Shabaab water tanker. 6 militants were killed.",6,,1774318961
SOM55396,11-February-2026,2026,1,Political violence,Battles,Armed clash,Military Forces of Somalia (2022-) Special Forces,Military Forces of Somalia (2022-) Jubaland Security Force,1,Al Shabaab,,2,12,,706,Eastern Africa,Somalia,Lower Juba,Jamaame,,Araara,0.0263,42.6829,2,REDACTED IN SAMPLE,REDACTED IN SAMPLE,"On 11 February 2026, government security forces (Danab) and Jubaland security forces clashed with Al Shabaab near Araara village (Jamaame, Lower Juba). Casualties unknown.",0,,1774318961
SOM55397,11-February-2026,2026,1,Strategic developments,Strategic developments,Agreement,Dir-Issa Sub-Clan Militia (Somalia),,4,Dir-Gadabuursi Sub-Clan Militia (Somalia),,4,44,,706,Eastern Africa,Somalia,Awdal,Baki,,Baki,9.8921,43.3853,2,REDACTED IN SAMPLE,REDACTED IN SAMPLE,"On 11 February 2026, Dir-Gadabuursi Bahabarmuse Sub-Clan Militia and Dir-Issa Mamasaan Sub-Clan Militia held talks in Damasha village near Baki (Baki, Awdal). No agreement was reached. Clan militias were still regrouping in the village.",0,,1774318961
SOM55398,11-February-2026,2026,1,Political violence,Battles,Armed clash,Military Forces of Somalia (2022-) Special Forces,Military Forces of Somalia (2022-) Jubaland Security Force,1,Al Shabaab,,2,12,,706,Eastern Africa,Somalia,Lower Juba,Jamaame,,Bangeeni,0.05,42.7167,2,REDACTED IN SAMPLE,REDACTED IN SAMPLE,"On 11 February 2026, government security forces (Danab) and Jubaland security forces clashed with Al Shabaab near Bangeeni village (Jamaame, Lower Juba). Casualties unknown.",0,,1774318961
SOM55399,11-February-2026,2026,1,Political violence,Battles,Armed clash,Military Forces of Somalia (2022-) Special Forces,Military Forces of Somalia (2022-) Jubaland Security Force,1,Al Shabaab,,2,12,,706,Eastern Africa,Somalia,Lower Juba,Jamaame,,Bar-Sanguun,-0.0416,42.5945,2,REDACTED IN SAMPLE,REDACTED IN SAMPLE,"On 11 February 2026, government security forces (Danab) and Jubaland security forces clashed with Al Shabaab near Bar-Sanguun village (Jamaame, Lower Juba). Casualties unknown.",0,,1774318961
SOM55400,11-February-2026,2026,1,Demonstrations,Protests,Peaceful protest,Protesters (Somalia),,6,,,0,60,,706,Eastern Africa,Somalia,Woqooyi Galbeed,Berbera,,Berbera,10.4396,45.0143,1,REDACTED IN SAMPLE,REDACTED IN SAMPLE,"On 11 February 2026, residents protested in Berbera town (Berbera, Woqooyi Galbeed) due to high electricity tariffs and lower power voltage.",0,crowd size=no report,1774318961
SOM55401,11-February-2026,2026,1,Strategic developments,Strategic developments,Change to group/activity,Al Shabaab,,2,,,0,20,,706,Eastern Africa,Somalia,Lower Juba,Afmadow,,Dhobley,0.4063,41.0124,2,REDACTED IN SAMPLE,REDACTED IN SAMPLE,"Movement of forces: On 11 February 2026, Al Shabaab traveling in a convoy of five vehicles (three Toyota Succeed and two Toyota Prado) were observed in the vicinity of Kombolosh village near Dhobley town (Afmadow, Lower Juba).",0,,1774318961
SOM55402,11-February-2026,2026,1,Strategic developments,Strategic developments,Agreement,Dir-Gadabuursi Bahabarmuse Sub-Clan Militia (Somalia),,4,Dir-Issa Mamasaan Sub-Clan Militia (Somalia),,4,44,,706,Eastern Africa,Somalia,Awdal,Lughaye,,Geerisa,10.6035,43.4336,1,REDACTED IN SAMPLE,REDACTED IN SAMPLE,"On 11 February 2026, Dir-Gadabuursi Bahabarmuse Sub-Clan Militia and Dir-Issa Mamasaan Sub-Clan Militia held talks in Geerisa village (Lughaye, Awdal). No agreement was reached. Clan militias were still regrouping in the village.",0,,1774318961
SOM55403,11-February-2026,2026,1,Strategic developments,Strategic developments,Agreement,Dir-Issa Sub-Clan Militia (Somalia),,4,Dir-Gadabuursi Sub-Clan Militia (Somalia),,4,44,,706,Eastern Africa,Somalia,Awdal,Zeylac,,Harirad,10.5667,42.9667,1,REDACTED IN SAMPLE,REDACTED IN SAMPLE,"On 11 February 2026, Dir-Gadabuursi Bahabarmuse Sub-Clan Militia and Dir-Issa Mamasaan Sub-Clan Militia held talks in Harirad village (Zeylac, Awdal). No agreement was reached. Clan militias were still regrouping in the village.",0,,1774318961
SOM55404,11-February-2026,2026,1,Political violence,Battles,Armed clash,Military Forces of Somalia (2022-) Special Forces,Military Forces of Somalia (2022-) Jubaland Security Force; Unidentified Military Forces,1,Al Shabaab,,2,12,,706,Eastern Africa,Somalia,Lower Juba,Jamaame,,Jamaame,0.0692,42.7382,2,REDACTED IN SAMPLE,REDACTED IN SAMPLE,"On 11 February 2026, government security forces (Danab) and Jubaland security forces clashed with Al Shabaab in Maanbile village near Jamaame town (Jamaame, Lower Juba), Araara, Bangeeni, Kobon, and Xabaalaha Carab-Shaleeti (coded separately). The operation was supported by an airstrike from international forces (coded as Unidentified Military Forces). The forces destroyed five vehicles, including four Land Cruisers, one Toyota Ace, and two boats. 9 soldiers were killed and 15 others were injured. 70 AS fighters were killed, with many others sustaining serious injuries. 70 fatalities split across 5 events and coded as 23 for this event. Fatalities coded as 23 (14 militants and 9 soldiers).",23,,1774318961
SOM55405,11-February-2026,2026,1,Political violence,Explosions/Remote violence,Remote explosive/landmine/IED,Al Shabaab,,2,Military Forces of Somalia (2022-),Civilians (Somalia),1,12,,706,Eastern Africa,Somalia,Middle Shabelle,Jowhar,,Jowhar,2.7797,45.5042,1,REDACTED IN SAMPLE,REDACTED IN SAMPLE,"On 11 February 2026, an IED planted by suspected Al Shabaab exploded, targeting government security forces (SNA) vehicle along the main road in Jowhar town (Jowhar, Middle Shabelle). 1 civilian bystander was injured.",0,,1774318961
SOM55406,11-February-2026,2026,1,Political violence,Battles,Armed clash,Military Forces of Somalia (2022-) Special Forces,Military Forces of Somalia (2022-) Jubaland Security Force,1,Al Shabaab,,2,12,,706,Eastern Africa,Somalia,Lower Juba,Jamaame,,Kamsuuma,0.2494,42.7751,2,REDACTED IN SAMPLE,REDACTED IN SAMPLE,"On 11 February 2026, government security forces (Danab) and Jubaland security forces clashed with Al Shabaab near Kamsuuma village (Jamaame, Lower Juba). Casualties unknown.",0,,1774318961
SOM55407,11-February-2026,2026,1,Political violence,Battles,Armed clash,Military Forces of Somalia (2022-) Special Forces,Military Forces of Somalia (2022-) Jubaland Security Force,1,Al Shabaab,,2,12,,706,Eastern Africa,Somalia,Lower Juba,Jamaame,,Kobon,0.0356,42.7091,2,REDACTED IN SAMPLE,REDACTED IN SAMPLE,"On 11 February 2026, government security forces (Danab) and Jubaland security forces clashed with Al Shabaab near Kobon village (Jamaame, Lower Juba). Casualties unknown.",0,,1774318961
SOM55408,11-February-2026,2026,1,Political violence,Battles,Armed clash,Darod-Marehan-Reer-Aw Hassan Sub-Clan Militia (Somalia),,4,Rahanweyn-Mirifle-Maalim Weyne Sub-Clan Militia (Somalia),,4,44,,706,Eastern Africa,Somalia,Gedo,Luuq,,Luuq,3.8,42.5446,1,REDACTED IN SAMPLE,REDACTED IN SAMPLE,"On 11 February 2026, two local clan militias (likely Darod Marehan Reer Aw Hassan sub-clan militia and Rahanweyn Moalim Weyne sub-clan militia due to similar incidents involving the groups) clashed on the outskirts of Luuq town (Luuq, Gedo). There were no casualties.",0,,1774318961
SOM55409,11-February-2026,2026,1,Political violence,Battles,Armed clash,Military Forces of Somalia (2022-) Special Forces,Military Forces of Somalia (2022-) Jubaland Security Force,1,Al Shabaab,,2,12,,706,Eastern Africa,Somalia,Lower Juba,Jamaame,,Malayle,-0.0016,42.6609,2,REDACTED IN SAMPLE,REDACTED IN SAMPLE,"On 11 February 2026, government security forces (Danab) and Jubaland security forces clashed with Al Shabaab near Malayle village (Jamaame, Lower Juba). Casualties unknown.",0,,1774318961
SOM55410,11-February-2026,2026,1,Political violence,Battles,Armed clash,Military Forces of Somalia (2022-) Special Forces,Hawiye-Hawadle Sub-Clan Militia (Somalia),1,Al Shabaab,,2,12,,706,Eastern Africa,Somalia,Hiraan,Bulo Burto,,Maxaas,4.3934,46.0882,2,REDACTED IN SAMPLE,REDACTED IN SAMPLE,"On 11 February 2026, government security forces (Danab) and Hawiye-Hawadle sub-clan militia clashed with Al Shabaab in Suulnaaye and Xawaal Sheekh area near Maxaas town (Bulo Burto, Hiraan). 2 militants were killed.",2,,1774318961
SOM55411,11-February-2026,2026,1,Political violence,Riots,Mob violence,Rioters (Somalia),Vigilante Group (Somalia),5,Civilians (Somalia),,7,57,Civilian targeting,706,Eastern Africa,Somalia,Banadir,Banadir,,Mogadishu - Daynile,2.0576,45.2853,1,REDACTED IN SAMPLE,REDACTED IN SAMPLE,"On 11 February 2026, a mob of locals beat two youth gangs members operating in the Taalada Daynile area in Mogadishu - Daynile (Banadir), stealing mobile phones and stabbing civilians. Extent of injuries unknown.",0,crowd size=no report,1774318961
SOM55412,11-February-2026,2026,1,Political violence,Battles,Armed clash,Military Forces of Somalia (2022-),,1,Military Forces of Somalia (2022-),,1,11,,706,Eastern Africa,Somalia,Banadir,Banadir,,Mogadishu - Yaqshid,2.0678,45.35,1,REDACTED IN SAMPLE,REDACTED IN SAMPLE,"On 11 February 2026, 2 groups of government security forces (SNA) clashed with Fagah junction road neighborhood in Mogadishu - Yaqshid (Banadir). The motive was due to unknown dispute. 2 soldiers and 1 civilian bystander were injured.",0,,1774318961
SOM55413,11-February-2026,2026,1,Demonstrations,Protests,Peaceful protest,Protesters (Somalia),,6,,,0,60,,706,Eastern Africa,Somalia,Banadir,Banadir,,Mogadishu - Yaqshid,2.0678,45.35,1,REDACTED IN SAMPLE,REDACTED IN SAMPLE,"On 11 February 2026, residents protested in the Suuqa-Xoolaha area in Mogadishu - Yaqshid (Banadir) against land eviction.",0,crowd size=no report,1774318961
SOM55414,11-February-2026,2026,1,Strategic developments,Strategic developments,Agreement,Dir-Gadabuursi Bahabarmuse Sub-Clan Militia (Somalia),,4,Dir-Issa Mamasaan Sub-Clan Militia (Somalia),,4,44,,706,Eastern Africa,Somalia,Awdal,Baki,,Osoli,10.4376,43.7054,1,REDACTED IN SAMPLE,REDACTED IN SAMPLE,"On 11 February 2026, Dir-Gadabuursi Bahabarmuse Sub-Clan Militia and Dir-Issa Mamasaan Sub-Clan Militia held talks in Osoli village (Baki, Awdal). No agreement was reached. Clan militias were still regrouping in the village.",0,,1774318961
SOM55415,11-February-2026,2026,1,Political violence,Battles,Armed clash,Al Shabaab,,2,Military Forces of Somalia (2022-),,1,12,,706,Eastern Africa,Somalia,Lower Shabelle,Qoryooley,,Qoryooley,1.7878,44.53,1,REDACTED IN SAMPLE,REDACTED IN SAMPLE,"On 11 February 2026, Al Shabaab clashed with government security forces (SNA) at a checkpoint in Qoryooley town (Qoryooley, Lower Shabelle). Al Shabaab claimed to have killed at least 2 soldiers, and others were injured.",2,,1774318961
SOM55416,11-February-2026,2026,1,Political violence,Battles,Armed clash,Darod-Majeerteen Sub-Clan Militia (Somalia),,4,Darod-Harti-Leelkayse Sub-Clan Militia (Somalia),,4,44,,706,Eastern Africa,Somalia,Mudug,Gaalkacyo,,Roox,7.2105,47.4313,1,REDACTED IN SAMPLE,REDACTED IN SAMPLE,"On 11 February 2026, Darod Majeerten Abdale Ibrahim clan militia and Darod Leelkase-Fiqi Ismail clan militia clashed on the outskirts of Roox village (Gaalkacyo, Mudug) after a militia from Majeerteen had killed a clan elder in the village the day before (coded separately). Casualties unknown.",0,,1774318961
SOM55461,11-February-2026,2026,1,Political violence,Battles,Armed clash,Military Forces of Somalia (2022-) Jubaland Intelligence and Security Agency,Military Forces of Somalia (2022-) Jubaland Security Force,1,Al Shabaab,,2,12,,706,Eastern Africa,Somalia,Lower Juba,Badhaadhe,,Badhaadhe,-1.03,41.483,2,REDACTED IN SAMPLE,REDACTED IN SAMPLE,"On 11 February 2026, for the first day, Jubaland Intelligence and Security Agency (JISA) and Jubaland security forces clashed with Al Shabaab in Badda-madaw area near Badhaadhe town (Badhaadhe, Lower Juba). There were no casualties. The clash continued the following day (coded separately).",0,,1774318961
SOM55462,11-February-2026,2026,1,Political violence,Battles,Armed clash,Military Forces of Somalia (2022-) Jubaland Intelligence and Security Agency,Military Forces of Somalia (2022-) Jubaland Security Force,1,Al Shabaab,,2,12,,706,Eastern Africa,Somalia,Lower Juba,Badhaadhe,,Hoja Wajeer,-1.2408,41.5395,1,REDACTED IN SAMPLE,REDACTED IN SAMPLE,"On 11 February 2026, for the first day, Jubaland Intelligence and Security Agency (JISA) and Jubaland security forces clashed with Al Shabaab in the vicinity of Lagat Hoja Wajeer area (Badhaadhe, Lower Juba). There were no casualties. The clash continued the following day (coded separately).",0,,1774318961
SOM55417,12-February-2026,2026,1,Political violence,Battles,Armed clash,Military Forces of Somalia (2022-),Military Forces of Somalia (2022-) Special Forces,1,Al Shabaab,,2,12,,706,Eastern Africa,Somalia,Middle Shabelle,Balcad,,Balcad,2.3468,45.3902,2,REDACTED IN SAMPLE,REDACTED IN SAMPLE,"On 12 February 2026, government security forces (SNA/Gorgor) clashed with an Al Shabaab hideout in Gaarlawe village and Gaalka Umar village near Balcad town (Balcad, Middle Shabelle). There were no casualties.",0,,1774318961
SOM55418,12-February-2026,2026,1,Strategic developments,Strategic developments,Change to group/activity,Al Shabaab,,2,,,0,20,,706,Eastern Africa,Somalia,Middle Shabelle,Balcad,,Balcad,2.3468,45.3902,2,REDACTED IN SAMPLE,REDACTED IN SAMPLE,"Movement of forces: On 12 February 2026, Al Shabaab were observed regrouping in Bula Bajiino village near Balcad town (Balcad, Middle Shabelle).",0,,1774318961
SOM55419,12-February-2026,2026,1,Political violence,Violence against civilians,Attack,Military Forces of Somalia (2022-) National Intelligence and Security Agency,,1,Civilians (Somalia),Taxi Drivers (Somalia),7,17,Civilian targeting,706,Eastern Africa,Somalia,Banadir,Banadir,,Mogadishu - Hodan,2.0376,45.3058,1,REDACTED IN SAMPLE,REDACTED IN SAMPLE,"On 12 February 2026, undercover government security forces (NISA) shot and killed a Bajaj driver in Mogadishu - Hodan (Banadir). The officers attempted to extort the driver. They shot him after his speed-off.",1,,1774318961
SOM55420,12-February-2026,2026,1,Political violence,Battles,Armed clash,Dir-Gadabuursi Bahabarmuse Sub-Clan Militia (Somalia),,4,Dir-Issa Mamasaan Sub-Clan Militia (Somalia),,4,44,,706,Eastern Africa,Somalia,Awdal,Baki,,Osoli,10.4376,43.7054,1,REDACTED IN SAMPLE,REDACTED IN SAMPLE,"On 12 February 2026, Dir Bahabarmuse of Gadabuursi clan forces and Dir Mamasaan of Issa clan militias clashed in the Osoli village (Baki, Awdal). There were no casualties.",0,,1774318961
SOM55421,12-February-2026,2026,1,Political violence,Battles,Armed clash,Military Forces of Somalia (2022-),Military Forces of Somalia (2022-) Special Forces,1,Al Shabaab,,2,12,,706,Eastern Africa,Somalia,Middle Shabelle,Balcad,,Xawaadleey,2.5826,45.4894,1,REDACTED IN SAMPLE,REDACTED IN SAMPLE,"On 12 February 2026, government security forces (SNA/Gorgor) clashed with Al Shabaab in the vicinity of Xawaadleey village (Balcad, Middle Shabelle). There were no casualties.",0,,1774318961
SOM55430,12-February-2026,2026,1,Political violence,Violence against civilians,Attack,Al Shabaab,,2,Civilians (Ethiopia),,7,27,Civilian targeting,706,Eastern Africa,Somalia,Gedo,Belet Xaawo,,Belet Xaawo,3.7807,41.8943,1,REDACTED IN SAMPLE,REDACTED IN SAMPLE,"On 12 February 2026, suspected Al Shabaab shot and killed an Ethiopian national in Belet Xaawo town (Belet Xaawo, Gedo).",1,,1774318961
SOM55431,12-February-2026,2026,1,Political violence,Battles,Armed clash,Al Shabaab,,2,AUSSOM: Africa Union Support and Stabilisation Mission in Somalia (2025-) (Ethiopia),,8,28,,706,Eastern Africa,Somalia,Bay,Diinsoor,,Diinsoor,2.4074,42.9766,1,REDACTED IN SAMPLE,REDACTED IN SAMPLE,"On 12 February 2026, overnight, Al Shabaab clashed with AUSSOM ENDF troops at a base in Diinsoor town (Diinsoor, Bay). There were no casualties. Al Shabaab claimed responsibility.",0,,1774318961
SOM55432,12-February-2026,2026,1,Political violence,Battles,Armed clash,Al Shabaab,,2,Military Forces of Somalia (2022-),,1,12,,706,Eastern Africa,Somalia,Lower Shabelle,Marka,,Janaale,1.8,44.7,1,REDACTED IN SAMPLE,REDACTED IN SAMPLE,"On 12 February 2026, overnight, suspected Al Shabaab clashed with government security forces (SNA) on a foot patrol on the outskirts of Janaale town (Marka, Lower Shabelle) after the militants threw a hand grenade. There were no casualties.",0,,1774318961
SOM55433,12-February-2026,2026,1,Political violence,Violence against civilians,Attack,Military Forces of Somalia (2022-),,1,Civilians (Somalia),,7,17,Civilian targeting,706,Eastern Africa,Somalia,Banadir,Banadir,,Mogadishu - Daynile,2.0576,45.2853,1,REDACTED IN SAMPLE,REDACTED IN SAMPLE,"On 12 February 2026, overnight, a government soldier (SNA), armed with an AK-47, shot and injured a civilian man in the Barwaaqo neighborhood in Mogadishu - Daynile (Banadir). The motive was due to extortion for money and a smartphone.",0,,1774318961
SOM55463,12-February-2026,2026,1,Political violence,Battles,Armed clash,Military Forces of Somalia (2022-) Jubaland Intelligence and Security Agency,Military Forces of Somalia (2022-) Jubaland Security Force,1,Al Shabaab,,2,12,,706,Eastern Africa,Somalia,Lower Juba,Badhaadhe,,Badhaadhe,-1.03,41.483,2,REDACTED IN SAMPLE,REDACTED IN SAMPLE,"On 12 February 2026, for the second consecutive day, Jubaland Intelligence and Security Agency (JISA) and Jubaland security forces clashed with Al Shabaab in Badda-madaw area near Badhaadhe town (Badhaadhe, Lower Juba). There were no casualties. The clash continued the following day (coded separately).",0,,1774318961
SOM55464,12-February-2026,2026,1,Political violence,Battles,Armed clash,Military Forces of Somalia (2022-) Jubaland Intelligence and Security Agency,Military Forces of Somalia (2022-) Jubaland Security Force,1,Al Shabaab,,2,12,,706,Eastern Africa,Somalia,Lower Juba,Badhaadhe,,Hoja Wajeer,-1.2408,41.5395,1,REDACTED IN SAMPLE,REDACTED IN SAMPLE,"On 12 February 2026, for the second consecutive day, Jubaland Intelligence and Security Agency (JISA) and Jubaland security forces clashed with Al Shabaab in the vicinity of Lagat Hoja Wajeer area (Badhaadhe, Lower Juba). There were no casualties. The clash continued the following day (coded separately).",0,,1774318961
SOM55465,12-February-2026,2026,1,Political violence,Battles,Armed clash,Dir-Gadabuursi Bahabarmuse Sub-Clan Militia (Somalia),,4,Dir-Issa Mamasaan Sub-Clan Militia (Somalia),,4,44,,706,Eastern Africa,Somalia,Awdal,Zeylac,,Jidhi,10.6227,43.0706,2,REDACTED IN SAMPLE,REDACTED IN SAMPLE,"On 12 February 2026, Dir-Gadabuursi Bahabarmuse and Dir-Issa Mamasaan sub-clan militia clashed in Heemaal village near Jidhi town (Zeylac, Awdal). The motive was due to clan revenge and land dispute. 2 people were injured.",0,,1774318961
SOM55466,12-February-2026,2026,1,Political violence,Battles,Armed clash,Military Forces of Somalia (2022-),,1,Al Shabaab,,2,12,,706,Eastern Africa,Somalia,Middle Shabelle,Balcad,,Xawaadleey,2.5826,45.4894,2,REDACTED IN SAMPLE,REDACTED IN SAMPLE,"On 12 February 2026, government security forces (SNA) clashed with Al Shabaab near Xawaadleey village (Balcad, Middle Shabelle). There were no casualties.",0,,1774318961
SOM55422,13-February-2026,2026,1,Demonstrations,Protests,Peaceful protest,Protesters (Somalia),,6,,,0,60,,706,Eastern Africa,Somalia,Hiraan,Bulo Burto,,Buqda Caqable,4.0601,45.2577,1,REDACTED IN SAMPLE,REDACTED IN SAMPLE,"On 13 February 2026, residents protested in Buqda Caqable village (Bulo Burto, Hiraan), in support of Al Shabaab's claimed victory in the Jamaame district. Earlier this week, Al Shabaab claimed they had killed several soldiers and damaged military vehicles (coded separately).",0,crowd size=no report,1776123266
SOM55423,13-February-2026,2026,1,Demonstrations,Protests,Peaceful protest,Protesters (Somalia),,6,,,0,60,,706,Eastern Africa,Somalia,Bay,Buur Hakaba,,Buulo Fulaay,2.1106,43.5233,1,REDACTED IN SAMPLE,REDACTED IN SAMPLE,"On 13 February 2026, residents protested in Buulo Fulaay town (Buur Hakaba, Bay) after the Friday prayers in support of the Al Shabaab operation in the Jamaame district.",0,crowd size=no report,1776123266
SOM55424,13-February-2026,2026,1,Demonstrations,Protests,Peaceful protest,Protesters (Somalia),,6,,,0,60,,706,Eastern Africa,Somalia,Lower Juba,Jamaame,,Jamaame,0.0692,42.7382,1,REDACTED IN SAMPLE,REDACTED IN SAMPLE,"On 13 February 2026, residents protested in Jamaame town (Jamaame, Lower Juba) after the Friday prayers in support of the Al Shabaab operation in the Jamaame district.",0,crowd size=no report,1776123266
SOM55425,13-February-2026,2026,1,Demonstrations,Protests,Peaceful protest,Protesters (Somalia),Al Shabaab,6,,,0,60,,706,Eastern Africa,Somalia,Middle Juba,Jilib,,Jilib,0.4833,42.7666,1,REDACTED IN SAMPLE,REDACTED IN SAMPLE,"On 13 February 2026, youth and women protested at the Dabaqeenta mosque area in Jilib town (Jilib, Middle Shabelle). Al Shabaab organized the protest after Friday prayers to show support for their claimed victory in the Jamaame area.",0,crowd size=no report,1774318961
SOM55426,13-February-2026,2026,1,Political violence,Violence against civilians,Attack,Hawiye-Habar Gedir-Ayr Sub-Clan Militia (Somalia),,4,Civilians (Somalia),Pastoralists (Somalia),7,47,Civilian targeting,706,Eastern Africa,Somalia,Galgaduud,Cabudwaaq,,Laanle,6.1712,46.2017,2,REDACTED IN SAMPLE,REDACTED IN SAMPLE,"On 13 February 2026, Hawiye Habargedir Ayr clan militia opened heavy gunfire on pastoralists at a water point near Laanle village (Cabudwaaq, Galgaduud). 2 civilians were injured. Extent of injuries unknown.",0,,1774318961
SOM55427,13-February-2026,2026,1,Demonstrations,Protests,Peaceful protest,Protesters (Somalia),,6,,,0,60,,706,Eastern Africa,Somalia,Lower Shabelle,Sablaale,,Sablaale,1.2495,43.8045,1,REDACTED IN SAMPLE,REDACTED IN SAMPLE,"On 13 February 2026, residents protested in Sablaale (Sablaale, Lower Shabelle) after the Friday prayers in support of the Al Shabaab operation in the Jamaame district.",0,crowd size=no report,1776123266
SOM55428,13-February-2026,2026,1,Demonstrations,Protests,Peaceful protest,Protesters (Somalia),,6,,,0,60,,706,Eastern Africa,Somalia,Hiraan,Jalalaqsi,,Shaw,3.4166,45.4085,1,REDACTED IN SAMPLE,REDACTED IN SAMPLE,"On 13 February 2026, residents protested in Shaw village (Jalalaqsi, Hiraan), in support of Al Shabaab's claimed victory in the Jamaame district. Earlier this week, Al Shabaab claimed they had killed several soldiers and damaged military vehicles (coded separately).",0,crowd size=no report,1776123266
SOM55429,13-February-2026,2026,1,Demonstrations,Protests,Peaceful protest,Protesters (Somalia),,6,,,0,60,,706,Eastern Africa,Somalia,Galgaduud,Ceel Buur,,Xin Dheere,4.7258,46.2191,1,REDACTED IN SAMPLE,REDACTED IN SAMPLE,"On 13 February 2026, residents protested in Xin Dheere town (Ceel Buur, Galgaduud), in support of Al Shabaab's claimed victory in the Jamaame district. Earlier this week, Al Shabaab claimed they had killed several soldiers and damaged military vehicles (coded separately).",0,crowd size=no report,1776191110
SOM55434,13-February-2026,2026,1,Political violence,Explosions/Remote violence,Air/drone strike,Military Forces of the United States (2025-),,8,Islamic State Somalia Province,,2,28,,706,Eastern Africa,Somalia,Bari,Qandala,,Buuraha Cali Miskat,10.8548,49.7434,2,REDACTED IN SAMPLE,REDACTED IN SAMPLE,"On 13 February 2026, US forces conducted airstrikes targeting Islamic State Somalia Province position in the vicinity of the Golis Mountains, approximately 50 km southeast of Bossaso, near Buuraha Cali Miskat (Qandala, Bari). Casualties unknown.",0,,1776191110
SOM55435,13-February-2026,2026,1,Political violence,Explosions/Remote violence,Remote explosive/landmine/IED,Al Shabaab,,2,Civilians (Somalia),Government of Somalia (2022-) Southwest Administration,7,27,Civilian targeting,706,Eastern Africa,Somalia,Bay,Baydhaba,,Berdaale,3.215,43.1983,1,REDACTED IN SAMPLE,REDACTED IN SAMPLE,"On 13 February 2026, overnight, an IED planted by Al Shabaab exploded, targeting the residence of a local official in Berdaale town (Baydhaba, Bay). The explosion destroyed the gate. Casualties unknown.",0,,1776129112
SOM55436,13-February-2026,2026,1,Political violence,Violence against civilians,Attack,Hawiye-Habar Gedir-Duduble Sub-Clan Militia (Somalia),,4,Civilians (Somalia),Hawiye-Habar Gedir-Ayr Sub-Clan Group (Somalia); Pastoralists (Somalia),7,47,Civilian targeting,706,Eastern Africa,Somalia,Galgaduud,Dhuusamarreeb,,Bulacle,5.3329,46.4768,2,REDACTED IN SAMPLE,REDACTED IN SAMPLE,"On 13 February 2026, Hawiye-Habar Gedir-Duduble sub-clan militia shot and killed a pastoralist from Hawiye-Habar Gedir-Ayr sub-clan near Bulacle village (Dhuusamarreeb, Galgaduud). The motive was due to clan revenge and land dispute.",1,,1776191110
SOM55437,13-February-2026,2026,1,Strategic developments,Strategic developments,Disrupted weapons use,Police Forces of Somalia (2022-) Southwest Special Police Forces,,1,Al Shabaab,,2,12,,706,Eastern Africa,Somalia,Bay,Buur Hakaba,,Buur Xakaba,2.8049,44.0821,1,REDACTED IN SAMPLE,REDACTED IN SAMPLE,"Defusal: On 13 February 2026, Southwest Special Police Forces (SWSPF) discovered and defused an IED planted by Al Shabaab in Buur Xakaba town (Buur Hakaba, Bay).",0,,1774318961
SOM55438,13-February-2026,2026,1,Strategic developments,Strategic developments,Looting/property destruction,Isaaq-Habar Jeclo Sub-Clan Militia (Somalia),,4,Civilians (Somalia),Labor Group (Somalia),7,47,,706,Eastern Africa,Somalia,Sanaag,Ceel Afweyn,,Fadhi Gaab,9.6667,47.0144,1,REDACTED IN SAMPLE,REDACTED IN SAMPLE,"Looting: On 13 February 2026, Isaaq-Habar Jeclo sub-clan militia set up a roadblock and looted a vehicle carrying khat/mira in Fadhi Gaab village (Ceel Afweyn, Sanaag). The vehicle was en route to Erigavo in the Sanaag region at the time of the incident.",0,,1774318961
SOM55439,13-February-2026,2026,1,Political violence,Battles,Armed clash,Unidentified Armed Group (Somalia),,3,Police Forces of Somalia (2022-) Puntland Police Force,,1,13,,706,Eastern Africa,Somalia,Nugaal,Garoowe,,Garowe,8.4064,48.4819,1,REDACTED IN SAMPLE,REDACTED IN SAMPLE,"On 13 February 2026, an unidentified armed group clashed with Puntland police at the Barxada area in Garowe town (Garoowe, Nugaal) following a police operation targeting suspects in possession of weapons stolen from Laas Canood. The police apprehended the suspects and confiscated the stolen weapons. 2 civilian bystanders were injured.",0,,1774318961
SOM55440,13-February-2026,2026,1,Strategic developments,Strategic developments,Disrupted weapons use,Military Forces of Somalia (2022-) Jubaland Security Force,,1,Al Shabaab,,2,12,,706,Eastern Africa,Somalia,Lower Juba,Afmadow,,Jana Cabdalle,0.0288,42.2882,2,REDACTED IN SAMPLE,REDACTED IN SAMPLE,"Defusal: On 13 February 2026, Jubaland Security Force defused a landmine planted by Al Shabaab between Biibi and Jana Cabdalle village (Afmadow, Lower Juba).",0,,1774318961
SOM55441,13-February-2026,2026,1,Political violence,Battles,Armed clash,Al Shabaab,,2,AUSSOM: Africa Union Support and Stabilisation Mission in Somalia (2025-) (Uganda),,8,28,,706,Eastern Africa,Somalia,Lower Shabelle,Qoryooley,,Qoryooley,1.7878,44.53,1,REDACTED IN SAMPLE,REDACTED IN SAMPLE,"On 13 February 2026, overnight, Al Shabaab clashed with AUSSOM UPDF troops at a base in Qoryooley town (Qoryooley, Lower Shabelle). There were no casualties. Al Shabaab claimed responsibility.",0,,1774318961
SOM55467,13-February-2026,2026,1,Political violence,Battles,Armed clash,Military Forces of Somalia (2022-) Jubaland Intelligence and Security Agency,Military Forces of Somalia (2022-) Jubaland Security Force,1,Al Shabaab,,2,12,,706,Eastern Africa,Somalia,Lower Juba,Badhaadhe,,Badhaadhe,-1.03,41.483,2,REDACTED IN SAMPLE,REDACTED IN SAMPLE,"On 13 February 2026, for the third consecutive day, Jubaland Intelligence and Security Agency (JISA) and Jubaland security forces clashed with Al Shabaab in Badda-madaw area near Badhaadhe town (Badhaadhe, Lower Juba). 12 militants were killed, and others were injured.",12,,1774318961
SOM55468,13-February-2026,2026,1,Political violence,Battles,Armed clash,Military Forces of Somalia (2022-) Jubaland Intelligence and Security Agency,Military Forces of Somalia (2022-) Jubaland Security Force,1,Al Shabaab,,2,12,,706,Eastern Africa,Somalia,Lower Juba,Badhaadhe,,Hoja Wajeer,-1.2408,41.5395,1,REDACTED IN SAMPLE,REDACTED IN SAMPLE,"On 13 February 2026, for the third consecutive day, Jubaland Intelligence and Security Agency (JISA) and Jubaland security forces clashed with Al Shabaab in the vicinity of Lagat Hoja Wajeer area (Badhaadhe, Lower Juba). 15 militants were killed.",15,,1774318961
SOM55469,13-February-2026,2026,1,Political violence,Battles,Armed clash,Al Shabaab,,2,Military Forces of Somalia (2022-),,1,12,,706,Eastern Africa,Somalia,Lower Shabelle,Marka,,Janaale,1.8,44.7,1,REDACTED IN SAMPLE,REDACTED IN SAMPLE,"On 13 February 2026, Al Shabaab clashed with government security forces (SNA) at a base in Janaale town (Marka, Lower Shabelle). There were no casualties.",0,,1774318961
SOM55470,13-February-2026,2026,1,Political violence,Violence against civilians,Attack,Military Forces of Somalia (2022-),,1,Civilians (Somalia),,7,17,Civilian targeting,706,Eastern Africa,Somalia,Banadir,Banadir,,Mogadishu - Heliwa,2.0844,45.39,1,REDACTED IN SAMPLE,REDACTED IN SAMPLE,"On 13 February 2026, a government soldier (SNA) with an AK-47 rifle shot and injured a civilian in the Suuqa Xoolaha neighborhood in Mogadishu - Heliwa (Banadir). The soldier looted the victim's mobile phone.",0,,1774318961
SOM55471,13-February-2026,2026,1,Political violence,Battles,Armed clash,Military Forces of Somalia (2022-) Special Forces,,1,Al Shabaab,,2,12,,706,Eastern Africa,Somalia,Middle Shabelle,Balcad,,Warshiikh,2.2983,45.798,2,REDACTED IN SAMPLE,REDACTED IN SAMPLE,"On 13 February 2026, government security forces (SNA) clashed with Al Shabaab near Warshiikh village (Balcad, Middle Shabelle). 2 soldiers were injured.",0,,1774318961
SOM55472,13-February-2026,2026,1,Strategic developments,Strategic developments,Disrupted weapons use,Military Forces of Somalia (2022-),,1,Al Shabaab,,2,12,,706,Eastern Africa,Somalia,Middle Shabelle,Balcad,,Xawaadleey,2.5826,45.4894,1,REDACTED IN SAMPLE,REDACTED IN SAMPLE,"Defusal: On 13 February 2026, government security forces (SNA) defused and neutralized IEDs and other devices planted by Al Shabaab in the vicinity of Xawaadleey village (Balcad, Middle Shabelle).",0,,1774318961
SOM55442,14-February-2026,2026,1,Political violence,Battles,Armed clash,Military Forces of Somalia (2022-) Jubaland Intelligence and Security Agency,Military Forces of Somalia (2022-) Jubaland Security Force; Unidentified Military Forces,1,Al Shabaab,,2,12,,706,Eastern Africa,Somalia,Lower Juba,Badhaadhe,,Badhaadhe,-1.03,41.483,2,REDACTED IN SAMPLE,REDACTED IN SAMPLE,"On 14 February 2026, Jubaland Intelligence and Security Agency (JISA) and Jubaland security forces clashed with Al Shabaab in Badda-madaw area near Badhaadhe town (Badhaadhe, Lower Juba) and Hoja Wajeer (coded separately). The operation was supported by airstrikes from international forces (coded as Unidentified Military Forces). The forces destroyed Al Shabaab landmine centers and seized more than 90 explosive devices. 5 soldiers and more than 60 Al Shabaab were killed, 50 of the bodies were taken to Ras Kamboni. 65 fatalities split across 2 events and coded as 33 for this event.",33,,1774318961
SOM55443,14-February-2026,2026,1,Political violence,Violence against civilians,Attack,Dir Clan Militia (Somalia),,4,Civilians (Somalia),Darod-Marehan Sub-Clan Group (Somalia); Pastoralists (Somalia),7,47,Civilian targeting,706,Eastern Africa,Somalia,Galgaduud,Cabudwaaq,,Balanbale,5.689,45.9693,2,REDACTED IN SAMPLE,REDACTED IN SAMPLE,"On 14 February 2026, Dir clan militia opened fire on pastoralists from Marehan clan in the vicinity Yoocaale village near Balanbale village (Cabudwaaq, Galgaduud). The motive was due to clan revenge. 1 person was killed and 3 others were injured.",1,,1776191110
SOM55444,14-February-2026,2026,1,Political violence,Explosions/Remote violence,Remote explosive/landmine/IED,Al Shabaab,,2,Military Forces of Somalia (2022-),,1,12,,706,Eastern Africa,Somalia,Hiraan,Belet Weyne,,Belet Weyne,4.736,45.2043,1,REDACTED IN SAMPLE,REDACTED IN SAMPLE,"On 14 February 2026, an IED planted by Al Shabaab exploded, targeting government security forces (SNA) at a checkpoint in Belet Weyne town (Belet Weyne, Hiraan). Al Shabaab claimed to have injured an unknown number of soldiers.",0,,1774318961
SOM55445,14-February-2026,2026,1,Political violence,Battles,Armed clash,Military Forces of Somalia (2022-) Jubaland Intelligence and Security Agency,Military Forces of Somalia (2022-) Jubaland Security Force,1,Al Shabaab,,2,12,,706,Eastern Africa,Somalia,Lower Juba,Badhaadhe,,Hoja Wajeer,-1.2408,41.5395,1,REDACTED IN SAMPLE,REDACTED IN SAMPLE,"On 14 February 2026, Jubaland Intelligence and Security Agency (JISA) and Jubaland security forces clashed with Al Shabaab in the vicinity of Lagat Hoja Wajeer area (Badhaadhe, Lower Juba) and Badda-madaw (coded separately). The operation was supported by airstrikes from international forces (coded as Unidentified Military Forces). The forces destroyed Al Shabaab landmine centers and seized more than 90 explosive devices. 5 soldiers and more than 60 Al Shabaab were killed, 50 of the bodies were taken to Ras Kamboni. 65 fatalities split across 2 events and coded as 32 for this event.",32,,1774318961
SOM55446,14-February-2026,2026,1,Political violence,Battles,Armed clash,Al Shabaab,,2,AUSSOM: Africa Union Support and Stabilisation Mission in Somalia (2025-) (Uganda),Military Forces of Somalia (2022-),8,28,,706,Eastern Africa,Somalia,Lower Shabelle,Marka,,Janaale,1.8,44.7,1,REDACTED IN SAMPLE,REDACTED IN SAMPLE,"On 14 February 2026, overnight, Al Shabaab clashed with AUSSOM UPDF and government security forces (SNA) joint convoy in the vicinity of Janaale town (Marka, Lower Shabelle). Al Shabaab claimed to have injured 2 UPDF soldiers.",0,,1774318961
SOM55447,14-February-2026,2026,1,Political violence,Battles,Armed clash,Hawiye-Hawadle Sub-Clan Militia (Somalia),,4,Hawiye-Habar Gedir Sub-Clan Militia (Somalia),,4,44,,706,Eastern Africa,Somalia,Hiraan,Bulo Burto,,Maxaas,4.3934,46.0882,2,REDACTED IN SAMPLE,REDACTED IN SAMPLE,"On 14 February 2026, Hawiye-Hawadle sub-clan militia and Hawiye-Habar Gedir sub-clans clashed in the Duwanacad village near Maxaas town (Bulo Burto, Hiraan). The motive was due to a dispute over the digging of a shallow well. 1 Habar Gedir militia member was killed and another was injured.",1,,1774318961
SOM55448,14-February-2026,2026,1,Political violence,Battles,Armed clash,Al Shabaab,,2,Military Forces of Somalia (2022-),,1,12,,706,Eastern Africa,Somalia,Banadir,Banadir,,Mogadishu - Daynile,2.0576,45.2853,1,REDACTED IN SAMPLE,REDACTED IN SAMPLE,"On 14 February 2026, overnight, Al Shabaab clashed with government security forces (SNA) at a checkpoint near the Ministry of Defense neighborhood in Mogadishu - Daynile (Banadir) after the militants threw a hand grenade. Al Shabaab claimed to have injured 4 soldiers.",0,,1774318961
SOM55449,14-February-2026,2026,1,Political violence,Explosions/Remote violence,Remote explosive/landmine/IED,Al Shabaab,,2,Police Forces of Somalia (2022-) Southwest Special Police Forces,,1,12,,706,Eastern Africa,Somalia,Bay,Qansax Dheere,,Qansax Dheere,2.8712,43.0043,1,REDACTED IN SAMPLE,REDACTED IN SAMPLE,"On 14 February 2026, overnight, an IED planted by Al Shabaab exploded, targeting Southwest Special Police Forces (SWSPF) at a checkpoint in Qansax Dheere town (Qansax Dheere, Bay). Al Shabaab claimed to have injured an unknown number of police officers.",0,,1774318961
SOM55450,14-February-2026,2026,1,Political violence,Battles,Armed clash,Al Shabaab,,2,Military Forces of Somalia (2022-),,1,12,,706,Eastern Africa,Somalia,Bakool,Waajid,,Waajid,3.8096,43.2463,1,REDACTED IN SAMPLE,REDACTED IN SAMPLE,"On 14 February 2026, Al Shabaab clashed with a government soldier (SNA) in Waajid town (Waajid, Bakool). The soldier recovered one pistol. There were no casualties.",0,,1774318961
SOM55473,14-February-2026,2026,1,Political violence,Explosions/Remote violence,Air/drone strike,Military Forces of the United States (2025-),,8,Islamic State Somalia Province,,2,28,,706,Eastern Africa,Somalia,Bari,Qandala,,Buuraha Cali Miskat,10.8548,49.7434,2,REDACTED IN SAMPLE,REDACTED IN SAMPLE,"On 14 February 2026, US forces conducted airstrikes targeting Islamic State Somalia Province position in the vicinity of the Golis Mountains, approximately 65 km southeast of Bossaso, near Buuraha Cali Miskat (Qandala, Bari). Casualties unknown.",0,,1776191110
SOM55474,14-February-2026,2026,1,Political violence,Battles,Armed clash,Police Forces of Somalia (2022-) Southwest Special Police Forces,,1,Al Shabaab,,2,12,,706,Eastern Africa,Somalia,Bay,Baydhaba,,Daudow,3.0572,43.651,1,REDACTED IN SAMPLE,REDACTED IN SAMPLE,"On 14 February 2026, Southwest Special Police Forces (SWSPF) clashed with Al Shabaab in Daudow village (Baydhaba, Bay). There were no casualties.",0,,1774318961
SOM55475,14-February-2026,2026,1,Strategic developments,Strategic developments,Looting/property destruction,Military Forces of Somalia (2022-) Special Forces,Military Forces of Somalia (2022-) Jubaland Security Force,1,Al Shabaab,,2,12,,706,Eastern Africa,Somalia,Lower Juba,Jamaame,,Jamaame,0.0692,42.7382,1,REDACTED IN SAMPLE,REDACTED IN SAMPLE,"Property destruction: On 14 February 2026, government security forces (Danab) and Jubaland security forces destroyed Al Shabaab tunnel system on the outskirts of Jamaame town (Jamaame, Lower Juba).",0,,1774318961
SOM55476,14-February-2026,2026,1,Political violence,Battles,Armed clash,Al Shabaab,,2,AUSSOM: Africa Union Support and Stabilisation Mission in Somalia (2025-) (Ethiopia),,8,28,,706,Eastern Africa,Somalia,Bay,Qansax Dheere,,Qansax Dheere,2.8712,43.0043,1,REDACTED IN SAMPLE,REDACTED IN SAMPLE,"On 14 February 2026, Al Shabaab clashed with AUSSOM ENDF troops at a base in Qansax Dheere town (Qansax Dheere, Bay). There were no casualties.",0,,1774318961
SOM55477,14-February-2026,2026,1,Political violence,Battles,Armed clash,Al Shabaab,,2,Military Forces of Somalia (2022-) Jubaland Intelligence and Security Agency,,1,12,,706,Eastern Africa,Somalia,Lower Juba,Badhaadhe,,Ras Kamboni,-1.6375,41.5877,2,REDACTED IN SAMPLE,REDACTED IN SAMPLE,"On 14 February 2026, Al Shabaab ambushed Jubaland Intelligence and Security Agency (JISA) convoy near Ras Kamboni village (Badhaadhe, Lower Juba). An unknown number of soldiers were injured.",0,,1774318961
SOM55451,15-February-2026,2026,1,Political violence,Explosions/Remote violence,Remote explosive/landmine/IED,Al Shabaab,,2,AUSSOM: Africa Union Support and Stabilisation Mission in Somalia (2025-) (Ethiopia),,8,28,,706,Eastern Africa,Somalia,Bay,Baydhaba,,Baidoa,3.1172,43.6469,1,REDACTED IN SAMPLE,REDACTED IN SAMPLE,"On 15 February 2026, an IED planted by Al Shabaab exploded, targeting AUSSOM ENDF troops patrolling outside the airport of Baidoa town (Baydhaba, Bay). Al Shabaab claimed to have killed 4 soldiers and injured 3 others.",4,,1774318961
SOM55452,15-February-2026,2026,1,Political violence,Explosions/Remote violence,Grenade,Al Shabaab,,2,Police Forces of Somalia (2022-) Southwest Special Police Forces,,1,12,,706,Eastern Africa,Somalia,Bay,Baydhaba,,Berdaale,3.215,43.1983,1,REDACTED IN SAMPLE,REDACTED IN SAMPLE,"On 15 February 2026, overnight, Al Shabaab threw a hand grenade targeting the Southwest Special Police Forces (SWSPF) at the police station in Berdaale town (Baydhaba, Bay). Soldiers were injured. Al Shabaab claimed responsibility.",0,,1774318961
SOM55453,15-February-2026,2026,1,Political violence,Battles,Armed clash,Al Shabaab,,2,Police Forces of Somalia (2022-) Southwest Special Police Forces,,1,12,,706,Eastern Africa,Somalia,Bay,Baydhaba,,Carah Guduud,3.1138,43.5853,2,REDACTED IN SAMPLE,REDACTED IN SAMPLE,"On 15 February 2026, Al Shabaab clashed with Southwest Special Police Forces (SWSPF) at a temporary checkpoint near Carah Guduud village (Baydhaba, Bay). Al Shabaab claimed to have killed at least 2 soldiers and confiscated their weapons.",2,,1774318961
SOM55454,15-February-2026,2026,1,Political violence,Explosions/Remote violence,Air/drone strike,Unidentified Military Forces,Military Forces of Somalia (2022-),8,Al Shabaab,,2,28,,706,Eastern Africa,Somalia,Middle Shabelle,Adan Yabaal,,Daaru Nicma,3.5859,46.4428,1,REDACTED IN SAMPLE,REDACTED IN SAMPLE,"On 15 February 2026, international forces (coded as Unidentified Military Forces) and government security forces (SNA) conducted an airstrike targeting Al Shabaab position in the vicinity of Daaru Nicma village (Adan Yabaal, Middle Shabelle) and Masjid Cali Gaduud (coded separately). More than 15 Al Shabaab were killed. 15 fatalities split across 2 events and coded as 8 for this event.",8,,1774318961
SOM55455,15-February-2026,2026,1,Political violence,Battles,Armed clash,Dir-Gadabuursi Bahabarmuse Sub-Clan Militia (Somalia),,4,Dir-Issa Mamasaan Sub-Clan Militia (Somalia),,4,44,,706,Eastern Africa,Somalia,Awdal,Zeylac,,Jidhi,10.6227,43.0706,2,REDACTED IN SAMPLE,REDACTED IN SAMPLE,"On 15 February 2026, Dir-Gadabuursi Bahabarmuse and Dir-Issa Mamasaan sub-clan militia clashed in Heemaal village near Jidhi town (Zeylac, Awdal). The motive was due to clan revenge and land dispute. 4 people were killed and 10 others were injured.",4,,1774318961
SOM55456,15-February-2026,2026,1,Political violence,Battles,Armed clash,Al Shabaab,,2,Military Forces of Kenya (2022-),Military Forces of Somalia (2022-) Jubaland Security Force,8,28,,706,Eastern Africa,Somalia,Lower Juba,Badhaadhe,,Kolbiyow,-1.1369,41.2174,2,REDACTED IN SAMPLE,REDACTED IN SAMPLE,"On 15 February 2026, Al Shabaab clashed with Kenya security forces and Jubaland security forces convoy conducting a joint operation along the border, near Kolbiyow village (Badhaadhe, Lower Juba) after the militants exploded an IED. Al Shabaab claimed to have killed 4 soldiers and injured 8 others.",4,,1774318961
SOM55457,15-February-2026,2026,1,Political violence,Explosions/Remote violence,Air/drone strike,Unidentified Military Forces,Military Forces of Somalia (2022-),8,Al Shabaab,,2,28,,706,Eastern Africa,Somalia,Middle Shabelle,Cadale,,Masjid Cali Gaduud,3.1808,46.4354,1,REDACTED IN SAMPLE,REDACTED IN SAMPLE,"On 15 February 2026, international forces (coded as Unidentified Military Forces) and government security forces (SNA) conducted an airstrike targeting Al Shabaab position in the vicinity of Masjid Cali Gaduud village (Cadale, Middle Shabelle) and Daaru Nicma (coded separately). More than 15 Al Shabaab were killed. 15 fatalities split across 2 events and coded as 7 for this event.",7,,1774318961
SOM55458,15-February-2026,2026,1,Political violence,Battles,Armed clash,Al Shabaab,,2,Military Forces of Somalia (2022-),,1,12,,706,Eastern Africa,Somalia,Bakool,Waajid,,Waajid,3.8096,43.2463,1,REDACTED IN SAMPLE,REDACTED IN SAMPLE,"On 15 February 2026, Al Shabaab clashed with government security forces (SNA) driving motorbikes at a checkpoint on the southern side of Waajid town (Waajid, Bakool). There were no casualties. Al Shabaab claimed responsibility.",0,,1774318961
SOM55459,15-February-2026,2026,1,Political violence,Battles,Armed clash,Hawiye-Hawadle Sub-Clan Militia (Somalia),,4,Al Shabaab,,2,24,,706,Eastern Africa,Somalia,Hiraan,Bulo Burto,,Yasooman,4.0556,45.749,2,REDACTED IN SAMPLE,REDACTED IN SAMPLE,"On 15 February 2026, Hawiye-Hawadle sub-clan militia clashed with Al Shabaab traveling between Moqokori and Yasooman village (Bulo Burto, Hiraan). The clash was initiated with RPGs. 5 militants were killed and the vehicle was destroyed.",5,,1774318961
SOM55478,15-February-2026,2026,1,Political violence,Battles,Armed clash,Dir-Gadabuursi Bahabarmuse Sub-Clan Militia (Somalia),,4,Dir-Issa Mamasaan Sub-Clan Militia (Somalia),,4,44,,706,Eastern Africa,Somalia,Awdal,Baki,,Baki,9.8921,43.3853,2,REDACTED IN SAMPLE,REDACTED IN SAMPLE,"On 15 February 2026, Dir-Gadabuursi Bahabarmuse and Dir-Issa Mamasaan sub-clan militia clashed in Gal Madoow village near Baki town (Baki, Awdal). The motive was due to clan revenge and land dispute. There were no casualties.",0,,1774318961
SOM55479,15-February-2026,2026,1,Political violence,Battles,Armed clash,Military Forces of Somalia (2022-) Special Forces,Hawiye-Abgal Sub-Clan Militia (Somalia),1,Al Shabaab,,2,12,,706,Eastern Africa,Somalia,Middle Shabelle,Adan Yabaal,,Boos-Caduur,3.5148,46.3529,1,REDACTED IN SAMPLE,REDACTED IN SAMPLE,"On 15 February 2026, government security forces (Gorgor) and Hawiye-Abgal sub-clan militia clashed with Al Shabaab on the eastern outskirts of Boos-Caduur village (Adan Yabaal, Middle Shabelle). There were no casualties.",0,,1774318961
SOM55480,15-February-2026,2026,1,Political violence,Battles,Armed clash,Police Forces of Somalia (2022-) Puntland Police Force,,1,Unidentified Clan Militia (Somalia),,4,14,,706,Eastern Africa,Somalia,Mudug,Galdogob,,Bursaalax,7.1865,47.2426,2,REDACTED IN SAMPLE,REDACTED IN SAMPLE,"On 15 February 2026, Puntland police forces, while conducting a night patrol, clashed with unknown clan forces (coded as Unidentified Clan Militia) in Xeero Jaale village near Bursaalax town (Galdogob, Mudug). There were no casualties.",0,,1774318961
SOM55481,15-February-2026,2026,1,Political violence,Explosions/Remote violence,Air/drone strike,Military Forces of the United States (2025-),,8,Al Shabaab,,2,28,,706,Eastern Africa,Somalia,Middle Shabelle,Cadale,,Cadale,2.7603,46.3222,2,REDACTED IN SAMPLE,REDACTED IN SAMPLE,"On 15 February 2026, US forces conducted airstrikes targeting Al Shabaab position in the vicinity of Shabeellaha Dhexe, approximately 165 km northeast of Mogadishu, near Cadale town (Cadale, Middle Shabelle). Casualties unknown.",0,,1774318961
SOM55482,15-February-2026,2026,1,Political violence,Battles,Armed clash,Dir-Gadabuursi Bahabarmuse Sub-Clan Militia (Somalia),,4,Dir-Issa Mamasaan Sub-Clan Militia (Somalia),,4,44,,706,Eastern Africa,Somalia,Woqooyi Galbeed,Gebiley,,Damasha,10.1578,43.8349,1,REDACTED IN SAMPLE,REDACTED IN SAMPLE,"On 15 February 2026, Dir-Gadabuursi Bahabarmuse and Dir-Issa Mamasaan sub-clan militia clashed in Damasha village (Gebiley, Woqooyi Galbeed). The motive was due to clan revenge and land dispute. There were no casualties.",0,,1774318961
SOM55483,15-February-2026,2026,1,Political violence,Battles,Armed clash,Military Forces of Somalia (2022-) Special Forces,Hawiye-Abgal Sub-Clan Militia (Somalia),1,Al Shabaab,,2,12,,706,Eastern Africa,Somalia,Middle Shabelle,Jowhar,,Geyfo,2.8446,45.9335,1,REDACTED IN SAMPLE,REDACTED IN SAMPLE,"On 15 February 2026, government security forces (Gorgor) and Hawiye-Abgal sub-clan militia clashed with Al Shabaab in the vicinity of Geyfo village (Jowhar, Middle Shabelle). 1 militia was injured.",0,,1774318961
SOM55484,15-February-2026,2026,1,Political violence,Battles,Armed clash,Military Forces of Somalia (2022-) Special Forces,Hawiye-Abgal Sub-Clan Militia (Somalia),1,Al Shabaab,,2,12,,706,Eastern Africa,Somalia,Middle Shabelle,Jowhar,,Jowhar,2.7797,45.5042,2,REDACTED IN SAMPLE,REDACTED IN SAMPLE,"On 15 February 2026, government security forces (Gorgor) and Hawiye-Abgal sub-clan militia clashed with Al Shabaab in the vicinity of the Yonbar area, near Jowhar town (Jowhar, Middle Shabelle). An unknown number of soldiers were injured.",0,,1774318961
SOM55485,15-February-2026,2026,1,Political violence,Explosions/Remote violence,Remote explosive/landmine/IED,Al Shabaab,,2,Military Forces of Somalia (2022-),,1,12,,706,Eastern Africa,Somalia,Banadir,Banadir,,Mogadishu - Daynile,2.0576,45.2853,1,REDACTED IN SAMPLE,REDACTED IN SAMPLE,"On 15 February 2026, an IED planted by suspected Al Shabaab exploded, targeting government security forces (SNA) at a checkpoint in Mogadishu - Daynile (Banadir). There were no casualties.",0,,1774318961
SOM55486,15-February-2026,2026,1,Political violence,Battles,Armed clash,Military Forces of Somalia (2022-) Special Forces,,1,Al Shabaab,,2,12,,706,Eastern Africa,Somalia,Middle Shabelle,Balcad,,Raga Ceel,2.6557,46.0091,1,REDACTED IN SAMPLE,REDACTED IN SAMPLE,"On 15 February 2026, government security forces (Gorgor) clashed with Al Shabaab in the vicinity of Raga Ceel village (Balcad, Middle Shabelle). There were no casualties.",0,,1774318961
SOM55460,16-February-2026,2026,1,Political violence,Battles,Armed clash,Al Shabaab,,2,Military Forces of Somalia (2022-),,1,12,,706,Eastern Africa,Somalia,Bay,Baydhaba,,Gufguduud Burey,3.3147,43.4699,1,REDACTED IN SAMPLE,REDACTED IN SAMPLE,"On 16 February 2026, Al Shabaab clashed with government security forces (SNA) at a base in Gufguduud Burey village (Baydhaba, Bay). There were no casualties.",0,,1774318961
SOM55487,16-February-2026,2026,1,Political violence,Explosions/Remote violence,Grenade,Al Shabaab,,2,Military Forces of Somalia (2022-),,1,12,,706,Eastern Africa,Somalia,Bay,Baydhaba,,Baidoa,3.1172,43.6469,1,REDACTED IN SAMPLE,REDACTED IN SAMPLE,"On 16 February 2026, Al Shabaab threw a hand grenade targeting government security forces (SNA) near Unay Junction in the Berdale neighborhood in Baidoa town (Baydhaba, Bay). There were no casualties. Al Shabaab claimed responsibility.",0,,1774318961
SOM55488,16-February-2026,2026,1,Political violence,Battles,Armed clash,Police Forces of Somaliland (2024-),,1,Unidentified Armed Group (Somalia),,3,13,,706,Eastern Africa,Somalia,Awdal,Baki,,Baki,9.8921,43.3853,1,REDACTED IN SAMPLE,REDACTED IN SAMPLE,"On 16 February 2026, Somaliland Police clashed with a group of armed individuals (coded as Unidentified Armed Group) carrying illegal weapons in the vicinity of Baki town (Baki, Awdal). There were no casualties.",0,,1774318961
SOM55489,16-February-2026,2026,1,Political violence,Explosions/Remote violence,Air/drone strike,Military Forces of the United States (2025-),,8,Islamic State Somalia Province,,2,28,,706,Eastern Africa,Somalia,Bari,Qandala,,Buuraha Cali Miskat,10.8548,49.7434,2,REDACTED IN SAMPLE,REDACTED IN SAMPLE,"On 16 February 2026, US forces conducted airstrikes targeting Islamic State Somalia Province position in the vicinity of the Golis Mountains, approximately 50 km southeast of Bossaso, near Buuraha Cali Miskat (Qandala, Bari). Casualties unknown.",0,,1776191110
SOM55490,16-February-2026,2026,1,Political violence,Violence against civilians,Attack,Military Forces of Somalia (2022-) Puntland Dervish Force,,1,Civilians (Somalia),,7,17,Civilian targeting,706,Eastern Africa,Somalia,Bari,Bossaso,,Bosaso,11.2842,49.1816,1,REDACTED IN SAMPLE,REDACTED IN SAMPLE,"On 16 February 2026, an individual dressed in military uniform (coded as Puntland Dervish Force) shot and injured a civilian near Xalwa Hubaal area in Bosaso town (Bossaso, Bari). The motive is unknown.",0,,1774318961
SOM55491,16-February-2026,2026,1,Political violence,Battles,Armed clash,Military Forces of Somalia (2022-) Jubaland Security Force,,1,Al Shabaab,,2,12,,706,Eastern Africa,Somalia,Lower Juba,Badhaadhe,,Buur Gaabo,-1.2201,41.8363,2,REDACTED IN SAMPLE,REDACTED IN SAMPLE,"On 16 February 2026, Jubaland security forces (Abris Brigade) clashed with Al Shabaab in the forested area near Buur Gaabo village (Badhaadhe, Lower Juba). 3 militants were killed.",3,,1774318961
SOM55492,16-February-2026,2026,1,Political violence,Battles,Armed clash,Military Forces of Somalia (2022-) Puntland Dervish Force,,1,Islamic State Somalia Province,,2,12,,706,Eastern Africa,Somalia,Bari,Qandala,,Buuraha Cali Miskat,10.8548,49.7434,1,REDACTED IN SAMPLE,REDACTED IN SAMPLE,"On 16 February 2026, Puntland dervish forces clashed with Islamic State Somalia Province in Buuraha Cali Miskat (Qandala, Bari). There were no casualties.",0,,1776191110
SOM55493,16-February-2026,2026,1,Demonstrations,Protests,Peaceful protest,Protesters (Somalia),Military Forces of Somalia (2022-) Puntland Dervish Force,6,,,0,60,,706,Eastern Africa,Somalia,Bari,Qandala,,Buuraha Cali Miskat,10.8548,49.7434,1,REDACTED IN SAMPLE,REDACTED IN SAMPLE,"On 16 February 2026, Puntland Darawish forces protested in Tooga Miraale area within Buuraha Cali Miskat (Qandala, Bari), due to unpaid salaries for the last four months.",0,crowd size=no report,1776191110
SOM55494,16-February-2026,2026,1,Strategic developments,Strategic developments,Agreement,Darod-Leelkayse Sub-Clan Militia (Somalia),,4,Darod-Majeerteen Sub-Clan Militia (Somalia),,4,44,,706,Eastern Africa,Somalia,Mudug,Gaalkacyo,,Gaalkacyo,6.7697,47.4308,1,REDACTED IN SAMPLE,REDACTED IN SAMPLE,"On 16 February 2026, Darod Leelkase and the Majeerteen clan held peace meetings in Gaalkacyo town (Gaalkacyo, Mudug) and Roox (coded separately). The clan elders were negotiating ways to end the hostilities in Roox and the surrounding areas.",0,,1774318961
SOM55495,16-February-2026,2026,1,Political violence,Violence against civilians,Attack,Unidentified Clan Militia (Somalia),,4,Civilians (Somalia),Labor Group (Somalia),7,47,Civilian targeting,706,Eastern Africa,Somalia,Woqooyi Galbeed,Gebiley,,Gabiley,9.7333,43.6333,2,REDACTED IN SAMPLE,REDACTED IN SAMPLE,"On 16 February 2026, unidentified clan militia opened fire on a lorry transporting goods near Gabiley village (Gebiley, Woqooyi Galbeed) puncturing its tires before fleeing the area. There were no casualties.",0,,1774318961
SOM55496,16-February-2026,2026,1,Political violence,Explosions/Remote violence,Air/drone strike,Unidentified Military Forces,Military Forces of Somalia (2022-),8,Al Shabaab,,2,28,,706,Eastern Africa,Somalia,Middle Shabelle,Cadale,,Geel Gub,2.9822,46.2872,1,REDACTED IN SAMPLE,REDACTED IN SAMPLE,"On 16 February 2026, international forces (coded as Unidentified Military Forces) and government security forces (SNA) conducted an airstrike targeting Al Shabaab position on the outskirts of Geel Gub village (Cadale, Middle Shabelle). Casualties unknown.",0,,1774318961
SOM55497,16-February-2026,2026,1,Political violence,Battles,Armed clash,Dir-Issa Mamasaan Sub-Clan Militia (Somalia),,4,Military Forces of Somaliland (2024-),,1,14,,706,Eastern Africa,Somalia,Awdal,Lughaye,,Geerisa,10.6035,43.4336,1,REDACTED IN SAMPLE,REDACTED IN SAMPLE,"On 16 February 2026, Dir-Issa Mamasaan sub-clan militia clashed with Somaliland security forces at a checkpoint in Geerisa town (Lughaye, Awdal). There were no casualties.",0,,1774318961
SOM55498,16-February-2026,2026,1,Political violence,Explosions/Remote violence,Air/drone strike,Unidentified Military Forces,Military Forces of Somalia (2022-),8,Al Shabaab,,2,28,,706,Eastern Africa,Somalia,Middle Shabelle,Cadale,,Gulane,3.3035,46.2279,1,REDACTED IN SAMPLE,REDACTED IN SAMPLE,"On 16 February 2026, international forces (coded as Unidentified Military Forces) and government security forces (SNA) conducted an airstrike targeting Al Shabaab position in Gulane village (Cadale, Middle Shabelle). 1 senior militant was killed.",1,,1774318961
SOM55499,16-February-2026,2026,1,Political violence,Violence against civilians,Attack,Hawiye-Ujeejeen Sub-Clan Militia (Somalia),,4,Civilians (Somalia),Hawiye-Hawadle Sub-Clan Group (Somalia),7,47,Civilian targeting,706,Eastern Africa,Somalia,Hiraan,Belet Weyne,,Jawil,4.9203,45.2226,1,REDACTED IN SAMPLE,REDACTED IN SAMPLE,"On 16 February 2026, Hawiye-Ujeejeen sub-clan militia shot and killed 1 civilian from the Hawiye-Hawadle sub-clan group in Jawil village (Belet Weyne, Hiraan). The motive was due to clan revenge.",1,,1774318961
SOM55500,16-February-2026,2026,1,Political violence,Violence against civilians,Attack,Dir-Gadabuursi Bahabarmuse Sub-Clan Militia (Somalia),,4,Civilians (Somalia),,7,47,Civilian targeting,706,Eastern Africa,Somalia,Awdal,Zeylac,,Jidhi,10.6227,43.0706,2,REDACTED IN SAMPLE,REDACTED IN SAMPLE,"On 16 February 2026, Bahabarmuse of Dir-Gadabuursi clan members ambushed passenger vehicles along the main road, near Jidhi town (Zeylac, Awdal). The shooting started after the driver failed to stop. An unknown number of people were injured.",0,,1774318961
SOM55501,16-February-2026,2026,1,Political violence,Battles,Armed clash,Hawiye-Hawadle Sub-Clan Militia (Somalia),,4,Hawiye-Ujeejeen Sub-Clan Militia (Somalia),,4,44,,706,Eastern Africa,Somalia,Hiraan,Belet Weyne,,Kalabeyr,4.9263,45.2172,1,REDACTED IN SAMPLE,REDACTED IN SAMPLE,"On 16 February 2026, Hawiye-Hawadle sub-clan militia clashed with Hawiye-Ujeejeen sub-clan militia on the northern outskirts of Kalabeyr village (Belet Weyne, Hiraan). The motive was due to clan revenge. There were no casualties.",0,,1774318961
SOM55502,16-February-2026,2026,1,Political violence,Explosions/Remote violence,Air/drone strike,Unidentified Military Forces,Military Forces of Somalia (2022-),8,Al Shabaab,,2,28,,706,Eastern Africa,Somalia,Middle Shabelle,Cadale,,Masjid Cali Gaduud,3.1808,46.4354,1,REDACTED IN SAMPLE,REDACTED IN SAMPLE,"On 16 February 2026, international forces (coded as Unidentified Military Forces) and government security forces (SNA) conducted an airstrike targeting Al Shabaab position on the outskirts of Masjid Cali Gaduud village (Cadale, Middle Shabelle). Casualties unknown.",0,,1774318961
SOM55503,16-February-2026,2026,1,Political violence,Battles,Armed clash,Al Shabaab,,2,Military Forces of Somalia (2022-),,1,12,,706,Eastern Africa,Somalia,Lower Shabelle,Qoryooley,,Qoryooley,1.7878,44.53,1,REDACTED IN SAMPLE,REDACTED IN SAMPLE,"On 16 February 2026, suspected Al Shabaab shot and killed 1 government soldier (SNA) in Qoryooley town (Qoryooley, Lower Shabelle). The militants confiscated his weapon.",1,,1774318961
SOM55504,16-February-2026,2026,1,Political violence,Explosions/Remote violence,Shelling/artillery/missile attack,Military Forces of Somalia (2022-),,1,Al Shabaab,,2,12,,706,Eastern Africa,Somalia,Lower Shabelle,Qoryooley,,Qoryooley,1.7878,44.53,1,REDACTED IN SAMPLE,REDACTED IN SAMPLE,"On 16 February 2026, government security forces (SNA) fired mortar shells targeting Al Shabaab checkpoint in the vicinity of Qoryooley town (Qoryooley, Lower Shabelle). There were no casualties.",0,,1774318961
SOM55505,16-February-2026,2026,1,Strategic developments,Strategic developments,Agreement,Darod-Leelkayse Sub-Clan Militia (Somalia),,4,Darod-Majeerteen Sub-Clan Militia (Somalia),,4,44,,706,Eastern Africa,Somalia,Mudug,Gaalkacyo,,Roox,7.2105,47.4313,1,REDACTED IN SAMPLE,REDACTED IN SAMPLE,"On 16 February 2026, Darod Leelkase and the Majeerteen clan held peace meetings in Roox village (Gaalkacyo, Mudug) and Gaalkacyo town (coded separately). The clan elders were negotiating ways to end the hostilities in Roox and the surrounding areas.",0,,1774318961
SOM55506,16-February-2026,2026,1,Demonstrations,Protests,Peaceful protest,Protesters (Somalia),Military Forces of Somalia (2022-) Puntland Dervish Force,6,,,0,60,,706,Eastern Africa,Somalia,Bari,Qandala,,Turmasaale,10.9306,50.2293,1,REDACTED IN SAMPLE,REDACTED IN SAMPLE,"On 16 February 2026, Puntland Darawish forces protested in Turmasaale village (Qandala, Bari), due to unpaid salaries for the last four months.",0,crowd size=no report,1774318961
SOM55507,16-February-2026,2026,1,Political violence,Violence against civilians,Attack,Police Forces of Somalia (2022-) Southwest Special Police Forces,,1,Civilians (Somalia),,7,17,Civilian targeting,706,Eastern Africa,Somalia,Lower Shabelle,Afgooye,,Xaawo-Cabdi,2.0905,45.1766,1,REDACTED IN SAMPLE,REDACTED IN SAMPLE,"On 16 February 2026, Southwest Special Police Forces (SWSPF) shot and killed 1 civilian in Xaawo-Cabdi village (Afgooye, Lower Shabelle). The motive is unknown.",1,,1774318961
SOM55508,17-February-2026,2026,1,Political violence,Explosions/Remote violence,Grenade,Al Shabaab,,2,Police Forces of Somalia (2022-) Southwest Special Police Forces,,1,12,,706,Eastern Africa,Somalia,Bay,Baydhaba,,Baidoa,3.1172,43.6469,1,REDACTED IN SAMPLE,REDACTED IN SAMPLE,"On 17 February 2026, overnight, Al Shabaab threw a hand grenade targeting Southwest Special Police Forces (SWSPF) at a checkpoint in Isha neighborhood of Baidoa town (Baydhaba, Bay). 2 officers were injured. Al Shabaab claimed responsibility.",0,,1774318961
SOM55509,17-February-2026,2026,1,Political violence,Battles,Armed clash,Dir-Gadabuursi Bahabarmuse Sub-Clan Militia (Somalia),,4,Dir-Issa Mamasaan Sub-Clan Militia (Somalia),,4,44,,706,Eastern Africa,Somalia,Awdal,Baki,,Baki,9.8921,43.3853,1,REDACTED IN SAMPLE,REDACTED IN SAMPLE,"On 17 February 2026, Dir-Gadabuursi Bahabarmuse Sub-Clan Militia and Dir-Issa Mamasaan Sub-Clan Militia clashed in the Gal Madoow area in Baki town (Baki, Awdal). Casualties unknown.",0,,1774318961
SOM55510,17-February-2026,2026,1,Strategic developments,Strategic developments,Change to group/activity,Military Forces of Somalia (2022-) Puntland Dervish Force,,1,,,0,10,,706,Eastern Africa,Somalia,Bari,Qandala,,Buuraha Cali Miskat,10.8548,49.7434,1,REDACTED IN SAMPLE,REDACTED IN SAMPLE,"Movement of forces: On 17 February 2026, Puntland Darawish forces withdrew from Tooga Miraale area within Buuraha Cali Miskat (Qandala, Bari). The reason for the withdrawal was due to unpaid salaries for the last four months.",0,,1776191110
SOM55511,17-February-2026,2026,1,Strategic developments,Strategic developments,Change to group/activity,Military Forces of Somalia (2022-) Puntland Dervish Force,,1,,,0,10,,706,Eastern Africa,Somalia,Bari,Qandala,,Daanyo,11.0771,50.1374,1,REDACTED IN SAMPLE,REDACTED IN SAMPLE,"Movement of forces: On 17 February 2026, Puntland Darawish forces withdrew from Daanyo village (Qandala, Bari). The reason for the withdrawal was due to unpaid salaries for the last four months.",0,,1776191110
SOM55512,17-February-2026,2026,1,Political violence,Explosions/Remote violence,Air/drone strike,Military Forces of the United States (2025-),,8,Al Shabaab,,2,28,,706,Eastern Africa,Somalia,Lower Juba,Afmadow,,Harbole,0.2671,42.1722,1,REDACTED IN SAMPLE,REDACTED IN SAMPLE,"On 17 February 2026, US forces conducted airstrikes targeting Al Shabaab position in the vicinity of Harbole village (Afmadow, Lower Juba). Casualties unknown.",0,,1774318961
SOM55513,17-February-2026,2026,1,Strategic developments,Strategic developments,Disrupted weapons use,AUSSOM: Africa Union Support and Stabilisation Mission in Somalia (2025-) (Djibouti),Military Forces of Somalia (2022-),8,Al Shabaab,,2,28,,706,Eastern Africa,Somalia,Hiraan,Jalalaqsi,,Jalalaqsi,3.3834,45.5969,1,REDACTED IN SAMPLE,REDACTED IN SAMPLE,"Defusal: On 17 February 2026, AUSSOM DNDF and government security forces (SNA) defused an IED concealed in a shallow roadside ditch planted by suspected Al Shabaab in Jalalaqsi town (Jalalaqsi, Hiraan).",0,,1774318961
SOM55514,17-February-2026,2026,1,Political violence,Battles,Armed clash,Police Forces of Somalia (2022-) Northeastern Police Force,,1,Unidentified Armed Group (Somalia),,3,13,,706,Eastern Africa,Somalia,Sool,Laas Caanood,,Laascaanood,8.4774,47.3597,1,REDACTED IN SAMPLE,REDACTED IN SAMPLE,"On 17 February 2026, Northeastern Police Force clashed with an unidentified armed group in Laascaanood town (Laas Caanood, Sool). The clash came after the suspects resisted arrest. There were no casualties.",0,,1774318961
SOM55515,17-February-2026,2026,1,Strategic developments,Strategic developments,Change to group/activity,Al Shabaab,,2,,,0,20,,706,Eastern Africa,Somalia,Lower Juba,Badhaadhe,,Manaaraani,-1.4338,41.7042,1,REDACTED IN SAMPLE,REDACTED IN SAMPLE,"Movement of forces: On 17 February 2026, Al Shabaab were seen patrolling the roads in the Manaaraani village (Badhaadhe, Lower Juba).",0,,1774318961
SOM55516,17-February-2026,2026,1,Political violence,Battles,Armed clash,Military Forces of Somalia (2022-),,1,Military Forces of Somalia (2022-) National Intelligence and Security Agency,,1,11,,706,Eastern Africa,Somalia,Banadir,Banadir,,Mogadishu - Waaberi,2.0195,45.31,1,REDACTED IN SAMPLE,REDACTED IN SAMPLE,"On 17 February 2026, 2 groups of government security forces (SNA and NISA) clashed on Via Liberia Road in Mogadishu - Waaberi (Banadir). The motive was due to an unknown dispute. 1 SNA soldier was killed.",1,,1774318961
SOM55517,17-February-2026,2026,1,Political violence,Battles,Armed clash,Al Shabaab,,2,Military Forces of Somalia (2022-),,1,12,,706,Eastern Africa,Somalia,Lower Shabelle,Afgooye,,Muuri,2.0345,45.0266,2,REDACTED IN SAMPLE,REDACTED IN SAMPLE,"On 17 February 2026, Al Shabaab clashed with government security forces (SNA) conducting a road patrol along the route between Afgooye and Muuri village (Afgooye, Lower Shabelle). Al Shabaab claimed to have killed at least 2 soldiers.",2,,1774318961
SOM55518,17-February-2026,2026,1,Strategic developments,Strategic developments,Change to group/activity,Al Shabaab,,2,,,0,20,,706,Eastern Africa,Somalia,Lower Juba,Badhaadhe,,Odow,-1.4765,41.6849,1,REDACTED IN SAMPLE,REDACTED IN SAMPLE,"Movement of forces: On 17 February 2026, Al Shabaab arrived and regrouped in Odow village (Badhaadhe, Lower Juba). The fighters were seen preparing a trench, and others patrolling the road.",0,,1776191110
SOM55519,17-February-2026,2026,1,Strategic developments,Strategic developments,Change to group/activity,Military Forces of Somalia (2022-) Puntland Dervish Force,,1,,,0,10,,706,Eastern Africa,Somalia,Bari,Qandala,,Qandala,11.471,49.8726,1,REDACTED IN SAMPLE,REDACTED IN SAMPLE,"Movement of forces: On 17 February 2026, Puntland dervish forces withdrew from bases near the Balidhin area in Qandala town (Qandala, Bari) over unpaid salaries.",0,,1774318961
SOM55520,17-February-2026,2026,1,Strategic developments,Strategic developments,Change to group/activity,Military Forces of Somalia (2022-) Puntland Dervish Force,,1,,,0,10,,706,Eastern Africa,Somalia,Bari,Qandala,,Sixna,11.061,50.2123,1,REDACTED IN SAMPLE,REDACTED IN SAMPLE,"Movement of forces: On 17 February 2026, Puntland Darawish forces withdrew from Sixna village (Qandala, Bari). The reason for the withdrawal was due to unpaid salaries for the last four months.",0,,1774318961
SOM55521,17-February-2026,2026,1,Strategic developments,Strategic developments,Change to group/activity,Military Forces of Somalia (2022-) Puntland Dervish Force,,1,,,0,10,,706,Eastern Africa,Somalia,Bari,Qandala,,Turmasaale,10.9306,50.2293,1,REDACTED IN SAMPLE,REDACTED IN SAMPLE,"Movement of forces: On 17 February 2026, Puntland Darawish forces withdrew from Turmasaale village (Qandala, Bari). The reason for the withdrawal was due to unpaid salaries for the last four months.",0,,1774318961
SOM55522,18-February-2026,2026,1,Political violence,Explosions/Remote violence,Air/drone strike,Unidentified Military Forces,,8,Islamic State Somalia Province,,2,28,,706,Eastern Africa,Somalia,Bari,Bossaso,,Balade,11.2761,49.164,1,REDACTED IN SAMPLE,REDACTED IN SAMPLE,"On 18 February 2026, international allies (coded as Unidentified Military Forces) conducted airstrikes targeting Islamic State Somalia Province position in the vicinity of the Golis Mountains, approximately 70 km southeast of Bossaso, in the vicinity of Balade (Bossaso, Bari). Casualties unknown.",0,,1774318961
SOM55523,18-February-2026,2026,1,Political violence,Explosions/Remote violence,Air/drone strike,Unidentified Military Forces,,8,Islamic State Somalia Province,,2,28,,706,Eastern Africa,Somalia,Bari,Bossaso,,Balade,11.2761,49.164,2,REDACTED IN SAMPLE,REDACTED IN SAMPLE,"On 18 February 2026, international allies (coded as Unidentified Military Forces) conducted airstrikes targeting Islamic State Somalia Province position in Maraagade area, near Tooga Balade (Bossaso, Bari). Casualties unknown.",0,,1774318961
SOM55524,18-February-2026,2026,1,Political violence,Violence against civilians,Attack,Al Shabaab,,2,Civilians (Somalia),,7,27,Civilian targeting,706,Eastern Africa,Somalia,Lower Shabelle,Baraawe,,Baraawe,1.1132,44.0297,2,REDACTED IN SAMPLE,REDACTED IN SAMPLE,"On 18 February 2026, Al Shabaab beat and injured a civilian in Gabobabo village near Baraawe town (Baraawe, Lower Shabelle) for not fasting during the holy month of Ramadan.",0,,1774318961
SOM55525,18-February-2026,2026,1,Political violence,Explosions/Remote violence,Remote explosive/landmine/IED,Al Shabaab,,2,Military Forces of Somalia (2022-) National Intelligence and Security Agency,,1,12,,706,Eastern Africa,Somalia,Hiraan,Bulo Burto,,Bulo Burto,3.8519,45.5651,1,REDACTED IN SAMPLE,REDACTED IN SAMPLE,"On 18 February 2026, an IED planted by Al Shabaab exploded, targeting government security forces (NISA) at a base in Cigaal neighborhood in Bulo Burto town (Bulo Burto, Hiraan). There were no casualties. Al Shabaab claimed responsibility.",0,,1774318961
SOM55526,18-February-2026,2026,1,Political violence,Violence against civilians,Attack,Al Shabaab,,2,Civilians (Somalia),,7,27,Civilian targeting,706,Eastern Africa,Somalia,Bay,Buur Hakaba,,Buulo Fulaay,2.1106,43.5233,1,REDACTED IN SAMPLE,REDACTED IN SAMPLE,"On 18 February 2026, Al Shabaab beat and injured a civilian in Buulo Fulaay village (Buur Hakaba, Bay) for not fasting during the holy month of Ramadan.",0,,1774318961
SOM55527,18-February-2026,2026,1,Political violence,Violence against civilians,Attack,Al Shabaab,,2,Civilians (Somalia),,7,27,Civilian targeting,706,Eastern Africa,Somalia,Lower Shabelle,Baraawe,,Eeriile,1.319,44.1622,1,REDACTED IN SAMPLE,REDACTED IN SAMPLE,"On 18 February 2026, Al Shabaab beat and injured a civilian in Eeriile village (Baraawe, Lower Shabelle) for not fasting during the holy month of Ramadan.",0,,1774318961
SOM55528,18-February-2026,2026,1,Political violence,Explosions/Remote violence,Air/drone strike,Unidentified Military Forces,Military Forces of Somalia (2022-) National Intelligence and Security Agency,8,Al Shabaab,,2,28,,706,Eastern Africa,Somalia,Middle Shabelle,Cadale,,Gal-haruur,2.9003,46.2265,1,REDACTED IN SAMPLE,REDACTED IN SAMPLE,"On 18 February 2026, international forces (described as allied forces, coded as Unidentified Military Forces) and government security forces (NISA) launched an airstrike against Al Shabaab in Gal-haruur village (Cadale, Middle Shabelle) with casualties reported. Unspecified casualties coded as 3.",3,,1774318961
SOM55529,18-February-2026,2026,1,Political violence,Violence against civilians,Abduction/forced disappearance,Al Shabaab,,2,Civilians (Somalia),Labor Group (Somalia),7,27,Civilian targeting,706,Eastern Africa,Somalia,Lower Juba,Afmadow,,Jaldesa,0.3859,41.6181,1,REDACTED IN SAMPLE,REDACTED IN SAMPLE,"On 18 February 2026, Al Shabaab abducted two civilian passengers and carjacked a Toyota Success vehicle carrying Khat (Mirra) in Jaldesa village (Afmadow, Lower Juba).",0,,1776191110
SOM55530,18-February-2026,2026,1,Political violence,Battles,Armed clash,Military Forces of Somalia (2022-),,1,Military Forces of Somalia (2022-),,1,11,,706,Eastern Africa,Somalia,Banadir,Banadir,,Mogadishu - Shangaani,2.0377,45.35,1,REDACTED IN SAMPLE,REDACTED IN SAMPLE,"On 18 February 2026, 2 groups of government soldiers (SNA) clashed along the road stretch between Ex-Parliament and KM zero neighborhood in Mogadishu - Shangaani (Banadir). The clash followed the SNA soldier's failure to comply with NISA's directive. 1 soldier was killed.",1,,1774318961
SOM55531,18-February-2026,2026,1,Political violence,Violence against civilians,Attack,Al Shabaab,,2,Civilians (Somalia),,7,27,Civilian targeting,706,Eastern Africa,Somalia,Lower Shabelle,Baraawe,,Roobow,1.1354,43.743,1,REDACTED IN SAMPLE,REDACTED IN SAMPLE,"On 18 February 2026, Al Shabaab beat and injured a civilian in Roobow village (Baraawe, Lower Shabelle) for not fasting during the holy month of Ramadan.",0,,1774318961
SOM55532,18-February-2026,2026,1,Political violence,Explosions/Remote violence,Air/drone strike,Unidentified Military Forces,Military Forces of Somalia (2022-) National Intelligence and Security Agency,8,Al Shabaab,,2,28,,706,Eastern Africa,Somalia,Middle Shabelle,Cadale,,Sumadaale,2.9194,46.0998,1,REDACTED IN SAMPLE,REDACTED IN SAMPLE,"On 18 February 2026, international forces (described as allied forces, coded as Unidentified Military Forces) and government security forces (NISA) launched an airstrike against Al Shabaab in Sumadaale village (Cadale, Middle Shabelle). Casualties unknown.",0,,1774318961
SOM55533,18-February-2026,2026,1,Political violence,Battles,Armed clash,Hawiye-Hawadle Sub-Clan Militia (Somalia),,4,Al Shabaab,,2,24,,706,Eastern Africa,Somalia,Hiraan,Belet Weyne,,Waabweyn,4.6865,45.5903,2,REDACTED IN SAMPLE,REDACTED IN SAMPLE,"On 18 February 2026, Hawiye Hawadle clan militia shot and killed 3 Al Shabaab near Waabweyn village (Belet Weyne, Hiraan).",3,,1774318961
SOM55534,19-February-2026,2026,1,Political violence,Battles,Armed clash,Dir-Gadabuursi Bahabarmuse Sub-Clan Militia (Somalia),,4,Dir-Issa Mamasaan Sub-Clan Militia (Somalia),,4,44,,706,Eastern Africa,Somalia,Awdal,Baki,,Baki,9.8921,43.3853,1,REDACTED IN SAMPLE,REDACTED IN SAMPLE,"On 19 February 2026, Dir-Gadabuursi Bahabarmuse Sub-Clan Militia and Dir-Issa Mamasaan Sub-Clan Militia clashed in the Gal Madoow area in Baki town (Baki, Awdal). Casualties unknown.",0,,1774318961
SOM55535,19-February-2026,2026,1,Political violence,Violence against civilians,Attack,Al Shabaab,,2,Civilians (Somalia),,7,27,Civilian targeting,706,Eastern Africa,Somalia,Lower Shabelle,Baraawe,,Baraawe,1.1132,44.0297,1,REDACTED IN SAMPLE,REDACTED IN SAMPLE,"On 19 February 2026, Al Shabaab beat and injured a civilian in the Wayaan area in Baraawe town (Baraawe, Lower Shabelle) after he failed to answer questions from the Amniyaat team. AS also beat and injured a driver in the Heejo area in the city for unknown reason.",0,,1774318961
SOM55536,19-February-2026,2026,1,Political violence,Battles,Armed clash,Military Forces of Somalia (2022-) Puntland Dervish Force,,1,Islamic State Somalia Province,,2,12,,706,Eastern Africa,Somalia,Bari,Qandala,,Buuraha Cali Miskat,10.8548,49.7434,1,REDACTED IN SAMPLE,REDACTED IN SAMPLE,"On 19 February 2026, Puntland dervish forces clashed with Islamic State Somalia Province in Buuraha Cali Miskat (Qandala, Bari). There were no casualties.",0,,1776191110
SOM55537,19-February-2026,2026,1,Political violence,Violence against civilians,Attack,Al Shabaab,,2,Civilians (Somalia),Pastoralists (Somalia),7,27,Civilian targeting,706,Eastern Africa,Somalia,Hiraan,Belet Weyne,,Ceel Cali,4.195,44.9885,2,REDACTED IN SAMPLE,REDACTED IN SAMPLE,"On 19 February 2026, Al Shabaab injured a civilian pastoralist near Ceel Cali village (Belet Weyne, Hiraan). The civilian did not register on an Al Shabaab program.",0,,1774318961
SOM55538,19-February-2026,2026,1,Political violence,Explosions/Remote violence,Air/drone strike,Unidentified Military Forces,Military Forces of Somalia (2022-) National Intelligence and Security Agency,8,Al Shabaab,,2,28,,706,Eastern Africa,Somalia,Galgaduud,Ceel Buur,,Galhareeri,4.5307,47.145,1,REDACTED IN SAMPLE,REDACTED IN SAMPLE,"On 19 February 2026, international forces (described as allied forces, coded as Unidentified Military Forces) and government security forces (NISA) launched an airstrike against Al Shabaab in Galhareeri town (Ceel Buur, Galgaduud). Two centers were destroyed, including an Al Shabaab court, and AS casualties were reported. Unspecified casualties coded as 3.",3,,1774318961
SOM55539,19-February-2026,2026,1,Political violence,Violence against civilians,Attack,Hawiye-Hawadle Sub-Clan Militia (Somalia),,4,Civilians (Somalia),Taxi Drivers (Somalia),7,47,Civilian targeting,706,Eastern Africa,Somalia,Hiraan,Belet Weyne,,Jawil,4.9203,45.2226,1,REDACTED IN SAMPLE,REDACTED IN SAMPLE,"On 19 February 2026, Hawiye Hawadle clan militia opened fire on commercial vehicles at an illegal checkpoint in Jawil village (Belet Weyne, Hiraan). The militia beat and injured a driver, and a bullet injured a co-driver. They were forced to pay extortion money.",0,,1774318961
SOM55540,19-February-2026,2026,1,Political violence,Violence against civilians,Attack,Al Shabaab,,2,Civilians (Somalia),,7,27,Civilian targeting,706,Eastern Africa,Somalia,Middle Juba,Jilib,,Jilib,0.4833,42.7666,1,REDACTED IN SAMPLE,REDACTED IN SAMPLE,"On 19 February 2026, Al Shabaab assaulted a civilian in Jilib town (Jilib, Middle Juba). Extent of injuries unknown.",0,,1774318961
SOM55541,19-February-2026,2026,1,Political violence,Battles,Armed clash,Hawiye-Hawadle Sub-Clan Militia (Somalia),,4,Military Forces of Somalia (2022-),,1,14,,706,Eastern Africa,Somalia,Hiraan,Belet Weyne,,Kalabeyr,4.9263,45.2172,2,REDACTED IN SAMPLE,REDACTED IN SAMPLE,"On 19 February 2026, Hawiye Hawadle clan militia clashed with a government security forces (SNA) convoy near Kalabeyr village (Belet Weyne, Hiiraan). There were no casualties.",0,,1774318961
SOM55542,19-February-2026,2026,1,Political violence,Battles,Armed clash,Dir Clan Militia (Somalia),,4,Darod-Marehan Sub-Clan Militia (Somalia),,4,44,,706,Eastern Africa,Somalia,Galgaduud,Cabudwaaq,,Laandheer,6.0854,46.1934,2,REDACTED IN SAMPLE,REDACTED IN SAMPLE,"On 19 February 2026, Dir and Darod-Marehaan clan militias engaged in gunfire at a water point near Laandheer village (Cabudwaaq, Galgaduud). 2 people were injured.",0,,1774318961
SOM55543,19-February-2026,2026,1,Political violence,Violence against civilians,Attack,Military Forces of Somalia (2022-) National Intelligence and Security Agency,,1,Civilians (Somalia),,7,17,Civilian targeting,706,Eastern Africa,Somalia,Banadir,Banadir,,Mogadishu - Hodan,2.0376,45.3058,1,REDACTED IN SAMPLE,REDACTED IN SAMPLE,"On 19 February 2026, a government soldier (NISA) shot and injured a civilian at the Mira market in Mogadishu - Hodan (Banadir) after the victim failed to pay extortion money to the soldier.",0,,1774318961
SOM55544,19-February-2026,2026,1,Political violence,Battles,Armed clash,Al Shabaab,,2,Military Forces of Somalia (2022-),,1,12,,706,Eastern Africa,Somalia,Lower Shabelle,Qoryooley,,Qoryooley,1.7878,44.53,1,REDACTED IN SAMPLE,REDACTED IN SAMPLE,"On 19 February 2026, Al Shabaab clashed with government security forces (SNA) in Qoryooley town (Qoryooley, Lower Shabelle). There were no casualties.",0,,1774318961
SOM55545,19-February-2026,2026,1,Political violence,Battles,Armed clash,Al Shabaab,,2,AUSSOM: Africa Union Support and Stabilisation Mission in Somalia (2025-) (Uganda),,8,28,,706,Eastern Africa,Somalia,Lower Shabelle,Qoryooley,,Qoryooley,1.7878,44.53,1,REDACTED IN SAMPLE,REDACTED IN SAMPLE,"On 19 February 2026, Al Shabaab clashed with AUSSOM UPDF at a base in Qoryooley town (Qoryooley, Lower Shabelle). There were no casualties.",0,,1774318961
SOM55546,19-February-2026,2026,1,Political violence,Violence against civilians,Attack,Rahanweyn-Digil-Jiido Sub-Clan Militia (Somalia),,4,Civilians (Somalia),Taxi Drivers (Somalia),7,47,Civilian targeting,706,Eastern Africa,Somalia,Lower Shabelle,Qoryooley,,Qoryooley,1.7878,44.53,2,REDACTED IN SAMPLE,REDACTED IN SAMPLE,"On 19 February 2026, Rahanweyn Digil Jiido Sub Clan Militia opened fire on commercial and passenger vehicles at an illegal checkpoint near Qoryooley town (Qoryooley, Lower Juba), and two civilians were injured.",0,,1774318961
SOM55547,19-February-2026,2026,1,Political violence,Explosions/Remote violence,Air/drone strike,Unidentified Military Forces,Military Forces of Somalia (2022-) National Intelligence and Security Agency,8,Al Shabaab,,2,28,,706,Eastern Africa,Somalia,Hiraan,Belet Weyne,,Waabweyn,4.6865,45.5903,1,REDACTED IN SAMPLE,REDACTED IN SAMPLE,"On 19 February 2026, international forces (described as allied forces, coded as Unidentified Military Forces) and government security forces (NISA) launched an airstrike against Al Shabaab in Waabweyn village (Belet Weyne, Hiraan). More than 10 Al Shabaab members, including 4 senior members, were killed.",10,,1774318961
SOM55548,19-February-2026,2026,1,Political violence,Explosions/Remote violence,Air/drone strike,Unidentified Military Forces,Military Forces of Somalia (2022-) National Intelligence and Security Agency,8,Al Shabaab,,2,28,,706,Eastern Africa,Somalia,Hiraan,Belet Weyne,,Waabweyn,4.6865,45.5903,2,REDACTED IN SAMPLE,REDACTED IN SAMPLE,"On 19 February 2026, international forces (described as allied forces, coded as Unidentified Military Forces) and government security forces (NISA) launched an airstrike against Al Shabaab in Hariiri Dheere village near Waabweyn village (Belet Weyne, Hiraan). Casualties unknown.",0,,1774318961
SOM55550,19-February-2026,2026,1,Political violence,Battles,Armed clash,Military Forces of Somalia (2022-) National Intelligence and Security Agency,,1,Military Forces of Somalia (2022-) National Intelligence and Security Agency,,1,11,,706,Eastern Africa,Somalia,Banadir,Banadir,,Mogadishu - Abdiaziz,2.0405,45.36,1,REDACTED IN SAMPLE,REDACTED IN SAMPLE,"On 19 February 2026, 2 groups of government security forces (NISA) clashed at the Lido Beach in Mogadishu - Abdiaziz (Banadir). 1 soldier was killed and 2 civilian bystanders sustained injuries. Police units responding to the scene apprehended the NISA soldier involved in the shooting.",1,,1774318961
SOM55551,19-February-2026,2026,1,Political violence,Explosions/Remote violence,Air/drone strike,Military Forces of Somalia (2022-) National Intelligence and Security Agency,,1,Al Shabaab,,2,12,,706,Eastern Africa,Somalia,Hiraan,Bulo Burto,,Moqokori,4.0625,46.1342,1,REDACTED IN SAMPLE,REDACTED IN SAMPLE,"On 19 February 2026, government security forces (NISA) conducted an airstrike Al Shabaab position in Moqokori town (Bulo Burto, Hiraan). The strike caused casualties and damage at the site. Unspecified casualties coded as 3.",3,,1774318961
SOM55549,20-February-2026,2026,1,Political violence,Explosions/Remote violence,Remote explosive/landmine/IED,Al Shabaab,,2,Police Forces of Somalia (2022-),,1,12,,706,Eastern Africa,Somalia,Banadir,Banadir,,Mogadishu - Shibis,2.0476,45.35,1,REDACTED IN SAMPLE,REDACTED IN SAMPLE,"On 20 February 2026, an IED planted by Al Shabaab exploded, targeting a police vehicle at the Global hotel in Mogadishu - Shibis (Banadir). The target was a police commander. There were no casualties.",0,,1774318961
SOM55552,20-February-2026,2026,1,Political violence,Battles,Armed clash,Police Forces of Somalia (2022-) Puntland Police Force,,1,Police Forces of Somalia (2022-) Puntland Police Force,,1,11,,706,Eastern Africa,Somalia,Bari,Bossaso,,Bosaso,11.2842,49.1816,1,REDACTED IN SAMPLE,REDACTED IN SAMPLE,"On 20 February 2026, clashes broke out between 2 groups of Puntland police forces loyal to the outgoing Traffic Police Commander and the newly appointed Traffic Police Commander in Bosaso town (Bossaso, Bari). 1 police officer was killed, and several traffic officers were arrested.",1,,1774318961
SOM55553,20-February-2026,2026,1,Political violence,Violence against civilians,Attack,Military Forces of Somalia (2022-),,1,Civilians (Somalia),,7,17,Civilian targeting,706,Eastern Africa,Somalia,Banadir,Banadir,,Mogadishu - Yaqshid,2.0678,45.35,1,REDACTED IN SAMPLE,REDACTED IN SAMPLE,"On 20 February 2026, a government soldier (SNA) armed with an AK-47 shot and killed a civilian near Yaqshid Police Station in Mogadishu - Yaqshid (Banadir). The motive for the killing is believed to be an unknown dispute.",1,,1774318961
SOM55554,20-February-2026,2026,1,Political violence,Explosions/Remote violence,Remote explosive/landmine/IED,Al Shabaab,,2,Military Forces of Somalia (2022-),,1,12,,706,Eastern Africa,Somalia,Lower Shabelle,Marka,,Bulo Mareer,1.6298,44.5196,1,REDACTED IN SAMPLE,REDACTED IN SAMPLE,"On 20 February 2026, a roadside IED planted by an unknown armed group (likely Al Shabaab due to similar attacks by the group) exploded, targeting government security forces (SNA) convoy along the main road in Bulo Mareer town (Marka, Lower Shabelle). The soldiers opened fire in multiple directions as a precautionary measure to prevent a potential ambush. There were no casualties.",0,,1774318961
SOM55559,20-February-2026,2026,1,Political violence,Battles,Armed clash,Al Shabaab,,2,Military Forces of Somalia (2022-),,1,12,,706,Eastern Africa,Somalia,Hiraan,Belet Weyne,,Belet Weyne,4.736,45.2043,1,REDACTED IN SAMPLE,REDACTED IN SAMPLE,"On 20 February 2026, overnight, Al Shabaab clashed with government security forces (SNA) at a base in Belet Weyne town (Belet Weyne, Hiraan). There were no casualties. Al Shabaab claimed responsibility.",0,,1774318961
SOM55561,20-February-2026,2026,1,Political violence,Violence against civilians,Attack,Al Shabaab,,2,Civilians (Somalia),Military Forces of Somalia (2022-),7,27,Civilian targeting,706,Eastern Africa,Somalia,Middle Juba,Jilib,,Kunyo Barrow,0.8014,43.3837,1,REDACTED IN SAMPLE,REDACTED IN SAMPLE,"On 20 February 2026, Al Shabaab shot and killed 5 civilians at a public square in Kunyo Barrow village (Jilib, Middle Shabelle) after accusing them of spying for government security forces (SNA). Al Shabaab claimed responsibility.",5,,1774318961
SOM55562,20-February-2026,2026,1,Political violence,Violence against civilians,Attack,Al Shabaab,,2,Civilians (Somalia),Military Forces of Somalia (2022-),7,27,Civilian targeting,706,Eastern Africa,Somalia,Middle Juba,Bu'aale,,Buaale,1.2448,42.5732,1,REDACTED IN SAMPLE,REDACTED IN SAMPLE,"On 20 February 2026, Al Shabaab shot and killed 5 civilians at a public square in Buaale town (Bu'aale, Middle Shabelle) after accusing them of spying for government security forces (SNA). Al Shabaab claimed responsibility.",5,,1774318961
SOM55555,21-February-2026,2026,1,Political violence,Battles,Armed clash,Military Forces of Somalia (2022-) Jubaland Security Force,,1,Military Forces of Somalia (2022-) Jubaland Security Force,,1,11,,706,Eastern Africa,Somalia,Lower Juba,Kismaayo,,Abdale Birole,-0.4906,42.1969,1,REDACTED IN SAMPLE,REDACTED IN SAMPLE,"On 21 February 2026, 2 groups of Jubaland soldiers clashed in Abdale Birole village (Kismaayo, Lower Juba). The motive was due to unknown dispute. There were no casualties.",0,,1774318961
SOM55556,21-February-2026,2026,1,Strategic developments,Strategic developments,Disrupted weapons use,AUSSOM: Africa Union Support and Stabilisation Mission in Somalia (2025-) (Djibouti),Military Forces of Somalia (2022-),8,Al Shabaab,,2,28,,706,Eastern Africa,Somalia,Middle Shabelle,Jowhar,,Jowhar,2.7797,45.5042,1,REDACTED IN SAMPLE,REDACTED IN SAMPLE,"Defusal: On 21 February 2026, AUSSOM DNDF and government security forces (SNA) defused an IED planted by Al Shabaab at the Livestock market area in Jowhar town (Jowhar, Middle Shabelle).",0,,1774318961
SOM55557,21-February-2026,2026,1,Political violence,Violence against civilians,Attack,Military Forces of Somalia (2022-),,1,Civilians (Somalia),,7,17,Civilian targeting,706,Eastern Africa,Somalia,Middle Shabelle,Jowhar,,Jowhar,2.7797,45.5042,1,REDACTED IN SAMPLE,REDACTED IN SAMPLE,"On 21 February 2026, a government soldier (SNA) shot and killed a civilian driver at a checkpoint in Jowhar town (Jowhar, Middle Shabelle). The motive was due to dispute over extortion money.",1,,1774318961
SOM55558,21-February-2026,2026,1,Political violence; Demonstrations,Protests,Excessive force against protesters,Protesters (Somalia),,6,Police Forces of Somalia (2022-),,1,16,Civilian targeting,706,Eastern Africa,Somalia,Banadir,Banadir,,Mogadishu - Heliwa,2.0844,45.39,1,REDACTED IN SAMPLE,REDACTED IN SAMPLE,"On 21 February 2026, residents protested and blocked the main road (through unspecified means) in Mogadishu - Heliwa (Banadir) against the forced eviction by the government. The police forces opened heavy gunfire on the crowd. An unknown number of civilians were injured.",0,crowd size=no report,1774318961
SOM55560,21-February-2026,2026,1,Political violence; Demonstrations,Protests,Excessive force against protesters,Protesters (Somalia),,6,Police Forces of Somalia (2022-),,1,16,Civilian targeting,706,Eastern Africa,Somalia,Banadir,Banadir,,Mogadishu - Karan,2.0652,45.39,1,REDACTED IN SAMPLE,REDACTED IN SAMPLE,"On 21 February 2026, residents protested and blocked the main road (through unspecified means) in Mogadishu - Karan (Banadir) against the forced eviction by the government. The police forces opened heavy gunfire on the crowd, and 2 civilians were killed, and 8 others were injured.",2,crowd size=no report,1774318961
SOM55563,21-February-2026,2026,1,Political violence,Violence against civilians,Attack,Al Shabaab,,2,Civilians (Somalia),Military Forces of Somalia (2022-) Jubaland Security Force,7,27,Civilian targeting,706,Eastern Africa,Somalia,Lower Shabelle,Sablaale,,Sablaale,1.2495,43.8045,1,REDACTED IN SAMPLE,REDACTED IN SAMPLE,"On 21 February 2026, Al Shabaab shot and killed 5 civilians at a public square in Sablaale town (Sablaale, Lower Shabelle) after accusing them of spying for Jubaland security forces.",5,,1774318961
SOM55564,21-February-2026,2026,1,Political violence,Battles,Armed clash,Al Shabaab,,2,Military Forces of Somalia (2022-),,1,12,,706,Eastern Africa,Somalia,Lower Shabelle,Marka,,Shalaambood,1.7087,44.6961,1,REDACTED IN SAMPLE,REDACTED IN SAMPLE,"On 21 February 2026, Al Shabaab clashed with government security forces (SNA) at a checkpoint in Shalaambood village (Marka, Lower Shabelle) after the militants threw a hand grenade. At least 2 soldiers were injured. Al Shabaab claimed responsibility.",0,,1774318961
SOM55567,21-February-2026,2026,1,Demonstrations,Protests,Peaceful protest,Protesters (Somalia),Taxi Drivers (Somalia),6,,,0,60,,706,Eastern Africa,Somalia,Togdheer,Burco,,Burco,9.745,45.634,1,REDACTED IN SAMPLE,REDACTED IN SAMPLE,"On 21 February 2026, around 20 taxi drivers protested in Burco town (Burco, Togdheer) over increased tax on licenses and poor roads.",0,crowd size=around 20,1774318961
SOM55568,21-February-2026,2026,1,Political violence,Violence against civilians,Attack,Al Shabaab,,2,Civilians (Somalia),,7,27,Civilian targeting,706,Eastern Africa,Somalia,Lower Shabelle,Marka,,Busley,1.5702,44.4488,1,REDACTED IN SAMPLE,REDACTED IN SAMPLE,"On 21 February 2026, Al Shabaab assaulted a driver in Busley village (Marka, Lower Shabelle) for not fasting during Ramadan. Extent of injuries unknown.",0,,1774318961
SOM55569,21-February-2026,2026,1,Strategic developments,Strategic developments,Change to group/activity,Al Shabaab,,2,,,0,20,,706,Eastern Africa,Somalia,Lower Juba,Afmadow,,Dhobley,0.4063,41.0124,2,REDACTED IN SAMPLE,REDACTED IN SAMPLE,"Movement of forces: On 21 February 2026, Al Shabaab were sighted moving in the Wadajir village near Dhobley town (Afmadow, Lower Juba).",0,,1774318961
SOM55570,21-February-2026,2026,1,Political violence,Explosions/Remote violence,Air/drone strike,Unidentified Military Forces,,8,Al Shabaab,,2,28,,706,Eastern Africa,Somalia,Middle Shabelle,Jowhar,,Geyfo,2.8446,45.9335,1,REDACTED IN SAMPLE,REDACTED IN SAMPLE,"On 21 February 2026, international forces (coded as Unidentified Military Forces) launched an airstrike targeting Al Shabaab gathering in the Salad Shariib area in Geyfo village (Jowhar, Middle Shabelle). Casualties were reported. Unspecified casualties coded as 3.",3,,1774318961
SOM55571,21-February-2026,2026,1,Political violence,Violence against civilians,Attack,Al Shabaab,,2,Civilians (Somalia),,7,27,Civilian targeting,706,Eastern Africa,Somalia,Lower Shabelle,Baraawe,,Haawaay,1.1685,43.7143,1,REDACTED IN SAMPLE,REDACTED IN SAMPLE,"On 21 February 2026, Al Shabaab assaulted two civilians in Haawaay village (Baraawe, Lower Shabelle) for not fasting during Ramadan. Extent of injuries unknown.",0,,1774318961
SOM55572,21-February-2026,2026,1,Political violence,Violence against civilians,Attack,Al Shabaab,,2,Civilians (Somalia),,7,27,Civilian targeting,706,Eastern Africa,Somalia,Middle Juba,Jilib,,Haramka,0.6285,43.1746,1,REDACTED IN SAMPLE,REDACTED IN SAMPLE,"On 21 February 2026, Al Shabaab assaulted a civilian at the main checkpoint in Haramka (Middle Juba, Jilib) for not observing fasting. Extent of injuries unknown.",0,,1774318961
SOM55573,21-February-2026,2026,1,Demonstrations,Protests,Peaceful protest,Protesters (Somalia),,6,,,0,60,,706,Eastern Africa,Somalia,Sanaag,Laasqoray,,Hingalool,11.1631,48.2,1,REDACTED IN SAMPLE,REDACTED IN SAMPLE,"On 21 February 2026, residents protested in Hingalool village (Laasqoray, Sanaag) after the district commissioner resigned over an unknown dispute.",0,crowd size=no report,1774318961
SOM55574,21-February-2026,2026,1,Political violence,Explosions/Remote violence,Air/drone strike,Unidentified Military Forces,,8,Al Shabaab,,2,28,,706,Eastern Africa,Somalia,Middle Shabelle,Jowhar,,Mahadaay,2.9704,45.5347,2,REDACTED IN SAMPLE,REDACTED IN SAMPLE,"On 21 February 2026, international forces (coded as Unidentified Military Forces) launched an airstrike targeting Al Shabaab gathering in Ciid-Ciidka Jimbillow near Mahadaay village (Jowhar, Middle Shabelle). More than 10 Al Shabaab members were killed, and several others were injured.",10,,1774318961
SOM55575,21-February-2026,2026,1,Political violence,Explosions/Remote violence,Air/drone strike,Unidentified Military Forces,Military Forces of Somalia (2022-) National Intelligence and Security Agency,8,Al Shabaab,,2,28,,706,Eastern Africa,Somalia,Hiraan,Bulo Burto,,Moqokori,4.0625,46.1342,1,REDACTED IN SAMPLE,REDACTED IN SAMPLE,"On 21 February 2026, international forces (coded as Unidentified Military Forces) conducted an airstrike targeting an Al Shabaab checkpoint in Moqokori village (Bulo Burto, Hiraan), killing militants. The strike hit the Shabaab Noha vehicle. Unspecified number of fatalities coded as 3.",3,,1774318961
SOM55576,21-February-2026,2026,1,Political violence,Explosions/Remote violence,Air/drone strike,Unidentified Military Forces,,8,Al Shabaab,,2,28,,706,Eastern Africa,Somalia,Middle Shabelle,Balcad,,Raga Ceel,2.6557,46.0091,2,REDACTED IN SAMPLE,REDACTED IN SAMPLE,"On 21 February 2026, international forces (coded as Unidentified Military Forces) launched an airstrike targeting Al Shabaab gathering in the Garas Makiin area near Raga Ceel village (Balcad, Middle Shabelle). Casualties unknown.",0,,1774318961
SOM55678,21-February-2026,2026,1,Demonstrations,Protests,Peaceful protest,Protesters (Somalia),Police Forces of Somalia (2022-) Puntland Police Force,6,,,0,60,,706,Eastern Africa,Somalia,Bari,Qardho,,Dangoroyo,8.7261,49.3393,1,REDACTED IN SAMPLE,REDACTED IN SAMPLE,"On 21 February 2026, Puntland police forces blocked (means unspecified) the main road in Dangoroyo village (Qardho, Bari) against unpaid salaries. The blockage resulted in the temporary disruption of vehicles moving along the main road.",0,crowd size=no report,1774318961
SOM55565,22-February-2026,2026,1,Political violence,Explosions/Remote violence,Remote explosive/landmine/IED,Al Shabaab,,2,Police Forces of Somalia (2022-) Southwest Special Police Forces,,1,12,,706,Eastern Africa,Somalia,Lower Shabelle,Afgooye,,Mukaiga,2.1517,45.0686,1,REDACTED IN SAMPLE,REDACTED IN SAMPLE,"On 22 February 2026, an IED planted by Al Shabaab exploded, targeting Southwest Special Police Forces (SWSPF) at a checkpoint in Mukaiga village (Afgooye, Lower Shabelle). 1 soldier was killed and 2 others were injured. Al Shabaab claimed responsibility.",1,,1774318961
SOM55566,22-February-2026,2026,1,Political violence,Explosions/Remote violence,Grenade,Al Shabaab,,2,Police Forces of Somalia (2022-),Military Forces of Somalia (2022-) National Intelligence and Security Agency,1,12,,706,Eastern Africa,Somalia,Gedo,Ceel Waaq,,El Wak,2.7908,41.0149,1,REDACTED IN SAMPLE,REDACTED IN SAMPLE,"On 22 February 2026, overnight, Al Shabaab threw a hand grenade targeting police forces and government security forces (NISA) at a checkpoint in El Wak town (Ceel Waaq, Gedo). There were no casualties. Al Shabaab claimed responsibility.",0,,1774318961
SOM55577,22-February-2026,2026,1,Strategic developments,Strategic developments,Change to group/activity,Al Shabaab,,2,,,0,20,,706,Eastern Africa,Somalia,Middle Shabelle,Balcad,,Balcad,2.3468,45.3902,1,REDACTED IN SAMPLE,REDACTED IN SAMPLE,"Movement of forces: On 22 February 2026, heavily armed Al Shabaab were seen at the Beerta Ali Mahdi area in Balcad town (Balcad, Middle Shabelle).",0,,1774318961
SOM55578,22-February-2026,2026,1,Political violence,Explosions/Remote violence,Shelling/artillery/missile attack,Al Shabaab,,2,Military Forces of Somalia (2022-),,1,12,,706,Eastern Africa,Somalia,Lower Juba,Jamaame,,Bar-Sanguun,-0.0416,42.5945,1,REDACTED IN SAMPLE,REDACTED IN SAMPLE,"On 22 February 2026, Al Shabaab fired shells towards government security forces (SNA) in Bar-Sanguun village (Jamaame, Lower Juba). There were no casualties.",0,,1774318961
SOM55579,22-February-2026,2026,1,Political violence,Battles,Armed clash,Darod-Dhulbahante Sub-Clan Militia (Somalia),,4,Isaaq-Habar Jeclo Sub-Clan Militia (Somalia),,4,44,,706,Eastern Africa,Somalia,Togdheer,Buuhoodle,,Buuhoodle,8.2516,46.3157,2,REDACTED IN SAMPLE,REDACTED IN SAMPLE,"On 22 February 2026, Darod Duhulbante clan militia clashed with Dir Isaaq Habar Jacelo clan militia near Buuhoodle town (Buuhoodle, Todheere). There were no casualties.",0,,1774318961
SOM55580,22-February-2026,2026,1,Strategic developments,Strategic developments,Change to group/activity,Rahanweyn-Mirifle-Elay Sub-Clan Militia (Somalia),,4,,,0,40,,706,Eastern Africa,Somalia,Bay,Baydhaba,,Carah Guduud,3.1138,43.5853,2,REDACTED IN SAMPLE,REDACTED IN SAMPLE,"Movement of forces: On 22 February 2026, Rahanweyn Mirifle Elay clan militia, heavily armed, arrived at Hawaay and Carah Guduud village (Baydhaba, Bay). The militia was linked to the recent clashes in Baidoa town.",0,,1774318961
SOM55581,22-February-2026,2026,1,Political violence,Violence against civilians,Attack,Al Shabaab,,2,Civilians (Somalia),,7,27,Civilian targeting,706,Eastern Africa,Somalia,Bakool,Ceel Barde,,Ceel Barde,4.8282,43.6599,2,REDACTED IN SAMPLE,REDACTED IN SAMPLE,"On 22 February 2026, Al Shabaab assaulted a civilian at a water point near Ceel Barde town (Ceel Barder, Bakool) for not fasting. Extent of injuries unknown.",0,,1774318961
SOM55582,22-February-2026,2026,1,Strategic developments,Strategic developments,Change to group/activity,Isaaq-Habar Jeclo Sub-Clan Militia (Somalia),,4,,,0,40,,706,Eastern Africa,Somalia,Sanaag,Ceerigaabo,,Ceerigaabo,10.6218,47.3681,1,REDACTED IN SAMPLE,REDACTED IN SAMPLE,"Movement of forces: On 22 February 2026, Isaaq Habar Jeclo clan militia armed with weapons gathered on the outskirts of Ceerigaabo town (Ceerigaabo, Sanaag).",0,,1774318961
SOM55583,22-February-2026,2026,1,Strategic developments,Strategic developments,Change to group/activity,Rahanweyn-Mirifle-Elay Sub-Clan Militia (Somalia),,4,,,0,40,,706,Eastern Africa,Somalia,Bay,Baydhaba,,Dambal,3.2342,43.6022,2,REDACTED IN SAMPLE,REDACTED IN SAMPLE,"Movement of forces: On 22 February 2026, Rahanweyn Mirifle Elay clan militia, heavily armed, arrived near Dambal village (Baydhaba, Bay). The militia was linked to the recent clashes in Baidoa town.",0,,1774318961
SOM55584,22-February-2026,2026,1,Demonstrations,Protests,Peaceful protest,Protesters (Somalia),Police Forces of Somalia (2022-) Puntland Police Force,6,,,0,60,,706,Eastern Africa,Somalia,Bari,Qardho,,Dangoroyo,8.7261,49.3393,1,REDACTED IN SAMPLE,REDACTED IN SAMPLE,"On 22 February 2026, Puntland police forces protested in Dangoroyo village (Qardho, Bari) over unpaid salaries. The forces blocked the main road (means unspecified).",0,crowd size=no report,1774318961
SOM55585,22-February-2026,2026,1,Strategic developments,Strategic developments,Change to group/activity,Rahanweyn-Mirifle-Elay Sub-Clan Militia (Somalia),,4,,,0,40,,706,Eastern Africa,Somalia,Bay,Baydhaba,,Daynuunay,3.0399,43.7969,2,REDACTED IN SAMPLE,REDACTED IN SAMPLE,"Movement of forces: On 22 February 2026, Rahanweyn Mirifle Elay clan militia, heavily armed, arrived near Daynuunay village (Baydhaba, Bay). The militia was linked to the recent clashes in Baidoa town.",0,,1774318961
SOM55586,22-February-2026,2026,1,Political violence,Violence against civilians,Attack,Darod-Dhulbahante Sub-Clan Militia (Somalia),,4,Civilians (Somalia),Isaaq-Habar Jeclo Sub-Clan Group (Somalia),7,47,Civilian targeting,706,Eastern Africa,Somalia,Sanaag,Ceerigaabo,,Jidali,10.7009,47.6684,2,REDACTED IN SAMPLE,REDACTED IN SAMPLE,"On 22 February 2026, Darod Duhulbante clan militia opened fire on a commercial truck belonging to Habar Jeclo clan near Jidali village (Ceerigaabo, Sanaag). Casualties unknown.",0,,1774318961
SOM55587,22-February-2026,2026,1,Strategic developments,Strategic developments,Non-violent transfer of territory,Hawiye-Abgal Sub-Clan Militia (Somalia),,4,Al Shabaab,,2,24,,706,Eastern Africa,Somalia,Middle Shabelle,Adan Yabaal,,Maxamed Saciid,3.3417,46.6015,1,REDACTED IN SAMPLE,REDACTED IN SAMPLE,"On 22 February 2026, Hawiye Abgal clan militia took control of Maxamed Saciid village (Adan Yabaal, Middle Shabelle) after Al Shabaab withdrew from the village. No clash was reported.",0,,1774318961
SOM55588,22-February-2026,2026,1,Strategic developments,Strategic developments,Change to group/activity,Rahanweyn-Mirifle-Hadame Clan Militia (Somalia),,4,,,0,40,,706,Eastern Africa,Somalia,Bay,Baydhaba,,Mayafulka,3.1292,43.6977,2,REDACTED IN SAMPLE,REDACTED IN SAMPLE,"Movement of forces: On 22 February 2026, Rahanweyn Mirifle Hadomo clan militia, heavily armed, arrived near Mayafulka village (Baydhaba, Bay). The clan militia was supporting Abdurahman Niishow, linked to the recent clashes in Baidoa town.",0,,1774318961
SOM55589,22-February-2026,2026,1,Political violence,Explosions/Remote violence,Grenade,Al Shabaab,,2,Military Forces of Somalia (2022-),,1,12,,706,Eastern Africa,Somalia,Banadir,Banadir,,Mogadishu - Dharkenley,2.0308,45.2661,1,REDACTED IN SAMPLE,REDACTED IN SAMPLE,"On 22 February 2026, Al Shabaab threw a hand grenade targeting government security forces (SNA) at a checkpoint in Xoosh area in Mogadishu - Dharkenley (Banadir). There were no casualties.",0,,1774318961
SOM55590,22-February-2026,2026,1,Strategic developments,Strategic developments,Change to group/activity,Islamic State Somalia Province,,2,,,0,20,,706,Eastern Africa,Somalia,Bari,Bossaso,,Tasjiic,10.8623,49.4576,2,REDACTED IN SAMPLE,REDACTED IN SAMPLE,"Movement of forces: On 22 February 2026, Islamic State Somalia Province armed with heavy artillery were observed patrolling near Tasjiic village (Bossaso, Bari).",0,,1774318961
SOM55591,22-February-2026,2026,1,Strategic developments,Strategic developments,Change to group/activity,Islamic State Somalia Province,,2,,,0,20,,706,Eastern Africa,Somalia,Bari,Bossaso,,Xabley,10.723,49.4906,2,REDACTED IN SAMPLE,REDACTED IN SAMPLE,"Movement of forces: On 22 February 2026, around 30 Islamic State Somalia Province fighters were seen gathering at a water point near Xabley village (Bossaso, Bari).",0,,1776191110
SOM55669,22-February-2026,2026,1,Political violence,Explosions/Remote violence,Air/drone strike,Military Forces of the United States (2025-),,8,Islamic State Somalia Province,,2,28,,706,Eastern Africa,Somalia,Bari,Qandala,,Buuraha Cali Miskat,10.8548,49.7434,2,REDACTED IN SAMPLE,REDACTED IN SAMPLE,"On 22 February 2026, US forces conducted airstrikes targeting Islamic State Somalia Province position in the vicinity of the Golis Mountains, approximately 70km southeast of Bossaso, near Buuraha Cali Miskat (Qandala, Bari). Casualties unknown.",0,,1776191110
SOM55592,23-February-2026,2026,1,Political violence,Explosions/Remote violence,Air/drone strike,Unidentified Military Forces,,8,Islamic State Somalia Province,,2,28,,706,Eastern Africa,Somalia,Bari,Bossaso,,Bosaso,11.2842,49.1816,1,REDACTED IN SAMPLE,REDACTED IN SAMPLE,"On 23 February 2026, international forces (coded as Unidentified Military Forces) launched an airstrike targeting Islamic State Somalia Provincein the Maragade area in Bosaso town (Bossaso, Bari). Casualties unknown.",0,,1774318961
SOM55593,23-February-2026,2026,1,Political violence,Violence against civilians,Abduction/forced disappearance,Unidentified Armed Group (Somalia),,3,Civilians (Somalia),,7,37,Civilian targeting,706,Eastern Africa,Somalia,Hiraan,Bulo Burto,,Bulo Burto,3.8519,45.5651,1,REDACTED IN SAMPLE,REDACTED IN SAMPLE,"On 23 February 2026, overnight, an unidentified armed group abducted three members of the Somali National Independent Electoral and Boundaries Commission (NIEBC) in Bulo Burto town (Bulo Burto, Hiraan). The armed group opposed the direct local election. They also attacked the residential house of the Bulo Burto district commissioner.",0,,1774318961
SOM55594,23-February-2026,2026,1,Strategic developments,Strategic developments,Agreement,Rahanweyn-Mirifle-Hadame Clan Militia (Somalia),,4,Rahanweyn-Mirifle-Elay Sub-Clan Militia (Somalia),,4,44,,706,Eastern Africa,Somalia,Bay,Buur Hakaba,,Buulo Fulaay,2.1106,43.5233,1,REDACTED IN SAMPLE,REDACTED IN SAMPLE,"On 23 February 2026, Al Shabaab held meetings with Rahanweyn Mirifle Hadamo and Elay clan militias in Buulo Fulaay town (Buur Hakaba, Bay) to reach an agreement for the peaceful coexistence of the two clans. The meetings were linked to recent clan mobilization towards the Baidoa area.",0,,1774318961
SOM55595,23-February-2026,2026,1,Political violence,Explosions/Remote violence,Air/drone strike,Unidentified Military Forces,,8,Islamic State Somalia Province,,2,28,,706,Eastern Africa,Somalia,Bari,Qandala,,Buuraha Cali Miskat,10.8548,49.7434,1,REDACTED IN SAMPLE,REDACTED IN SAMPLE,"On 23 February 2026, international forces (coded as Unidentified Military Forces) launched an airstrike targeting Islamic State Somalia Province in Buuraha Cali Miskat (Qandala, Bari). Casualties unknown.",0,,1776191110
SOM55596,23-February-2026,2026,1,Political violence,Battles,Armed clash,Darod-Marehan Sub-Clan Militia (Somalia),,4,Darod-Marehan Sub-Clan Militia (Somalia),,4,44,,706,Eastern Africa,Somalia,Galgaduud,Cabudwaaq,,Cabudwaaq,6.1478,46.3964,1,REDACTED IN SAMPLE,REDACTED IN SAMPLE,"On 23 February 2026, two militias from the Darod Merihan Diini sub-clan clashed on the eastern outskirts of Cabudwaaq town (Cabudwaaq, Galgaduud) following a land dispute. There were no casualties.",0,,1774318961
SOM55597,23-February-2026,2026,1,Political violence,Battles,Armed clash,Al Shabaab,,2,Military Forces of Somalia (2022-),,1,12,,706,Eastern Africa,Somalia,Lower Shabelle,Afgooye,,Cumar Beerre,2.1989,45.0548,2,REDACTED IN SAMPLE,REDACTED IN SAMPLE,"On 23 February 2026, Al Shabaab clashed with government security forces (SNA) near Cumar Beerre village (Afgooye, Lower Shabelle). Soldiers were injured. Extent of injuries unknown.",0,,1774318961
SOM55598,23-February-2026,2026,1,Political violence,Battles,Armed clash,Al Shabaab,,2,AUSSOM: Africa Union Support and Stabilisation Mission in Somalia (2025-) (Uganda),Military Forces of Somalia (2022-),8,28,,706,Eastern Africa,Somalia,Lower Shabelle,Marka,,Janaale,1.8,44.7,1,REDACTED IN SAMPLE,REDACTED IN SAMPLE,"On 23 February 2026, Al Shabaab carried out a hit-and-run attack targeting an AUSSOM UPDF and government security forces (SNA) position in Janaale village (Marka, Lower Shabelle). The clash began with RPG fire, followed by an exchange of heavy gunfire. Casualties unknown.",0,,1774318961
SOM55599,23-February-2026,2026,1,Strategic developments,Strategic developments,Change to group/activity,Al Shabaab,,2,,,0,20,,706,Eastern Africa,Somalia,Middle Shabelle,Jowhar,,Jowhar,2.7797,45.5042,2,REDACTED IN SAMPLE,REDACTED IN SAMPLE,"Movement of forces: On 23 February 2026, several Al Shabaab arrived in Maxaali Kulmiye and Aqab Duuce area near Jowhar town (Jowhar, Middle Shabelle).",0,,1774318961
SOM55600,23-February-2026,2026,1,Political violence,Violence against civilians,Attack,Military Forces of Somalia (2022-),,1,Civilians (Somalia),,7,17,Civilian targeting,706,Eastern Africa,Somalia,Banadir,Banadir,,Mogadishu - Daynile,2.0576,45.2853,1,REDACTED IN SAMPLE,REDACTED IN SAMPLE,"On 23 February 2026, a government soldier (SNA) shot, injured, and looted a civilian near the Tabelaha Weydow area in Mogadishu - Daynile (Banadir). Extent of injuries unknown.",0,,1774318961
SOM55601,23-February-2026,2026,1,Demonstrations,Protests,Peaceful protest,Protesters (Somalia),,6,,,0,60,,706,Eastern Africa,Somalia,Banadir,Banadir,,Mogadishu - Hodan,2.0376,45.3058,1,REDACTED IN SAMPLE,REDACTED IN SAMPLE,"On 23 February 2026, residents protested in Mogadishu - Hodan (Banadir) against a presidential candidate for Galmudug for his role in the land eviction.",0,crowd size=no report,1774318961
SOM55602,23-February-2026,2026,1,Political violence,Violence against civilians,Attack,Military Forces of Somalia (2022-),,1,Civilians (Somalia),,7,17,Civilian targeting,706,Eastern Africa,Somalia,Banadir,Banadir,,Mogadishu - Wadajir,2.0462,45.3341,1,REDACTED IN SAMPLE,REDACTED IN SAMPLE,"On 23 February 2026, a government soldier (SNA) shot and injured a civilian in Mogadishu - Wadajir (Banadir).",0,,1774318961
SOM55603,23-February-2026,2026,1,Political violence,Violence against civilians,Attack,Military Forces of Somalia (2022-) National Intelligence and Security Agency,,1,Civilians (Somalia),Taxi Drivers (Somalia),7,17,Civilian targeting,706,Eastern Africa,Somalia,Banadir,Banadir,,Mogadishu - Yaqshid,2.0678,45.35,1,REDACTED IN SAMPLE,REDACTED IN SAMPLE,"On 23 February 2026, a government soldier (NISA) beat and injured a tuk-tuk driver at the Xafaada Jungaal in Mogadishu - Yaqshid (Banadir). The driver did not stop.",0,,1774318961
SOM55604,23-February-2026,2026,1,Political violence,Explosions/Remote violence,Grenade,Al Shabaab,,2,Police Forces of Somalia (2022-) Special Forces,,1,12,,706,Eastern Africa,Somalia,Banadir,Banadir,,Mogadishu - Yaqshid,2.0678,45.35,1,REDACTED IN SAMPLE,REDACTED IN SAMPLE,"On 23 February 2026, Al Shabaab hurled a hand grenade at a police-military checkpoint in the Misinka Duxusha area in Mogadishu - Yaqshid (Banadir), injuring soldiers. Extent of injuries unknown.",0,,1774318961
SOM55605,23-February-2026,2026,1,Demonstrations,Protests,Peaceful protest,Protesters (Somalia),Military Forces of Somalia (2022-) Puntland Dervish Force,6,,,0,60,,706,Eastern Africa,Somalia,Bari,Qandala,,Qandala,11.471,49.8726,2,REDACTED IN SAMPLE,REDACTED IN SAMPLE,"On 23 February 2026, Puntland Derwish forces protested near Qandala town (Qandala, Bari) over unpaid salaries.",0,crowd size=no report,1774318961
SOM55606,23-February-2026,2026,1,Political violence,Battles,Armed clash,Military Forces of Somalia (2022-),,1,Al Shabaab,,2,12,,706,Eastern Africa,Somalia,Lower Shabelle,Qoryooley,,Qoryooley,1.7878,44.53,2,REDACTED IN SAMPLE,REDACTED IN SAMPLE,"On 23 February 2026, government security forces (SNA) clashed with an Al Shabaab convoy near Qoryooley town (Qoryooley, Lower Shabelle). There were no casualties.",0,,1774318961
SOM55607,23-February-2026,2026,1,Strategic developments,Strategic developments,Non-violent transfer of territory,Military Forces of Somalia (2022-) Puntland Dervish Force,,1,Islamic State Somalia Province,,2,12,,706,Eastern Africa,Somalia,Bari,Qandala,,Sixna,11.061,50.2123,2,REDACTED IN SAMPLE,REDACTED IN SAMPLE,"On 23 February 2026, Puntland Derwish forces took control of an Islamic State Somalia Province base near Sixna village (Qandala, Bari). Recently, the forces withdrew from Sixna over unpaid salaries.",0,,1774318961
SOM55608,23-February-2026,2026,1,Political violence,Battles,Armed clash,Military Forces of Somalia (2022-),Hawiye-Hawadle Sub-Clan Militia (Somalia),1,Al Shabaab,,2,12,,706,Eastern Africa,Somalia,Hiraan,Belet Weyne,,Waabweyn,4.6865,45.5903,2,REDACTED IN SAMPLE,REDACTED IN SAMPLE,"On 23 February 2026, government security forces (SNA) and Hawiye Hawadle clan militia clashed with Al Shabaab at a hideout near Waabweyn village (Belet Weyne, Hiraan). Several Al Shabaab members were killed. Unspecified number of fatalities coded as 3.",3,,1774318961
SOM55609,23-February-2026,2026,1,Strategic developments,Strategic developments,Change to group/activity,Al Shabaab,,2,,,0,20,,706,Eastern Africa,Somalia,Middle Shabelle,Jowhar,,War-Ciise,2.8076,45.7197,2,REDACTED IN SAMPLE,REDACTED IN SAMPLE,"Movement of forces: On 23 February 2026, several Al Shabaab arrived in Jilqabka Danyirey near War-Ciise village (Jowhar, Middle Shabelle).",0,,1774318961
SOM55670,23-February-2026,2026,1,Political violence,Explosions/Remote violence,Air/drone strike,Military Forces of the United States (2025-),,8,Islamic State Somalia Province,,2,28,,706,Eastern Africa,Somalia,Bari,Qandala,,Buuraha Cali Miskat,10.8548,49.7434,2,REDACTED IN SAMPLE,REDACTED IN SAMPLE,"On 23 February 2026, US forces conducted airstrikes targeting Islamic State Somalia Province position in the vicinity of the Golis Mountains, approximately 70km southeast of Bossaso, near Buuraha Cali Miskat (Qandala, Bari). Casualties unknown.",0,,1776191110
SOM55610,24-February-2026,2026,1,Political violence,Explosions/Remote violence,Grenade,Al Shabaab,,2,Police Forces of Somalia (2022-) Southwest Special Police Forces,,1,12,,706,Eastern Africa,Somalia,Lower Shabelle,Afgooye,,Afgooye,2.15,45.116,1,REDACTED IN SAMPLE,REDACTED IN SAMPLE,"On 24 February 2026, suspected Al Shabaab threw a hand grenade at a Southwest Special Police Forces (SWSPF) at Iimi Junction in Afgooye town (Afgooye, Lower Shabelle). Security forces opened fire in multiple directions. 2 soldiers and 1 civilian were killed. An unconfirmed number of civilian bystanders also were injured.",3,,1774318961
SOM55611,24-February-2026,2026,1,Political violence,Explosions/Remote violence,Remote explosive/landmine/IED,Al Shabaab,,2,Military Forces of Somalia (2022-) National Intelligence and Security Agency,,1,12,,706,Eastern Africa,Somalia,Lower Shabelle,Afgooye,,Almada,2.2187,45.2087,1,REDACTED IN SAMPLE,REDACTED IN SAMPLE,"On 24 February 2026, an IED planted by Al Shabaab exploded, targeting government security forces (NISA) in Almada village (Afgooye, Lower Shabelle). 3 NISA soldiers were killed, and 2 others were injured. Al Shabaab claimed responsibility.",3,,1774318961
SOM55612,24-February-2026,2026,1,Strategic developments,Strategic developments,Change to group/activity,Rahanweyn-Mirifle-Boqol Hore Sub-Clan Militia (Somalia),,4,,,0,40,,706,Eastern Africa,Somalia,Bay,Baydhaba,,Baidoa,3.1172,43.6469,1,REDACTED IN SAMPLE,REDACTED IN SAMPLE,"Movement of forces: On 24 February 2026, Rahanweyn Mirifle Boqolhore clan militia mobilised on the outskirts of Baidoa along the Baidoa-Daynuunay road in Baidoa town (Baydhaba, Bay), amid escalating political tensions in Somalia's Southwest State.",0,,1774318961
SOM55613,24-February-2026,2026,1,Political violence,Battles,Armed clash,Al Shabaab,,2,Police Forces of Somalia (2022-) Southwest Special Police Forces,,1,12,,706,Eastern Africa,Somalia,Bay,Baydhaba,,Baidoa,3.1172,43.6469,1,REDACTED IN SAMPLE,REDACTED IN SAMPLE,"On 24 February 2026, Al Shabaab clashed with Southwest Special Police Forces (SWSPF) in the Bukriyey neighbourhood of Baidoa town (Baydhaba, Bay). Casualties unknown.",0,,1774318961
SOM55614,24-February-2026,2026,1,Political violence,Explosions/Remote violence,Remote explosive/landmine/IED,Al Shabaab,,2,Military Forces of Somalia (2022-),,1,12,,706,Eastern Africa,Somalia,Lower Shabelle,Marka,,Bulo Mareer,1.6298,44.5196,1,REDACTED IN SAMPLE,REDACTED IN SAMPLE,"On 24 February 2026, an IED planted by unknown suspects (likely Al Shabaab due to similar attacks) exploded at a tea shop, targeting government security forces (SNA) in Bulo Mareer town (Marka, Lower Shabelle). 3 SNA soldiers were injured.",0,,1774318961
SOM55615,24-February-2026,2026,1,Political violence,Battles,Armed clash,Al Shabaab,,2,Military Forces of Somalia (2022-),,1,12,,706,Eastern Africa,Somalia,Bay,Baydhaba,,Burjeedka,3.0246,43.5948,1,REDACTED IN SAMPLE,REDACTED IN SAMPLE,"On 24 February 2026, Al Shabaab conducted a hit-and-run attack on government security forces (SNA) at a base in Burjeedka village (Baydhaba, Bay). There were no casualties. Al Shabaab claimed responsibility.",0,,1774318961
SOM55616,24-February-2026,2026,1,Political violence,Battles,Armed clash,Police Forces of Somalia (2022-) Galmudug Police Force,,1,Unidentified Clan Militia (Somalia),,4,14,,706,Eastern Africa,Somalia,Galgaduud,Dhuusamarreeb,,Ceel Dheer,5.3687,46.1803,1,REDACTED IN SAMPLE,REDACTED IN SAMPLE,"On 24 February 2026, Police security forces clashed with unidentified clan militia in the vicinity of Ceel Dheer village (Dhuusamarreeb, Galgaduud). 1 person was injured.",0,,1774318961
SOM55617,24-February-2026,2026,1,Strategic developments,Strategic developments,Change to group/activity,Al Shabaab,,2,,,0,20,,706,Eastern Africa,Somalia,Bay,Diinsoor,,Diinsoor,2.4074,42.9766,2,REDACTED IN SAMPLE,REDACTED IN SAMPLE,"Movement of forces: On 24 February 2026, Al Shabaab were seen moving and patrolling near Diinsoor town (Diinsoor, Bay).",0,,1774318961
SOM55618,24-February-2026,2026,1,Political violence,Battles,Armed clash,Military Forces of Somalia (2022-) National Intelligence and Security Agency,,1,Al Shabaab,,2,12,,706,Eastern Africa,Somalia,Hiraan,Belet Weyne,,Goobo,4.499,46.0564,2,REDACTED IN SAMPLE,REDACTED IN SAMPLE,"On 24 February 2026, government security forces (NISA) clashed with Al Shabaab at a hideout near Goobo village (Belet Weyne, Hiraan), Maxamed Saciid, Moqokori, and Waabweyn (coded separately). More than 23 Al Shabaab militants were killed. 23 fatalities split across 4 locations and coded as 6 for this event.",6,,1774318961
SOM55619,24-February-2026,2026,1,Political violence,Explosions/Remote violence,Remote explosive/landmine/IED,Al Shabaab,,2,Military Forces of Ethiopia (2018-),,8,28,,706,Eastern Africa,Somalia,Hiraan,Bulo Burto,,Halgan,4.2117,45.5625,1,REDACTED IN SAMPLE,REDACTED IN SAMPLE,"On 24 February 2026, overnight, an IED planted by Al Shabaab detonated, targeting Ethiopian security forces (non-AUSSOM) in Halgan village (Bulo Burto, Hiraan). There were no casualties. Al Shabaab claimed responsibility.",0,,1774318961
SOM55620,24-February-2026,2026,1,Political violence,Violence against civilians,Abduction/forced disappearance,Al Shabaab,,2,Civilians (Somalia),Unidentified Clan Group (Somalia),7,27,Civilian targeting,706,Eastern Africa,Somalia,Lower Juba,Jamaame,,Jamaame,0.0692,42.7382,1,REDACTED IN SAMPLE,REDACTED IN SAMPLE,"On 24 February 2026, Al Shabaab abducted an unspecified number of clan elders in Jamaame town (Jamaame, Lower Juba).",0,,1774318961
SOM55621,24-February-2026,2026,1,Political violence,Explosions/Remote violence,Remote explosive/landmine/IED,Al Shabaab,,2,Military Forces of Somalia (2022-),,1,12,,706,Eastern Africa,Somalia,Lower Shabelle,Marka,,Janaale,1.8,44.7,1,REDACTED IN SAMPLE,REDACTED IN SAMPLE,"On 24 February 2026, an IED planted by Al Shabaab exploded, targeting government security forces (SNA) in Janaale village (Marka, Lower Shabelle). 2 soldiers were injured. Al Shabaab claimed responsibility.",0,,1774318961
SOM55622,24-February-2026,2026,1,Political violence,Battles,Armed clash,Al Shabaab,,2,Military Forces of Somalia (2022-),AUSSOM: Africa Union Support and Stabilisation Mission in Somalia (2025-) (Uganda),1,12,,706,Eastern Africa,Somalia,Lower Shabelle,Marka,,Janaale,1.8,44.7,1,REDACTED IN SAMPLE,REDACTED IN SAMPLE,"On 24 February 2026, Al Shabaab clashed with government security forces (SNA) and AUSSOM UPDF in Janaale village (Marka, Lower Shabelle). 2 UPDF soldiers were killed, and 1 other was injured. 2 SNA soldiers were also injured. Al Shabaab claimed responsibility.",2,,1774318961
SOM55623,24-February-2026,2026,1,Demonstrations,Protests,Peaceful protest,Protesters (Somalia),,6,,,0,60,,706,Eastern Africa,Somalia,Lower Shabelle,Afgooye,,Lafoole,2.0833,45.1667,1,REDACTED IN SAMPLE,REDACTED IN SAMPLE,"On 24 February 2026, residents protested at the Xarunta Agoonta area in Lafoole village (Afgooye, Lower Shabelle) against land eviction.",0,crowd size=no report,1774318961
SOM55624,24-February-2026,2026,1,Political violence,Violence against civilians,Attack,Unidentified Clan Militia (Somalia),,4,Civilians (Somalia),,7,47,Civilian targeting,706,Eastern Africa,Somalia,Awdal,Lughaye,,Lughaye,10.6825,43.9432,1,REDACTED IN SAMPLE,REDACTED IN SAMPLE,"On 24 February 2026, an unidentified clan militia member carried out an attack on the Abdi-Geedi MCH facility in Lughaye town (Lughaye, Awdal). There were no casualties.",0,,1774318961
SOM55625,24-February-2026,2026,1,Political violence,Violence against civilians,Attack,Hawiye-Hawadle Sub-Clan Militia (Somalia),,4,Civilians (Somalia),Taxi Drivers (Somalia),7,47,Civilian targeting,706,Eastern Africa,Somalia,Hiraan,Belet Weyne,,Matabaan,5.1994,45.5252,2,REDACTED IN SAMPLE,REDACTED IN SAMPLE,"On 24 February 2026, Hawiye Hawadle clan militia opened fire on a passenger vehicle at a checkpoint near Matabaan town (Belet Weyne, Hiraan). 1 civilian was injured.",0,,1774318961
SOM55626,24-February-2026,2026,1,Political violence,Explosions/Remote violence,Air/drone strike,Unidentified Military Forces,,8,Al Shabaab,,2,28,,706,Eastern Africa,Somalia,Hiraan,Bulo Burto,,Maxaas,4.3934,46.0882,1,REDACTED IN SAMPLE,REDACTED IN SAMPLE,"On 24 February 2026, international forces (coded as Unidentified Military Forces) conducted an airstrike targeting an Al Shabaab hideout in Maxaas town (Bulo Burto, Hiraan). The strike hit two bases, and several Al Shabaab fighters were killed, including mid-level commanders. Unspecified casualties coded as 3.",3,,1774318961
SOM55627,24-February-2026,2026,1,Political violence,Battles,Armed clash,Military Forces of Somalia (2022-) National Intelligence and Security Agency,,1,Al Shabaab,,2,12,,706,Eastern Africa,Somalia,Middle Shabelle,Adan Yabaal,,Maxamed Saciid,3.3417,46.6015,2,REDACTED IN SAMPLE,REDACTED IN SAMPLE,"On 24 February 2026, government security forces (NISA) clashed with Al Shabaab at a hideout near Maxamed Saciid village (Adan Yabaal, Middle Shabelle), Goobo, Moqokori, and Waabweyn (coded separately). More than 23 Al Shabaab militants were killed. 23 fatalities split across 4 locations and coded as 6 for this event.",6,,1774318961
SOM55628,24-February-2026,2026,1,Political violence,Violence against civilians,Attack,Military Forces of Somalia (2022-),,1,Civilians (Somalia),,7,17,Civilian targeting,706,Eastern Africa,Somalia,Banadir,Banadir,,Mogadishu - Yaqshid,2.0678,45.35,1,REDACTED IN SAMPLE,REDACTED IN SAMPLE,"On 24 February 2026, a government soldier (SNA) shot and injured a civilian at a mosque in Suuqa-Xolaha village in Mogadishu - Yaqshid (Banadir). The soldier looted the civilian.",0,,1774318961
SOM55629,24-February-2026,2026,1,Political violence,Battles,Armed clash,Military Forces of Somalia (2022-) National Intelligence and Security Agency,,1,Al Shabaab,,2,12,,706,Eastern Africa,Somalia,Hiraan,Bulo Burto,,Moqokori,4.0625,46.1342,1,REDACTED IN SAMPLE,REDACTED IN SAMPLE,"On 24 February 2026, government security forces (NISA) clashed with Al Shabaab in Moqokori village (Bulo Burto, Hiraan), Goobo, Maxamed Saciid, and Waabweyn (coded separately). More than 23 Al Shabaab militants were killed. 23 fatalities split across 4 locations and coded as 5 for this event.",5,,1774318961
SOM55630,24-February-2026,2026,1,Political violence,Battles,Armed clash,Al Shabaab,,2,Police Forces of Somalia (2022-) Southwest Special Police Forces,,1,12,,706,Eastern Africa,Somalia,Bay,Qansax Dheere,,Qansax Dheere,2.8712,43.0043,1,REDACTED IN SAMPLE,REDACTED IN SAMPLE,"On 24 February 2026, Al Shabaab clashed with Southwest Special Police Forces (SWSPF) in Qansax Dheere town (Qansax Dheere, Bay). There were no casualties.",0,,1774318961
SOM55631,24-February-2026,2026,1,Political violence,Battles,Armed clash,Al Shabaab,,2,Military Forces of Somalia (2022-) National Intelligence and Security Agency,,1,12,,706,Eastern Africa,Somalia,Lower Shabelle,Qoryooley,,Qoryooley,1.7878,44.53,1,REDACTED IN SAMPLE,REDACTED IN SAMPLE,"On 24 February 2026, Al Shabaab clashed with government security forces (NISA) at a checkpoint on the outskirts of Qoryooley town (Qoryooley, Lower Shabelle). Casualties unknown.",0,,1774318961
SOM55632,24-February-2026,2026,1,Political violence,Explosions/Remote violence,Shelling/artillery/missile attack,Military Forces of Somalia (2022-) Puntland Dervish Force,,1,Islamic State Somalia Province,,2,12,,706,Eastern Africa,Somalia,Bari,Qandala,,Sixna,11.061,50.2123,2,REDACTED IN SAMPLE,REDACTED IN SAMPLE,"On 24 February 2026, Puntland dervish forces fired mortar shells at the Islamic State Somalia Province gathering near Sixna village (Qandala, Bari). Casualties were reported. Unspecified number of fatalities coded as 3.",3,,1774318961
SOM55633,24-February-2026,2026,1,Strategic developments,Strategic developments,Change to group/activity,Al Shabaab,,2,,,0,20,,706,Eastern Africa,Somalia,Hiraan,Jalalaqsi,,Tarda,3.5676,45.9656,2,REDACTED IN SAMPLE,REDACTED IN SAMPLE,"Movement of forces: On 24 February 2026, over 600 Al Shabaab were seen gathering near Tarda village (Jalalaqsi, Hiraan).",0,,1774318961
SOM55634,24-February-2026,2026,1,Political violence,Battles,Armed clash,Military Forces of Somalia (2022-) National Intelligence and Security Agency,,1,Al Shabaab,,2,12,,706,Eastern Africa,Somalia,Hiraan,Belet Weyne,,Waabweyn,4.6865,45.5903,2,REDACTED IN SAMPLE,REDACTED IN SAMPLE,"On 24 February 2026, government security forces (NISA) clashed with Al Shabaab at a hideout near Waabweyn village (Belet Weyne, Hiraan), Goobo, Maxamed Saciid, and Moqokori (coded separately). More than 23 Al Shabaab militants were killed. 23 fatalities split across 4 locations and coded as 6 for this event.",6,,1774318961
SOM55635,24-February-2026,2026,1,Strategic developments,Strategic developments,Change to group/activity,Al Shabaab,,2,,,0,20,,706,Eastern Africa,Somalia,Lower Juba,Afmadow,,Welmaro,0.5765,42.4068,1,REDACTED IN SAMPLE,REDACTED IN SAMPLE,"Movement of forces: On 24 February 2026, Al Shabaab was observed mobilizing and concentrating at a key base in Welmaro village (Afmadow, Lower Juba). Among the Al Shabaab commanders that were present was an Oromo from Ethiopia, who specialized in improvised explosive devices (IEDs).",0,,1774318961
SOM55667,24-February-2026,2026,1,Political violence,Explosions/Remote violence,Grenade,Al Shabaab,,2,Military Forces of Somalia (2022-),,1,12,,706,Eastern Africa,Somalia,Gedo,Baardheere,,Bardera,2.3385,42.2843,1,REDACTED IN SAMPLE,REDACTED IN SAMPLE,"On 24 February 2026, Al Shabaab threw a hand grenade at a government security force (SNA) at the residence of the Baardheere airstrip manager in Bardera town (Baardheere, Gedo). The grenade landed near the security forces, causing casualties from the explosion. Unspecified number of fatalities coded as 3.",3,,1774318961
SOM55671,24-February-2026,2026,1,Political violence,Explosions/Remote violence,Air/drone strike,Military Forces of the United States (2025-),,8,Islamic State Somalia Province,,2,28,,706,Eastern Africa,Somalia,Bari,Qandala,,Buuraha Cali Miskat,10.8548,49.7434,2,REDACTED IN SAMPLE,REDACTED IN SAMPLE,"On 24 February 2026, US forces conducted airstrikes targeting Islamic State Somalia Province position in the vicinity of the Golis Mountains, approximately 70km southeast of Bossaso, near Buuraha Cali Miskat (Qandala, Bari). Casualties unknown.",0,,1776191110
SOM55636,25-February-2026,2026,1,Demonstrations,Protests,Peaceful protest,Protesters (Somalia),Taxi Drivers (Somalia),6,,,0,60,,706,Eastern Africa,Somalia,Lower Shabelle,Afgooye,,Arabiiska,2.1338,45.14,1,REDACTED IN SAMPLE,REDACTED IN SAMPLE,"On 25 February 2026, tuk-tuk drivers protested in Arabiiska village (Afgooye, Lower Shabelle) over the killing of a driver.",0,crowd size=no report,1774318961
SOM55637,25-February-2026,2026,1,Strategic developments,Strategic developments,Change to group/activity,Police Forces of Somalia (2022-) Southwest Special Police Forces,,1,,,0,10,,706,Eastern Africa,Somalia,Bay,Baydhaba,,Baidoa,3.1172,43.6469,1,REDACTED IN SAMPLE,REDACTED IN SAMPLE,"Change to armed group: On 25 February 2026, members of Southwest Special Police Forces (SWSPF) defected to opposition groups operating in the southeastern and southwestern outskirts of Baidoa town (Baydhaba, Bay). They left their posts with weapons, including armed vehicles.",0,,1774318961
SOM55638,25-February-2026,2026,1,Political violence,Explosions/Remote violence,Air/drone strike,Unidentified Military Forces,,8,Islamic State Somalia Province,,2,28,,706,Eastern Africa,Somalia,Bari,Bossaso,,Balade,11.2761,49.164,1,REDACTED IN SAMPLE,REDACTED IN SAMPLE,"On 25 February 2026, international forces (coded as Unidentified Military Forces) conducted airstrikes targeting the Islamic State Somalia Province position in Tooga Balade (Bossaso, Bari). Casualties unknown.",0,,1774318961
SOM55639,25-February-2026,2026,1,Political violence,Violence against civilians,Attack,Unidentified Clan Militia (Somalia),,4,Civilians (Somalia),Darod-Leelkayse Sub-Clan Group (Somalia),7,47,Civilian targeting,706,Eastern Africa,Somalia,Mudug,Galdogob,,Bursaalax,7.1865,47.2426,1,REDACTED IN SAMPLE,REDACTED IN SAMPLE,"On 25 February 2026, unidentified clan militia shot and killed a civilian from Darod Leelkayse clan in Qaydar Dabato area in Bursaalax town (Galdogob, Mudug) over clan revenge.",1,,1774318961
SOM55640,25-February-2026,2026,1,Political violence,Battles,Armed clash,Hawiye-Habar Gedir-Saleban Sub-Clan Militia (Somalia),,4,Darod-Marehan-Cili Sub-Clan Militia (Somalia),,4,44,,706,Eastern Africa,Somalia,Galgaduud,Cabudwaaq,,Cabudwaaq,6.1478,46.3964,2,REDACTED IN SAMPLE,REDACTED IN SAMPLE,"On 25 February 2026, Hawiye Habargedir Saleeban clan militias clashed with Darod Marehan Cilli clan militia in the vicinity of Ruun Cadde village near Cabudwaaq town (Cabudwaaq, Galgaduud). 3 people were killed, and 7 others were injured. The incident was linked to a dispute over grazing land and long-standing inter-clan grievances. Militias were mobilising for reinforcement.",3,,1774318961
SOM55641,25-February-2026,2026,1,Political violence,Battles,Armed clash,Hawiye-Habar Gedir-Saleban Sub-Clan Militia (Somalia),,4,Darod-Marehan-Cili Sub-Clan Militia (Somalia),,4,44,,706,Eastern Africa,Somalia,Galgaduud,Cabudwaaq,,Dalsan,6.2706,46.3236,1,REDACTED IN SAMPLE,REDACTED IN SAMPLE,"On 25 February 2026, Hawiye Habargedir Saleeban clan militias clashed with Darod Marehan Cilli clan militia in the vicinity of Ruun Cadde village in Dalsan village (Cabudwaaq, Galgaduud). An unknown number of people were killed and wounded. Unspecified number of fatalities coded as 3.",3,,1774318961
SOM55642,25-February-2026,2026,1,Political violence,Violence against civilians,Attack,Darod-Leelkayse Sub-Clan Militia (Somalia),,4,Civilians (Somalia),Unidentified Clan Group (Somalia),7,47,Civilian targeting,706,Eastern Africa,Somalia,Mudug,Galdogob,,Galdogob,7.012,47.06,1,REDACTED IN SAMPLE,REDACTED IN SAMPLE,"On 25 February 2026, Darod Leelkayse clan militia shot and killed 3 civilian in Galdogob town (Galdogob, Mudug) over clan revenge.",3,,1774318961
SOM55643,25-February-2026,2026,1,Political violence,Battles,Armed clash,Military Forces of Somalia (2022-) National Intelligence and Security Agency,,1,Al Shabaab,,2,12,,706,Eastern Africa,Somalia,Lower Shabelle,Marka,,Gendershe,1.8342,44.9667,2,REDACTED IN SAMPLE,REDACTED IN SAMPLE,"On 25 February 2026, government security forces (NISA) clashed with Al Shabaab near Gendershe village (Marka, Lower Shabelle). Al Shabaab injuries were reported. Extent of injuries unknown.",0,,1774318961
SOM55644,25-February-2026,2026,1,Political violence,Battles,Armed clash,Military Forces of Somalia (2022-),,1,Al Shabaab,,2,12,,706,Eastern Africa,Somalia,Bakool,Xudur,,Hudur,4.1237,43.8915,2,REDACTED IN SAMPLE,REDACTED IN SAMPLE,"On 25 February 2026, government security forces (SNA) clashed with Al Shabaab near Hudur town (Xudur, Bakool). There were no casualties.",0,,1774318961
SOM55645,25-February-2026,2026,1,Political violence,Violence against civilians,Attack,Al Shabaab,,2,Civilians (Somalia),,7,27,Civilian targeting,706,Eastern Africa,Somalia,Lower Shabelle,Kurtunwaarey,,Kurtunwaarey,1.6104,44.3329,1,REDACTED IN SAMPLE,REDACTED IN SAMPLE,"On 25 February 2026, Al Shabaab shot and killed 2 civilians in Kurtunwaarey village (Kurtunwaarey, Lower Shabelle) over suspected spying for government security forces (SNA).",2,,1774318961
SOM55646,25-February-2026,2026,1,Political violence,Battles,Armed clash,Dir Clan Militia (Somalia),,4,Darod-Marehan Sub-Clan Militia (Somalia),,4,44,,706,Eastern Africa,Somalia,Galgaduud,Cabudwaaq,,Laandheer,6.0854,46.1934,2,REDACTED IN SAMPLE,REDACTED IN SAMPLE,"On 25 February 2026, Dir clan militia clashed with Darod Marehan militia near Laandheer village (Cabudwaaq, Galgaduud). 3 people were injured.",0,,1774318961
SOM55647,25-February-2026,2026,1,Political violence,Battles,Armed clash,Hawiye-Hawadle Sub-Clan Militia (Somalia),,4,Al Shabaab,,2,24,,706,Eastern Africa,Somalia,Hiraan,Bulo Burto,,Maxaas,4.3934,46.0882,2,REDACTED IN SAMPLE,REDACTED IN SAMPLE,"On 25 February 2026, Hawiye Hawadle clan militia clashed with Al Shabaab at the Isgoska area near Maxaas town (Bulo Burto, Hiraan). There were no casualties.",0,,1774318961
SOM55648,25-February-2026,2026,1,Political violence,Battles,Armed clash,Al Shabaab,,2,AUSSOM: Africa Union Support and Stabilisation Mission in Somalia (2025-) (Ethiopia),,8,28,,706,Eastern Africa,Somalia,Bay,Qansax Dheere,,Qansax Dheere,2.8712,43.0043,1,REDACTED IN SAMPLE,REDACTED IN SAMPLE,"On 25 February 2026, Al Shabaab clashed with AUSSOM ENDF troops at a base in Qansax Dheere town (Qansax Dheere, Bay). There were no casualties.",0,,1774318961
SOM55668,25-February-2026,2026,1,Political violence,Battles,Armed clash,Police Forces of Somalia (2022-) Southwest Special Police Forces,,1,Police Forces of Somalia (2022-) Southwest Special Police Forces,,1,11,,706,Eastern Africa,Somalia,Bay,Buur Hakaba,,Buurhakaba,3.1709,44.5882,1,REDACTED IN SAMPLE,REDACTED IN SAMPLE,"On 25 February 2026, two units of Southwest Special Police Forces (SWSPF) clashed in Buurhakaba town (Buur hakaba, Bay). The clash occurred near the airstrip area. Casualties unknown.",0,,1774318961
SOM55672,25-February-2026,2026,1,Political violence,Explosions/Remote violence,Air/drone strike,Military Forces of the United States (2025-),,8,Islamic State Somalia Province,,2,28,,706,Eastern Africa,Somalia,Bari,Qandala,,Buuraha Cali Miskat,10.8548,49.7434,2,REDACTED IN SAMPLE,REDACTED IN SAMPLE,"On 25 February 2026, US forces conducted airstrikes targeting Islamic State Somalia Province position in the vicinity of the Golis Mountains, approximately 70km southeast of Bossaso, near Buuraha Cali Miskat (Qandala, Bari). Casualties unknown.",0,,1776191110
SOM55649,26-February-2026,2026,1,Strategic developments,Strategic developments,Change to group/activity,Al Shabaab,,2,,,0,20,,706,Eastern Africa,Somalia,Middle Shabelle,Balcad,,Balcad,2.3468,45.3902,1,REDACTED IN SAMPLE,REDACTED IN SAMPLE,"Movement of forces: On 26 February 2026, Al Shabaab was seen regrouping in the Jabad Godaane area in Balcad town (Balcad, Middle Shabelle).",0,,1774318961
SOM55650,26-February-2026,2026,1,Political violence,Battles,Armed clash,Rahanweyn-Mirifle-Leeysan Sub-Clan Militia (Somalia),,4,Police Forces of Somalia (2022-) Southwest Special Police Forces,,1,14,,706,Eastern Africa,Somalia,Bay,Baydhaba,,Berdaale,3.215,43.1983,1,REDACTED IN SAMPLE,REDACTED IN SAMPLE,"On 26 February 2026, Rahanweyn Leeysan clan militia clashed with Southwest Special Police Forces (SWSPF) on the outskirts of Berdaale town (Baydhaba, Bay), and injuries from both sides were reported. Extent of injuries unknown.",0,,1774318961
SOM55651,26-February-2026,2026,1,Political violence,Explosions/Remote violence,Air/drone strike,Unidentified Military Forces,Military Forces of Somalia (2022-) National Intelligence and Security Agency,8,Al Shabaab,,2,28,,706,Eastern Africa,Somalia,Hiraan,Bulo Burto,,Bulo Burto,3.8519,45.5651,1,REDACTED IN SAMPLE,REDACTED IN SAMPLE,"On 26 February 2026, international forces (coded as Unidentified Military Forces), in coordination with government security forces (NISA), conducted an airstrike targeting an Al Shabaab convoy in the Hariiri area in Bulo Burto town (Bulo Burto, Hiraan), with casualties reported. Unspecified number of fatalities coded as 3.",3,,1774318961
SOM55652,26-February-2026,2026,1,Demonstrations,Protests,Peaceful protest,Protesters (Somalia),,6,,,0,60,,706,Eastern Africa,Somalia,Bay,Buur Hakaba,,Buurhakaba,3.1709,44.5882,1,REDACTED IN SAMPLE,REDACTED IN SAMPLE,"On 26 February 2026, residents protested in Buurhakaba town (Buur Hakaba, Bay) over an airport management dispute between the local administration in Baidoa and Buur Hakaba.",0,crowd size=no report,1774318961
SOM55653,26-February-2026,2026,1,Political violence,Battles,Armed clash,Hawiye-Habar Gedir-Saleban Sub-Clan Militia (Somalia),,4,Darod-Marehan-Cili Sub-Clan Militia (Somalia),,4,44,,706,Eastern Africa,Somalia,Galgaduud,Cabudwaaq,,Cabudwaaq,6.1478,46.3964,1,REDACTED IN SAMPLE,REDACTED IN SAMPLE,"On 26 February 2026, Hawiye Habargedir Saleban clan militias clashed with Darod Marehan Cili clan militia in the Geed-Nagood area in Cabudwaaq town (Cabudwaaq, Galgaduud). The clash was linked to clan revenge. There were no casualties.",0,,1774318961
SOM55654,26-February-2026,2026,1,Political violence,Battles,Armed clash,Pirates (Somalia),,3,Military Forces of Iran (1989-),,8,38,,706,Eastern Africa,Somalia,Nugaal,Eyl,,Eyl,7.9666,49.85,1,REDACTED IN SAMPLE,REDACTED IN SAMPLE,"On 26 February 2026, around 10 Pirates clashed with an Iranian vessel on the coast of Eyl town (Eyl, Nugaal). The pirates attempted to hijack the vessel. 1 pirate was killed, and others were injured.",1,,1774318961
SOM55655,26-February-2026,2026,1,Political violence,Battles,Armed clash,Police Forces of Somalia (2022-) Puntland Maritime Police Force,,1,Pirates (Somalia),,3,13,,706,Eastern Africa,Somalia,Nugaal,Eyl,,Eyl,7.9666,49.85,1,REDACTED IN SAMPLE,REDACTED IN SAMPLE,"On 26 February 2026, Puntland maritime forces clashed with Pirates in Eyl town (Eyl, Nugaal). 1 pirate was killed, and others were captured.",1,,1774318961
SOM55656,26-February-2026,2026,1,Political violence,Battles,Armed clash,Darod-Leelkayse Sub-Clan Militia (Somalia),,4,Military Forces of Somalia (2022-) Puntland Dervish Force,,1,14,,706,Eastern Africa,Somalia,Mudug,Galdogob,,Galdogob,7.012,47.06,1,REDACTED IN SAMPLE,REDACTED IN SAMPLE,"On 26 February 2026, Darod Leelkayse clan militia clashed with Puntland dervish forces in Galdogob town (Galdogob, Mudug) after the militia resisted an arrest. 1 militia member was killed. The militia was among a group of militias that killed three civilians in Goldogob (coded separately).",1,,1774318961
SOM55657,26-February-2026,2026,1,Political violence,Explosions/Remote violence,Air/drone strike,Military Forces of Somalia (2022-) National Intelligence and Security Agency,Military Forces of Somalia (2022-),1,Al Shabaab,,2,12,,706,Eastern Africa,Somalia,Hiraan,Bulo Burto,,Moqokori,4.0625,46.1342,1,REDACTED IN SAMPLE,REDACTED IN SAMPLE,"On 26 February 2026, government security forces (NISA/SNA) launched an airstrike targeting the Al Shabaab checkpoint in Moqokori village (Bulo Burto, Hiraan). Casualties were reported. Unspecified number of fatalities coded as 3.",3,,1774318961
SOM55658,26-February-2026,2026,1,Political violence,Explosions/Remote violence,Remote explosive/landmine/IED,Islamic State Somalia Province,,2,Military Forces of Somalia (2022-) Puntland Dervish Force,,1,12,,706,Eastern Africa,Somalia,Bari,Qandala,,Qandala,11.471,49.8726,1,REDACTED IN SAMPLE,REDACTED IN SAMPLE,"On 26 February 2026, an IED planted by Islamic State Somalia Province exploded, targeting Puntland forces in the Miraale valley in Qandala town (Qandala, Bari). Soldiers were injured. Extent of injuries unknown.",0,,1774318961
SOM55659,26-February-2026,2026,1,Political violence,Battles,Armed clash,Al Shabaab,,2,Rahanweyn-Digil-Garre Sub-Clan Militia (Somalia),,4,24,,706,Eastern Africa,Somalia,Lower Shabelle,Qoryooley,,Qoryooley,1.7878,44.53,1,REDACTED IN SAMPLE,REDACTED IN SAMPLE,"On 26 February 2026, Al Shabaab clashed with Rahanweyn Digil Gare clan militia at a base in Qoryooley town (Qoryooley, Lower Shabelle). 2 clan members were injured.",0,,1774318961
SOM55660,26-February-2026,2026,1,Political violence,Explosions/Remote violence,Air/drone strike,Unidentified Military Forces,Military Forces of Somalia (2022-) National Intelligence and Security Agency,8,Al Shabaab,,2,28,,706,Eastern Africa,Somalia,Hiraan,Jalalaqsi,,Tarda,3.5676,45.9656,1,REDACTED IN SAMPLE,REDACTED IN SAMPLE,"On 26 February 2026, international forces (coded as Unidentified Military Forces), in coordination with government security forces (NISA), conducted an airstrike targeting an Al Shabaab gathering position in Tarda village (Jalalaqsi, Hiraan). The strike hit a Shabaab vehicle. Casualties unknown.",0,,1774318961
SOM55661,26-February-2026,2026,1,Political violence,Explosions/Remote violence,Air/drone strike,Military Forces of Somalia (2022-) National Intelligence and Security Agency,Military Forces of Somalia (2022-),1,Al Shabaab,,2,12,,706,Eastern Africa,Somalia,Hiraan,Belet Weyne,,Waabweyn,4.6865,45.5903,1,REDACTED IN SAMPLE,REDACTED IN SAMPLE,"On 26 February 2026, government security forces (NISA/SNA) launched an airstrike targeting an Al Shabaab meeting gathering in Waabweyn village (Belet Weyne, Hiraan). More than 20 Al Shabaab were killed.",20,,1774318961
SOM55662,26-February-2026,2026,1,Political violence,Battles,Armed clash,Darod-Harti-Warsangeli Nuh-Omar Sub-Clan Militia (Somalia),,4,Isaaq-Habar Jeclo Sub-Clan Militia (Somalia),Military Forces of Somaliland (2024-),4,44,,706,Eastern Africa,Somalia,Sanaag,Ceerigaabo,,Waqdariya,11.1179,47.7935,1,REDACTED IN SAMPLE,REDACTED IN SAMPLE,"On 26 February 2026, Darod Warsengali Nuux Umar clashed with Isaaq Habar Jeclo clan militia in Waqdariya village (Ceerigaabo, Sanaag) over a land dispute, and more than 18 people were killed from both sides. Later in the day, the Somaliland security forces joined the fighting in support of Habarjeclo clan militia. 3 soldiers were killed, and 11 were injured. Fatalities coded as 21.",21,,1774318961
SOM55663,26-February-2026,2026,1,Political violence,Battles,Armed clash,Al Shabaab,,2,Hawiye-Abgal Sub-Clan Militia (Somalia),,4,24,,706,Eastern Africa,Somalia,Middle Shabelle,Balcad,,Xawaadleey,2.5826,45.4894,2,REDACTED IN SAMPLE,REDACTED IN SAMPLE,"On 26 February 2026, Al Shabaab ambushed Hawiye Abgal clan militia near Xawaadleey village (Balcad, Middle Shabelle). 2 clan militia members were injured.",0,,1774318961
SOM55673,26-February-2026,2026,1,Political violence,Explosions/Remote violence,Air/drone strike,Military Forces of the United States (2025-),,8,Islamic State Somalia Province,,2,28,,706,Eastern Africa,Somalia,Bari,Qandala,,Buuraha Cali Miskat,10.8548,49.7434,2,REDACTED IN SAMPLE,REDACTED IN SAMPLE,"On 26 February 2026, US forces conducted airstrikes targeting Islamic State Somalia Province position in the vicinity of the Golis Mountains, approximately 70km southeast of Bossaso, near Buuraha Cali Miskat (Qandala, Bari). Casualties unknown.",0,,1776191110
SOM55679,26-February-2026,2026,1,Political violence,Battles,Armed clash,Al Shabaab,,2,Police Forces of Somalia (2022-) Southwest Special Police Forces,,1,12,,706,Eastern Africa,Somalia,Bay,Baydhaba,,Baidoa,3.1172,43.6469,1,REDACTED IN SAMPLE,REDACTED IN SAMPLE,"On 26 February 2026, overnight, suspected Al Shabaab clashed with Southwest Special Police Forces (SWSPF) on the southern outskirts of Baidoa town (Baydhaba, Bay). There were no casualties.",0,,1774318961
SOM55680,26-February-2026,2026,1,Political violence,Explosions/Remote violence,Remote explosive/landmine/IED,Al Shabaab,,2,,,0,20,,706,Eastern Africa,Somalia,Bakool,Xudur,,Hudur,4.1237,43.8915,1,REDACTED IN SAMPLE,REDACTED IN SAMPLE,"On 26 February 2026, an IED planted by an unknown armed group (likely Al Shabaab due to similar attacks by the group) exploded in an area frequented by ENDF troops and SNA soldiers on the northern side of Hudur town (Xudur, Bakool). At the time of the explosion, there were no people present at the site. The security forces conducted an operation and arrested 1 person.",0,,1774318961
SOM55664,27-February-2026,2026,1,Political violence,Battles,Armed clash,Al Shabaab,,2,Military Forces of Ethiopia (2018-),,8,28,,706,Eastern Africa,Somalia,Bay,Baydhaba,,Aawdiinle,3.1706,43.4099,1,REDACTED IN SAMPLE,REDACTED IN SAMPLE,"On 27 February 2026, Al Shabaab clashed with Ethiopian security forces (non-AUSSOM) at a base in Aawdiinle village (Baydhaba, Bay). There were no casualties. Al Shabaab claimed responsibility.",0,,1774318961
SOM55665,27-February-2026,2026,1,Political violence,Battles,Armed clash,Al Shabaab,,2,Military Forces of Somalia (2022-),,1,12,,706,Eastern Africa,Somalia,Bay,Baydhaba,,Burjeedka,3.0246,43.5948,1,REDACTED IN SAMPLE,REDACTED IN SAMPLE,"On 27 February 2026, Al Shabaab clashed with government security forces (SNA) at a base in Burjeedka village (Baydhaba, Bay). There were no casualties. Al Shabaab claimed responsibility.",0,,1774318961
SOM55666,27-February-2026,2026,1,Demonstrations,Protests,Peaceful protest,Protesters (Somalia),,6,,,0,60,,706,Eastern Africa,Somalia,Bay,Buur Hakaba,,Buurhakaba,3.1709,44.5882,1,REDACTED IN SAMPLE,REDACTED IN SAMPLE,"On 27 February 2026, residents protested against the President of Southwest State in Buurhakaba town (Buur Hakaba, Bay). Protesters called on President Laftagareen to relinquish power and step down from his position.",0,crowd size=no report,1774318961
SOM55681,27-February-2026,2026,1,Demonstrations,Protests,Peaceful protest,Protesters (Somalia),Government of Somalia (2022-) Southwest Administration,6,,,0,60,,706,Eastern Africa,Somalia,Bay,Buur Hakaba,,Buur Xakaba,2.8049,44.0821,1,REDACTED IN SAMPLE,REDACTED IN SAMPLE,"On 27 February 2026, local authority organized a protest in Buur Xakaba town (Buur Hakaba, Bay) against the Southwest State administration. The protesters expressed their dissatisfaction with Southwest State's leadership and showed support for the Buur Hakaba district administration officials and local politicians.",0,crowd size=no report,1774318961
SOM55682,27-February-2026,2026,1,Political violence,Battles,Armed clash,Al Shabaab,,2,Military Forces of Somalia (2022-),,1,12,,706,Eastern Africa,Somalia,Lower Shabelle,Afgooye,,Buulallow,2.2193,45.0972,2,REDACTED IN SAMPLE,REDACTED IN SAMPLE,"On 27 February 2026, suspected Al Shabaab clashed with government soldiers (SNA) traveling with a two-wheeled motorcycle (locally known as a Feykon) between Afgooye and Buulallow village (Afgooye, Lower Shabelle). The militants seized the soldiers' firearms and the motorcycle. 3 soldiers were killed.",3,,1774318961
SOM55707,27-February-2026,2026,1,Political violence,Battles,Armed clash,Military Forces of Somalia (2022-),,1,Al Shabaab,,2,12,,706,Eastern Africa,Somalia,Lower Shabelle,Marka,,Busley,1.5702,44.4488,2,REDACTED IN SAMPLE,REDACTED IN SAMPLE,"On 27 February 2026, government security forces (SNA) clashed with Al Shabaab hideout near Busley village (Marka, Lower Shabelle). There were no casualties.",0,,1774318961
SOM55709,27-February-2026,2026,1,Political violence,Battles,Armed clash,Military Forces of Somalia (2022-),,1,Al Shabaab,,2,12,,706,Eastern Africa,Somalia,Lower Shabelle,Marka,,Buulo Nagaad,1.8494,44.8461,1,REDACTED IN SAMPLE,REDACTED IN SAMPLE,"On 27 February 2026, government security forces (SNA) clashed with Al Shabaab in Buulo Nagaad village (Marka, Lower Shabelle). There were no casualties.",0,,1774318961
SOM55713,27-February-2026,2026,1,Political violence,Violence against civilians,Attack,Al Shabaab,,2,Civilians (Somalia),,7,27,Civilian targeting,706,Eastern Africa,Somalia,Galgaduud,Ceel Buur,,Ceel Buur,4.6815,46.6234,1,REDACTED IN SAMPLE,REDACTED IN SAMPLE,"On 27 February 2026, Al Shabaab beat and injured a civilian in Ceel Buur town (Ceel Buur, Galgaduud). Al Shabaab accused the victim of failing to observe Ramadan. Extent of injuries unknown.",0,,1774318961
SOM55723,27-February-2026,2026,1,Political violence,Battles,Armed clash,Military Forces of Somalia (2022-),,1,Al Shabaab,,2,12,,706,Eastern Africa,Somalia,Lower Shabelle,Marka,,Dhanaane,1.8739,45.0276,2,REDACTED IN SAMPLE,REDACTED IN SAMPLE,"On 27 February 2026, government security forces (SNA) clashed with Al Shabaab hideout near Dhanaane village (Marka, Lower Shabelle). There were no casualties.",0,,1774318961
SOM55744,27-February-2026,2026,1,Political violence,Violence against civilians,Attack,Al Shabaab,,2,Civilians (Somalia),Military Forces of Somalia (2022-),7,27,Civilian targeting,706,Eastern Africa,Somalia,Lower Shabelle,Kurtunwaarey,,Kurtunwaarey,1.6104,44.3329,1,REDACTED IN SAMPLE,REDACTED IN SAMPLE,"On 27 February 2026, Al Shabaab shot and killed 3 civilians at a public square in Kurtunwaarey town (Kurtunwaarey, Lower Shabelle) after accusing them of spying for government security forces (SNA).",3,,1774318961
SOM55773,27-February-2026,2026,1,Political violence,Violence against civilians,Attack,Al Shabaab,,2,Civilians (Somalia),,7,27,Civilian targeting,706,Eastern Africa,Somalia,Lower Shabelle,Kurtunwaarey,,Towfiiq,1.6401,44.2673,1,REDACTED IN SAMPLE,REDACTED IN SAMPLE,"On 27 February 2026, Al Shabaab detained and assaulted two youths in Towfiiq village (Kurtunwaarey, Lower Shabelle). Extent of injuries unknown.",0,,1774318961
SOM55674,28-February-2026,2026,1,Political violence,Explosions/Remote violence,Air/drone strike,Unidentified Military Forces,Military Forces of Somalia (2022-) National Intelligence and Security Agency,8,Al Shabaab,,2,28,,706,Eastern Africa,Somalia,Hiraan,Belet Weyne,,Waabweyn,4.6865,45.5903,1,REDACTED IN SAMPLE,REDACTED IN SAMPLE,"On 28 February 2026, international allies (coded as Unidentified Military Forces) and government security forces (NISA) launched an airstrike against Al Shabaab in Waabweyn village (Belet Weyne, Hiraan) and Isgoyska Madaxyo-weyn area (coded separately). 17 militants were killed. 17 fatalities split across 2 events and coded as 9 for this event.",9,,1774318961
SOM55675,28-February-2026,2026,1,Political violence,Explosions/Remote violence,Air/drone strike,Unidentified Military Forces,Military Forces of Somalia (2022-) National Intelligence and Security Agency,8,Al Shabaab,,2,28,,706,Eastern Africa,Somalia,Hiraan,Bulo Burto,,Maxaas,4.3934,46.0882,2,REDACTED IN SAMPLE,REDACTED IN SAMPLE,"On 28 February 2026, international allies (coded as Unidentified Military Forces) and government security forces (NISA) launched an airstrike against Al Shabaab in Isgoyska Madaxyo-weyn area near Maxaas town (Bulo Burto, Hiraan) and Waabweyn (coded separately). 17 militants were killed. 17 fatalities split across 2 events and coded as 8 for this event.",8,,1774318961
SOM55676,28-February-2026,2026,1,Political violence,Explosions/Remote violence,Air/drone strike,Unidentified Military Forces,Military Forces of Somalia (2022-) National Intelligence and Security Agency,8,Al Shabaab,,2,28,,706,Eastern Africa,Somalia,Lower Shabelle,Marka,,Buulo Nagaad,1.8494,44.8461,1,REDACTED IN SAMPLE,REDACTED IN SAMPLE,"On 28 February 2026, international allies (coded as Unidentified Military Forces) and government security forces (NISA) launched an airstrike against Al Shabaab in Buulo Nagaad village (Marka, Lower Shabelle). 23 militants were killed.",23,,1774318961
SOM55677,28-February-2026,2026,1,Political violence,Violence against civilians,Attack,Al Shabaab,,2,Civilians (Somalia),Military Forces of Somalia (2022-),7,27,Civilian targeting,706,Eastern Africa,Somalia,Lower Juba,Jamaame,,Jamaame,0.0692,42.7382,1,REDACTED IN SAMPLE,REDACTED IN SAMPLE,"On 28 February 2026, Al Shabaab shot and killed 5 civilians at a public square in Jamaame town (Jamaame, Lower Juba) after accusing them of spying for government security forces (SNA). Al Shabaab claimed responsibility.",5,,1774318961
SOM55683,28-February-2026,2026,1,Political violence,Battles,Armed clash,Dir-Gadabuursi Sub-Clan Militia (Somalia),,4,Dir-Issa Sub-Clan Militia (Somalia),,4,44,,706,Eastern Africa,Somalia,Awdal,Lughaye,,Geerisa,10.6035,43.4336,2,REDACTED IN SAMPLE,REDACTED IN SAMPLE,"On 28 February 2026, Dir-Gadabuursi Sub-Clan Militia and Dir-Issa Sub-Clan Militia clashed in the vicinity of Beeyo Macaan village near Geerisa (Lughaye, Awdal). Casualties unknown.",0,,1774318961
SOM55684,28-February-2026,2026,1,Political violence,Violence against civilians,Abduction/forced disappearance,Al Shabaab,,2,Civilians (Somalia),,7,27,Civilian targeting,706,Eastern Africa,Somalia,Lower Juba,Kismaayo,,Beerhani,-0.2201,42.1959,2,REDACTED IN SAMPLE,REDACTED IN SAMPLE,"On 28 February 2026, Al Shabaab abducted 2 individuals in Qotey Guduud village near Beerhani village (Kismaayo, Lower Shabelle). One individual was released and the other was transferred to Jilib.",0,,1774318961
SOM55685,28-February-2026,2026,1,Political violence,Battles,Armed clash,Military Forces of Somalia (2022-),,1,Al Shabaab,,2,12,,706,Eastern Africa,Somalia,Lower Shabelle,Qoryooley,,Daarasalaam,1.9221,44.7871,1,REDACTED IN SAMPLE,REDACTED IN SAMPLE,"On 28 February 2026, government security forces (SNA) clashed with Al Shabaab at a hideout checkpoint in Daarasalaam village (Qoryooley, Lower Shabelle). An unknown number of militants and soldiers were killed and wounded. Unspecified number of fatalities coded as 3.",3,,1774318961
SOM55688,28-February-2026,2026,1,Political violence,Violence against civilians,Attack,Al Shabaab,,2,Civilians (Somalia),Military Forces of Somalia (2022-),7,27,Civilian targeting,706,Eastern Africa,Somalia,Bay,Buur Hakaba,,Buulo Fulaay,2.1106,43.5233,1,REDACTED IN SAMPLE,REDACTED IN SAMPLE,"On 28 February 2026, Al Shabaab shot and killed 4 civilians at a public square in Buulo Fulaay village (Buur Hakaba, Bay) after accusing them of spying for government security forces (SNA). Al Shabaab claimed responsibility.",4,,1774318961
SOM55693,28-February-2026,2026,1,Political violence,Explosions/Remote violence,Air/drone strike,Military Forces of the United States (2025-),,8,Islamic State Somalia Province,,2,28,,706,Eastern Africa,Somalia,Bari,Qandala,,Buuraha Cali Miskat,10.8548,49.7434,2,REDACTED IN SAMPLE,REDACTED IN SAMPLE,"On 28 February 2026, US forces conducted airstrikes targeting Islamic State Somalia Province position in the vicinity of the Golis Mountains, approximately 70km southeast of Bossaso, near Buuraha Cali Miskat (Qandala, Bari). Casualties unknown.",0,,1776191110
SOM55702,28-February-2026,2026,1,Political violence,Battles,Armed clash,Rahanweyn-Mirifle-Leeysan Sub-Clan Militia (Somalia),,4,Police Forces of Somalia (2022-) Southwest Special Police Forces,,1,14,,706,Eastern Africa,Somalia,Bay,Baydhaba,,Berdaale,3.215,43.1983,1,REDACTED IN SAMPLE,REDACTED IN SAMPLE,"On 28 February 2026, Rahanweyn-Mirifle-Leeysan sub-clan militia attacked Southwest Special Police Forces (SWSPF) at a checkpoint in the vicinity of Berdaale town (Baydhaba, Bay). 3 people were injured.",0,,1774318961
SOM55708,28-February-2026,2026,1,Political violence,Battles,Armed clash,Al Shabaab,,2,Military Forces of Somalia (2022-),,1,12,,706,Eastern Africa,Somalia,Lower Shabelle,Marka,,Buufow Bacaad,1.7493,44.7437,1,REDACTED IN SAMPLE,REDACTED IN SAMPLE,"On 28 February 2026, Al Shabaab clashed with government security forces (SNA) at a checkpoint in Buufow Bacaad village (Marka, Lower Shabelle). There were no casualties.",0,,1774318961
SOM55712,28-February-2026,2026,1,Strategic developments,Strategic developments,Change to group/activity,Al Shabaab,,2,,,0,20,,706,Eastern Africa,Somalia,Mudug,Xarardheere,,Carfuuda,4.8328,47.7958,1,REDACTED IN SAMPLE,REDACTED IN SAMPLE,"Movement of forces: On 28 February 2026, unspecified Al Shabaab were seen regrouping in Carfuuda village (Xarardheere, Mudug). The fighters plan to launch an operation during Ramadan.",0,,1774318961
SOM55725,28-February-2026,2026,1,Political violence,Violence against civilians,Attack,Al Shabaab,,2,Civilians (Somalia),Military Forces of Somalia (2022-),7,27,Civilian targeting,706,Eastern Africa,Somalia,Galgaduud,Ceel Buur,,Galhareeri,4.5307,47.145,1,REDACTED IN SAMPLE,REDACTED IN SAMPLE,"On 28 February 2026, Al Shabaab shot and killed 1 civilian at a public square in Galhareeri village (Ceel Buur, Galgaduud) after accusing them of spying for government security forces (SNA).",1,,1774318961
SOM55733,28-February-2026,2026,1,Political violence,Violence against civilians,Abduction/forced disappearance,Al Shabaab,,2,Civilians (Somalia),Pastoralists (Somalia),7,27,Civilian targeting,706,Eastern Africa,Somalia,Lower Juba,Afmadow,,Harbole,0.2671,42.1722,1,REDACTED IN SAMPLE,REDACTED IN SAMPLE,"On 28 February 2026, Al Shabaab abducted two pastoralists in Harbole village (Afmadow, Lower Juba) accused of seeking assistance from the local administration in Afmadow town.",0,,1774318961
SOM55742,28-February-2026,2026,1,Political violence,Violence against civilians,Attack,Al Shabaab,,2,Civilians (Somalia),Taxi Drivers (Somalia),7,27,Civilian targeting,706,Eastern Africa,Somalia,Middle Juba,Jilib,,Kunyo Barrow,0.8014,43.3837,1,REDACTED IN SAMPLE,REDACTED IN SAMPLE,"On 28 February 2026, Al Shabaab beat and injured a taxi driver at a checkpoint in Kunyo Barrow town (Jilib, Middle Juba), accusing him of failing to observe Ramadan. Extent of injuries unknown.",0,,1774318961
SOM55761,28-February-2026,2026,1,Political violence,Battles,Armed clash,Dir-Gadabuursi Bahabarmuse Sub-Clan Militia (Somalia),,4,Dir-Issa Mamasaan Sub-Clan Militia (Somalia),,4,44,,706,Eastern Africa,Somalia,Awdal,Baki,,Osoli,10.4376,43.7054,1,REDACTED IN SAMPLE,REDACTED IN SAMPLE,"On 28 February 2026, Dir-Gadabuursi Bahabarmuse and Dir-Issa Mamasaan sub-clan militia clashed in Osoli town (Baki, Awdal). The motive was due to land dispute. There were no casualties.",0,,1774318961
SOM55771,28-February-2026,2026,1,Political violence,Violence against civilians,Attack,Al Shabaab,,2,Civilians (Somalia),,7,27,Civilian targeting,706,Eastern Africa,Somalia,Bakool,Tayeeglow,,Tayeeglow,4.0182,44.5127,1,REDACTED IN SAMPLE,REDACTED IN SAMPLE,"On 28 February 2026, Al Shabaab assaulted a civilian in Tayeeglow town (Tayeeglow, Bakool). Extent of injuries unknown.",0,,1774318961
SOM55779,28-February-2026,2026,1,Political violence,Battles,Armed clash,Darod-Warsangeli-Nuux Cumar Sub-Clan Militia (Somalia),,4,Isaaq-Habar Jeclo Sub-Clan Militia (Somalia),,4,44,,706,Eastern Africa,Somalia,Sanaag,Ceerigaabo,,Waqdariya,11.1179,47.7935,1,REDACTED IN SAMPLE,REDACTED IN SAMPLE,"On 28 February 2026, Darod-Warsangeli-Nuux Cumar sub-clan militia and Isaaq-Habar Jeclo sub-clan militia clashed at the Tooga Waqdariya village (Ceerigaabo, Sanaag). The motive was due to land dispute and clan revenge. Casualties unknown.",0,,1774318961
SOM55784,28-February-2026,2026,1,Political violence,Battles,Armed clash,Al Shabaab,,2,Military Forces of Somalia (2022-),,1,12,,706,Eastern Africa,Somalia,Lower Shabelle,Afgooye,,Waraaboole,2.2928,45.0764,1,REDACTED IN SAMPLE,REDACTED IN SAMPLE,"On 28 February 2026, Al Shabaab clashed with government security forces (SNA) at a checkpoint in Waraaboole village (Afgooye, Lower Shabelle). 2 soldiers were injured.",0,,1774318961
SOM55785,28-February-2026,2026,1,Political violence,Violence against civilians,Attack,Al Shabaab,,2,Civilians (Somalia),Hawiye-Murusade Sub-Clan Group (Somalia); Pastoralists (Somalia),7,27,Civilian targeting,706,Eastern Africa,Somalia,Galgaduud,Ceel Buur,,Warxoolo,4.6333,46.1792,2,REDACTED IN SAMPLE,REDACTED IN SAMPLE,"On 28 February 2026, Al Shabaab opened fire on civilian pastoralists from Hawiye-Murusade sub-clan near Warxoolo village (Ceel Buur, Galgaduud). 1 civilian was injured.",0,,1774318961
SOM55786,28-February-2026,2026,1,Strategic developments,Strategic developments,Change to group/activity,Al Shabaab,,2,,,0,20,,706,Eastern Africa,Somalia,Mudug,Xarardheere,,Xaarxaar,4.7621,48.1288,2,REDACTED IN SAMPLE,REDACTED IN SAMPLE,"Movement of forces: On 28 February 2026, about 150 Al Shabaab were seen regrouping in Tawal Mooge area near Xaarxaar village (Xarardheere, Mudug). The fighters plan to launch an operation during Ramadan.",0,,1776191110
SOM55788,28-February-2026,2026,1,Strategic developments,Strategic developments,Change to group/activity,Al Shabaab,,2,,,0,20,,706,Eastern Africa,Somalia,Mudug,Xarardheere,,Xarardheere,4.6517,47.8584,2,REDACTED IN SAMPLE,REDACTED IN SAMPLE,"Movement of forces: On 28 February 2026, about 120 Al Shabaab were seen regrouping in Farax Aadan village near Xarardheere town (Xarardheere, Mudug). The fighters plan to launch an operation during Ramadan.",0,,1774318961
SOM55789,28-February-2026,2026,1,Strategic developments,Strategic developments,Other,Al Shabaab,,2,,,0,20,,706,Eastern Africa,Somalia,Mudug,Xarardheere,,Xarardheere,4.6517,47.8584,2,REDACTED IN SAMPLE,REDACTED IN SAMPLE,"Other: On 28 February 2026, Al Shabaab received weapons from a boat along the coastline near Xarardheere town (Xarardheere, Mudug). The fighters received a large number of weapons from Houthis in Yemen.",0,,1774318961
SOM55790,28-February-2026,2026,1,Political violence,Battles,Armed clash,Dir-Gadabuursi Bahabarmuse Sub-Clan Militia (Somalia),,4,Dir-Issa Mamasaan Sub-Clan Militia (Somalia),,4,44,,706,Eastern Africa,Somalia,Awdal,Borama,,Xariirad,10.3254,42.8374,1,REDACTED IN SAMPLE,REDACTED IN SAMPLE,"On 28 February 2026, Dir-Gadabuursi Bahabarmuse and Dir-Issa Mamasaan sub-clan militia clashed in Xariirad town (Borama, Awdal). The motive was due to land dispute. There were no casualties.",0,,1774318961
SOM55686,01-March-2026,2026,1,Political violence,Explosions/Remote violence,Air/drone strike,Military Forces of Turkey (2016-),,8,Al Shabaab,,2,28,,706,Eastern Africa,Somalia,Lower Shabelle,Qoryooley,,Mubaarak,1.9167,44.7733,1,REDACTED IN SAMPLE,REDACTED IN SAMPLE,"On 1 March 2026, Turkish military forces launched an airstrike against Al Shabaab assembled in agricultural fields in Mubaarak village (Qoryooley, Lower Shabelle). 23 militants were killed.",23,,1774318961
SOM55689,01-March-2026,2026,1,Political violence,Explosions/Remote violence,Air/drone strike,Unidentified Military Forces,Military Forces of Somalia (2022-) National Intelligence and Security Agency,8,Al Shabaab,,2,28,,706,Eastern Africa,Somalia,Lower Shabelle,Qoryooley,,Hantiwadaag,1.8872,44.7789,1,REDACTED IN SAMPLE,REDACTED IN SAMPLE,"On 1 March 2026, international allies (coded as Unidentified Military Forces) and government security forces (NISA) launched an airstrike against Al Shabaab in Hantiwadaag village (Qoryooley, Lower Shabelle). 1 senior Al Shabaab member was killed.",1,,1774318961
SOM55690,01-March-2026,2026,1,Political violence,Battles,Armed clash,Darod-Warsangeli-Nuux Cumar Sub-Clan Militia (Somalia),,4,Isaaq-Habar Yoonis-Muse Ismail-Uruursuge Sub-Clan Militia (Somalia),,4,44,,706,Eastern Africa,Somalia,Sanaag,Laasqoray,,Milxo,11.1225,48.5743,1,REDACTED IN SAMPLE,REDACTED IN SAMPLE,"On 1 March 2026, Darod-Warsangeli-Nuux Cumar sub-clan militia clashed with Isaaq-Habar Yoonis-Muse Ismail-Uruursuge sub-clan militia in Milxo village (Laasqoray, Sanaag). The motive was due to clan revenge. At least 5 people were killed.",5,,1776191110
SOM55705,01-March-2026,2026,1,Political violence,Violence against civilians,Attack,Al Shabaab,,2,Civilians (Somalia),Military Forces of Somalia (2022-),7,27,Civilian targeting,706,Eastern Africa,Somalia,Middle Juba,Bu'aale,,Buaale,1.2448,42.5732,1,REDACTED IN SAMPLE,REDACTED IN SAMPLE,"On 1 March 2026, Al Shabaab shot and killed 1 civilian at a public square in Buaale town (Bu'aale, Middle Juba) after accusing them of spying for government security forces (SNA).",1,,1774318961
SOM55711,01-March-2026,2026,1,Strategic developments,Strategic developments,Change to group/activity,Al Shabaab,,2,,,0,20,,706,Eastern Africa,Somalia,Galgaduud,Ceel Dheer,,Cali Yabaal,3.9723,47.0819,1,REDACTED IN SAMPLE,REDACTED IN SAMPLE,"Movement of forces: On 1 March 2026, Al Shabaab heavily armed with RPGs, PKMs, and small weapons, were seen gathering in Cali Yabaal village (Ceel Dheer, Galgaduud).",0,,1774318961
SOM55724,01-March-2026,2026,1,Political violence,Battles,Armed clash,Military Forces of Somalia (2022-),,1,Al Shabaab,,2,12,,706,Eastern Africa,Somalia,Galgaduud,Ceel Dheer,,Galcad,4.0226,46.618,1,REDACTED IN SAMPLE,REDACTED IN SAMPLE,"On 1 March 2026, government security forces (SNA) clashed with Al Shabaab at a hideout in the vicinity of Galcad village (Ceel Dheer, Galgaduud). There were no casualties.",0,,1774318961
SOM55727,01-March-2026,2026,1,Strategic developments,Strategic developments,Change to group/activity,Al Shabaab,,2,,,0,20,,706,Eastern Africa,Somalia,Galgaduud,Ceel Dheer,,Geerille,3.92,47.0443,1,REDACTED IN SAMPLE,REDACTED IN SAMPLE,"Movement of forces: On 1 March 2026, a heavily armed Al Shabaab arrived in Geerille village (Ceel Dheer, Galgaduud).",0,,1774318961
SOM55729,01-March-2026,2026,1,Political violence,Battles,Armed clash,Hawiye-Abgal Sub-Clan Militia (Somalia),,4,Al Shabaab,,2,24,,706,Eastern Africa,Somalia,Middle Shabelle,Jowhar,,Geyfo,2.8446,45.9335,1,REDACTED IN SAMPLE,REDACTED IN SAMPLE,"On 1 March 2026, Hawiye-Abgal sub-clan militia clashed with Al Shabaab in Geyfo village (Jowhar, Middle Shabelle). There were no casualties.",0,,1774318961
SOM55735,01-March-2026,2026,1,Political violence,Battles,Armed clash,Hawiye-Abgal Sub-Clan Militia (Somalia),,4,Al Shabaab,,2,24,,706,Eastern Africa,Somalia,Middle Shabelle,Jowhar,,Jowhar,2.7797,45.5042,2,REDACTED IN SAMPLE,REDACTED IN SAMPLE,"On 1 March 2026, Hawiye-Abgal sub-clan militia clashed with Al Shabaab in Xawaal Dubile village near Jowhar town (Jowhar, Middle Shabelle). There were no casualties.",0,,1774318961
SOM55743,01-March-2026,2026,1,Political violence,Violence against civilians,Attack,Al Shabaab,,2,Civilians (Somalia),Taxi Drivers (Somalia),7,27,Civilian targeting,706,Eastern Africa,Somalia,Middle Juba,Jilib,,Kunyo Barrow,0.8014,43.3837,2,REDACTED IN SAMPLE,REDACTED IN SAMPLE,"On 1 March 2026, Al Shabaab injured a driver in the Ali Farxaan area near Kunyo Barrow town (Jilib, Middle Juba). The driver failed to stop at a previous Al Shabaab checkpoint. Extent of injuries unknown.",0,,1774318961
SOM55747,01-March-2026,2026,1,Political violence,Battles,Armed clash,Hawiye-Abgal Sub-Clan Militia (Somalia),,4,Al Shabaab,,2,24,,706,Eastern Africa,Somalia,Galgaduud,Ceel Dheer,,Masagawaay,3.7048,47.0161,2,REDACTED IN SAMPLE,REDACTED IN SAMPLE,"On 1 March 2026, Hawiye-Abgal sub-clan militia clashed with Al Shabaab near Masagawaay village (Ceel Dheer, Galgaduud). There were no casualties.",0,,1774318961
SOM55748,01-March-2026,2026,1,Political violence,Battles,Armed clash,Military Forces of Somalia (2022-),,1,Al Shabaab,,2,12,,706,Eastern Africa,Somalia,Galgaduud,Ceel Dheer,,Masagawaay,3.7048,47.0161,1,REDACTED IN SAMPLE,REDACTED IN SAMPLE,"On 1 March 2026, government security forces (SNA) clashed with Al Shabaab at a hideout in the vicinity of Masagawaay village (Ceel Dheer, Galgaduud). There were no casualties.",0,,1774318961
SOM55764,01-March-2026,2026,1,Political violence,Violence against civilians,Attack,Al Shabaab,,2,Civilians (Somalia),,7,27,Civilian targeting,706,Eastern Africa,Somalia,Lower Shabelle,Sablaale,,Sablaale,1.2495,43.8045,1,REDACTED IN SAMPLE,REDACTED IN SAMPLE,"On 1 March 2026, Al Shabaab assaulted a civilian in Sablaale town (Sablaale, Lower Shabelle). Extent of injuries unknown.",0,,1774318961
SOM55772,01-March-2026,2026,1,Strategic developments,Strategic developments,Looting/property destruction,Al Shabaab,,2,Civilians (Somalia),Labor Group (Somalia),7,27,,706,Eastern Africa,Somalia,Bakool,Tayeeglow,,Tayeeglow,4.0182,44.5127,1,REDACTED IN SAMPLE,REDACTED IN SAMPLE,"Property destruction: On 1 March 2026, Al Shabaab destroyed foodstuffs and other goods from the local business people in Tayeeglow town (Tayeeglow, Bakool).",0,,1774318961
SOM55776,01-March-2026,2026,1,Political violence,Violence against civilians,Attack,Al Shabaab,,2,Civilians (Somalia),Military Forces of Somalia (2022-),7,27,Civilian targeting,706,Eastern Africa,Somalia,Lower Shabelle,Qoryooley,,Ugunji,1.8734,44.7208,1,REDACTED IN SAMPLE,REDACTED IN SAMPLE,"On 1 March 2026, Al Shabaab shot and killed a civilian at a public square, and detained three other civilians in Ugunji village (Qoryooley, Lower Shabelle) after accusing them of spying for government security forces (SNA).",1,,1774318961
SOM55780,01-March-2026,2026,1,Political violence,Battles,Armed clash,Darod-Warsangeli-Nuux Cumar Sub-Clan Militia (Somalia),,4,Isaaq-Habar Jeclo Sub-Clan Militia (Somalia),,4,44,,706,Eastern Africa,Somalia,Sanaag,Ceerigaabo,,Waqdariya,11.1179,47.7935,1,REDACTED IN SAMPLE,REDACTED IN SAMPLE,"On 1 March 2026, Darod-Warsangeli-Nuux Cumar sub-clan militia and Isaaq-Habar Jeclo sub-clan militia clashed at the Tooga Waqdariya village (Ceerigaabo, Sanaag). The motive was due to land dispute and clan revenge. Casualties were reported. Unspecified number of fatalities coded as 3.",3,,1774318961
SOM55781,01-March-2026,2026,1,Strategic developments,Strategic developments,Change to group/activity,Military Forces of Somaliland (2024-),,1,,,0,10,,706,Eastern Africa,Somalia,Sanaag,Ceerigaabo,,Waqdariya,11.1179,47.7935,1,REDACTED IN SAMPLE,REDACTED IN SAMPLE,"Movement of forces: On 1 March 2026, many battle wagons, carrying an unspecified number of Somaliland forces, were deployed in Waqdariya village (Ceerigaabo, Sanaag). The reason for the deployment is unknown.",0,,1774318961
SOM55794,01-March-2026,2026,1,Political violence,Violence against civilians,Attack,Al Shabaab,,2,Civilians (Somalia),Labor Group (Somalia); Women (Somalia),7,27,Civilian targeting,706,Eastern Africa,Somalia,Galgaduud,Ceel Dheer,,Bida Ciise,4.1274,47.1976,1,REDACTED IN SAMPLE,REDACTED IN SAMPLE,"On 1 March 2026, Al Shabaab assaulted a civilian woman in Bida Ciise village (Ceel Dheer, Galgaduud) for selling mira/khat in the area. Extent of injuries unknown.",0,,1774318961
SOM56269,01-March-2026,2026,1,Political violence,Violence against civilians,Attack,Al Shabaab,,2,Civilians (Somalia),,7,27,Civilian targeting,706,Eastern Africa,Somalia,Middle Juba,Saakow,,Dudundher,1.3178,41.4609,1,REDACTED IN SAMPLE,REDACTED IN SAMPLE,"On 1 March 2026, Al Shabaab killed 2 civilians in Dudundher village (Saakow, Middle Juba) for not fasting.",2,,1776191110
SOM55687,02-March-2026,2026,1,Political violence,Battles,Armed clash,Al Shabaab,,2,AUSSOM: Africa Union Support and Stabilisation Mission in Somalia (2025-) (Uganda),Military Forces of Somalia (2022-),8,28,,706,Eastern Africa,Somalia,Lower Shabelle,Qoryooley,,Mubaarak,1.9167,44.7733,2,REDACTED IN SAMPLE,REDACTED IN SAMPLE,"On 2 March 2026, Al Shabaab clashed with AUSSOM UPDF and government security forces (SNA) convoy between Daarsalaam and Mubaarak village (Qoryooley, Lower Shabelle). The clash was initiated with RCIED, mortar shells, and RPGs. Al Shabaab claimed to have killed at least 5 UPDF soldiers and 9 others were injured, including 3 SNA.",5,,1774318961
SOM55691,02-March-2026,2026,1,Political violence,Battles,Government regains territory,Military Forces of Somalia (2022-),AUSSOM: Africa Union Support and Stabilisation Mission in Somalia (2025-) (Uganda),1,Al Shabaab,,2,12,,706,Eastern Africa,Somalia,Lower Shabelle,Qoryooley,,Daarasalaam,1.9221,44.7871,1,REDACTED IN SAMPLE,REDACTED IN SAMPLE,"On 2 March 2026, government security forces (SNA) and AUSSOM UPDF clashed with Al Shabaab in Daarasalaam village (Qoryooley, Lower Shabelle) and Mubaarak (coded separately). The forces took control over the village. 50 militants were killed. 50 fatalities split across 2 locations and coded as 25 for this event.",25,,1774318961
SOM55692,02-March-2026,2026,1,Political violence,Battles,Government regains territory,Military Forces of Somalia (2022-),AUSSOM: Africa Union Support and Stabilisation Mission in Somalia (2025-) (Uganda),1,Al Shabaab,,2,12,,706,Eastern Africa,Somalia,Lower Shabelle,Qoryooley,,Mubaarak,1.9167,44.7733,1,REDACTED IN SAMPLE,REDACTED IN SAMPLE,"On 2 March 2026, government security forces (SNA) and AUSSOM UPDF clashed with Al Shabaab in Mubaarak village (Qoryooley, Lower Shabelle) and Daarasalaam (coded separately). The forces took control over the village. 50 militants were killed. 50 fatalities split across 2 locations and coded as 25 for this event.",25,,1774318961
SOM55697,02-March-2026,2026,1,Political violence,Explosions/Remote violence,Air/drone strike,Military Forces of Turkey (2016-),,8,Al Shabaab,,2,28,,706,Eastern Africa,Somalia,Middle Juba,Bu'aale,,Arabow,1.4518,42.9518,2,REDACTED IN SAMPLE,REDACTED IN SAMPLE,"On 2 March 2026, Turkish military forces launched an airstrike targeting Al Shabaab at a training camp near Arabow village (Bu'aale, Middle Juba). Casualties unknown.",0,,1774318961
SOM55699,02-March-2026,2026,1,Strategic developments,Strategic developments,Change to group/activity,Islamic State Somalia Province,,2,,,0,20,,706,Eastern Africa,Somalia,Bari,Bossaso,,Balade,11.2761,49.164,1,REDACTED IN SAMPLE,REDACTED IN SAMPLE,"Movement of forces: On 2 March 2026, over 100 Islamic State Somalia Province were seen regrouping in Balade village (Bossaso, Bari).",0,,1774318961
SOM55700,02-March-2026,2026,1,Strategic developments,Strategic developments,Change to group/activity,Islamic State Somalia Province,,2,,,0,20,,706,Eastern Africa,Somalia,Bari,Bossaso,,Balade,11.2761,49.164,2,REDACTED IN SAMPLE,REDACTED IN SAMPLE,"Movement of forces: On 2 March 2026, an unknown number of Islamic State Somalia Province arrived in the Ceelka Sabdow and Maragade villages near the Balade valley (Bossaso, Bari).",0,,1774318961
SOM55710,02-March-2026,2026,1,Political violence,Explosions/Remote violence,Shelling/artillery/missile attack,Military Forces of Somalia (2022-),,1,Al Shabaab,,2,12,,706,Eastern Africa,Somalia,Lower Shabelle,Qoryooley,,Buulo Sheekh,1.7531,44.5597,2,REDACTED IN SAMPLE,REDACTED IN SAMPLE,"On 2 March 2026, government security forces (SNA) fired mortar shells towards Al Shabaab in Axmed Gurey area near Buulo Sheekh village (Qoryooley, Lower Shabelle). 3 militants were killed.",3,,1774318961
SOM55716,02-March-2026,2026,1,Strategic developments,Strategic developments,Looting/property destruction,Isaaq-Habar Yoonis-Muse Ismail Sub-Clan Militia (Somalia),,4,Civilians (Somalia),Darod-Harti-Warsangeli Sub-Clan Group (Somalia),7,47,,706,Eastern Africa,Somalia,Sanaag,Ceerigaabo,,Ceerigaabo,10.6218,47.3681,1,REDACTED IN SAMPLE,REDACTED IN SAMPLE,"Looting: On 2 March 2026, Isaaq-Habar Yoonis-Muse Ismail sub-clan militia carjacked a vehicle belonging to Darod-Harti-Warsangeli sub-clan in Ceerigaabo town (Ceerigaabo, Sanaag). The motive was due to clan revenge. The elders intervened and promptly returned the vehicle.",0,,1774318961
SOM55726,02-March-2026,2026,1,Political violence,Battles,Armed clash,Military Forces of Somalia (2022-),Hawiye-Abgal Sub-Clan Militia (Somalia),1,Al Shabaab,,2,12,,706,Eastern Africa,Somalia,Middle Shabelle,Cadale,,Geel Gub,2.9822,46.2872,1,REDACTED IN SAMPLE,REDACTED IN SAMPLE,"On 2 March 2026, government security forces (SNA) and Hawiye-Abgal sub-clan militia clashed with Al Shabaab checkpoint in Geel Gub village (Cadale, Middle Shabelle). There were no casualties.",0,,1774318961
SOM55728,02-March-2026,2026,1,Political violence,Battles,Armed clash,Dir-Gadabuursi Bahabarmuse Sub-Clan Militia (Somalia),,4,Dir-Issa Mamasaan Sub-Clan Militia (Somalia),,4,44,,706,Eastern Africa,Somalia,Awdal,Lughaye,,Geerisa,10.6035,43.4336,2,REDACTED IN SAMPLE,REDACTED IN SAMPLE,"On 2 March 2026, Dir-Gadabuursi Bahabarmuse and Dir-Issa Mamasaan sub-clan militia clashed in Beeyo Macaan village near Geerisa (Lughaye, Awdal). The motive was due to land dispute. There were no casualties.",0,,1774318961
SOM55731,02-March-2026,2026,1,Political violence,Battles,Armed clash,Military Forces of Somalia (2022-),Hawiye-Abgal Sub-Clan Militia (Somalia),1,Al Shabaab,,2,12,,706,Eastern Africa,Somalia,Middle Shabelle,Cadale,,Gulane,3.3035,46.2279,1,REDACTED IN SAMPLE,REDACTED IN SAMPLE,"On 2 March 2026, government security forces (SNA) and Hawiye-Abgal sub-clan militia clashed with Al Shabaab checkpoint in Gulane village (Cadale, Middle Shabelle). 2 clan militia were injured.",0,,1774318961
SOM55734,02-March-2026,2026,1,Political violence,Battles,Armed clash,Military Forces of Somalia (2022-),Hawiye-Abgal Sub-Clan Militia (Somalia),1,Al Shabaab,,2,12,,706,Eastern Africa,Somalia,Galgaduud,Ceel Dheer,,Hilowle Gaab,3.651,46.859,1,REDACTED IN SAMPLE,REDACTED IN SAMPLE,"On 2 March 2026, government security forces (SNA) and Hawiye-Abgal sub-clan militia clashed with Al Shabaab checkpoint in Hilowle Gaab village (Ceel Dheer, Galgaduud). A senior fighter was killed.",1,,1774318961
SOM55737,02-March-2026,2026,1,Political violence,Battles,Armed clash,Military Forces of Somalia (2022-) Jubaland Security Force,,1,Unidentified Armed Group (Somalia),,3,13,,706,Eastern Africa,Somalia,Lower Juba,Kismaayo,,Kismayo,-0.3603,42.5463,1,REDACTED IN SAMPLE,REDACTED IN SAMPLE,"On 2 March 2026, Jubaland security forces clashed with a group of long-term residents (coded as unidentified armed group) who had occupied the former Somali Marine military camp for decades in Fanole neighborhood in Kismayo town (Kismaayo, Lower Juba). The confrontation followed an eviction order issued by the Jubaland authorities under the directive of the Kismayo District Commissioner. 2 women were killed, and another person was injured.",2,,1774318961
SOM55738,02-March-2026,2026,1,Political violence,Violence against civilians,Attack,Police Forces of Somalia (2022-) Jubaland Police Force,,1,Civilians (Somalia),Journalists (Somalia),7,17,Civilian targeting,706,Eastern Africa,Somalia,Lower Juba,Kismaayo,,Kismayo,-0.3603,42.5463,1,REDACTED IN SAMPLE,REDACTED IN SAMPLE,"On 2 March 2026, a Jubaland police officer shot and killed 1 journalist at a mosque in Qacle neighborhood in Kismayo town (Kismaayo, Lower Juba). The motive of the attack is unknown. The security forces conducted an operation and arrested 2 suspects.",1,,1774318961
SOM55741,02-March-2026,2026,1,Political violence,Violence against civilians,Attack,Al Shabaab,,2,Civilians (Somalia),Labor Group (Somalia),7,27,Civilian targeting,706,Eastern Africa,Somalia,Lower Juba,Badhaadhe,,Kolbiyow,-1.1369,41.2174,2,REDACTED IN SAMPLE,REDACTED IN SAMPLE,"On 2 March 2026, Al Shabaab beat and injured a construction worker in Waraaq village, near Kolbiyow village (Badhaadhe, Lower Juba). Extent of injuries unknown.",0,,1774318961
SOM55749,02-March-2026,2026,1,Political violence,Battles,Armed clash,Hawiye-Hawadle Sub-Clan Militia (Somalia),,4,Al Shabaab,,2,24,,706,Eastern Africa,Somalia,Hiraan,Bulo Burto,,Maxaas,4.3934,46.0882,2,REDACTED IN SAMPLE,REDACTED IN SAMPLE,"On 2 March 2026, Hawiye-Hawadle sub-clan militia clashed with Al Shabaab near Maxaas village (Bulo Burto, Hiraan). There were no casualties.",0,,1774318961
SOM55756,02-March-2026,2026,1,Political violence,Explosions/Remote violence,Remote explosive/landmine/IED,Al Shabaab,,2,Military Forces of Somalia (2022-),AUSSOM: Africa Union Support and Stabilisation Mission in Somalia (2025-) (Uganda),1,12,,706,Eastern Africa,Somalia,Lower Shabelle,Qoryooley,,Mubaarak,1.9167,44.7733,1,REDACTED IN SAMPLE,REDACTED IN SAMPLE,"On 2 March 2026, an IED planted by Al Shabaab exploded, targeting government security forces (SNA) and AUSSOM UPDF convoy in the vicinity of Mubaarak village (Qoryooley, Lower Shabelle). Al Shabaab claimed to have killed 1 UPDF soldier.",1,,1774318961
SOM55760,02-March-2026,2026,1,Political violence,Violence against civilians,Attack,Al Shabaab,,2,Civilians (Somalia),,7,27,Civilian targeting,706,Eastern Africa,Somalia,Lower Juba,Badhaadhe,,Odow,-1.4765,41.6849,1,REDACTED IN SAMPLE,REDACTED IN SAMPLE,"On 2 March 2026, Al Shabaab beat and injured a civilian in Odow village (Badhaadhe, Lower Juba). The civilian was heading to Kenya. Extent of injuries unknown.",0,,1776191110
SOM55765,02-March-2026,2026,1,Political violence,Violence against civilians,Attack,Al Shabaab,,2,Civilians (Somalia),Pastoralists (Somalia),7,27,Civilian targeting,706,Eastern Africa,Somalia,Hiraan,Jalalaqsi,,Shaw,3.4166,45.4085,1,REDACTED IN SAMPLE,REDACTED IN SAMPLE,"On 2 March 2026, Al Shabaab beat and injured a pastoralist at a water point area in Shaw village (Jalalaqsi, Hiraan). Extent of injuries unknown.",0,,1774318961
SOM55766,02-March-2026,2026,1,Political violence,Battles,Armed clash,Darod-Warsangeli-Nuux Cumar Sub-Clan Militia (Somalia),,4,Isaaq-Habar Yoonis-Muse Ismail-Uruursuge Sub-Clan Militia (Somalia),,4,44,,706,Eastern Africa,Somalia,Sanaag,Ceerigaabo,,Shidan,11.0831,47.8221,1,REDACTED IN SAMPLE,REDACTED IN SAMPLE,"On 2 March 2026, Darod-Warsangeli-Nuux Cumar sub-clan militia clashed with Isaaq-Habar Yoonis-Muse Ismail-Uruursuge sub-clan militia in Shidan village (Ceerigaabo, Sanaag). The motive was due to a dispute over mining resources (gold and minerals). There were no casualties.",0,,1774318961
SOM55769,02-March-2026,2026,1,Strategic developments,Strategic developments,Agreement,Military Forces of Somalia (2022-) Puntland Dervish Force,,1,Islamic State Somalia Province,,2,12,,706,Eastern Africa,Somalia,Bari,Bossaso,,Tasjiic,10.8623,49.4576,1,REDACTED IN SAMPLE,REDACTED IN SAMPLE,"On 2 March 2026, 2 Islamic State Somalia Province of Ethiopian nationality surrendered to Puntland Dervish Force base in Tasjiic village (Bossaso, Bari).",0,,1774318961
SOM55777,02-March-2026,2026,1,Political violence,Violence against civilians,Attack,Al Shabaab,,2,Civilians (Somalia),Military Forces of Somalia (2022-),7,27,Civilian targeting,706,Eastern Africa,Somalia,Lower Shabelle,Qoryooley,,Ugunji,1.8734,44.7208,1,REDACTED IN SAMPLE,REDACTED IN SAMPLE,"On 2 March 2026, Al Shabaab shot and killed a civilian at a public square in Ugunji village (Qoryooley, Lower Shabelle), after accusing them of spying for government security forces (SNA).",1,,1774318961
SOM55778,02-March-2026,2026,1,Political violence,Battles,Armed clash,Hawiye-Hawadle Sub-Clan Militia (Somalia),,4,Al Shabaab,,2,24,,706,Eastern Africa,Somalia,Hiraan,Belet Weyne,,Waabweyn,4.6865,45.5903,1,REDACTED IN SAMPLE,REDACTED IN SAMPLE,"On 2 March 2026, Hawiye-Hawadle sub-clan militia clashed with Al Shabaab in the vicinity of Waabweyn village (Belet Weyne, Hiraan). There were no casualties.",0,,1774318961
SOM55795,02-March-2026,2026,1,Political violence,Violence against civilians,Attack,Military Forces of Somalia (2022-),,1,Civilians (Somalia),Women (Somalia),7,17,Civilian targeting,706,Eastern Africa,Somalia,Lower Shabelle,Qoryooley,,Qoryooley,1.7878,44.53,1,REDACTED IN SAMPLE,REDACTED IN SAMPLE,"On 2 March 2026, government security forces (SNA) opened heavy gunfire on civilians in the Suuqa Xoolaha area in Qoryooley town (Qoryooley, Lower Shabelle). The motive is unknown. 1 woman was killed.",1,,1774318961
SOM55694,03-March-2026,2026,1,Political violence,Battles,Armed clash,Hawiye-Hawadle Sub-Clan Militia (Somalia),,4,Al Shabaab,,2,24,,706,Eastern Africa,Somalia,Hiraan,Bulo Burto,,Aborey,4.0104,45.6813,1,REDACTED IN SAMPLE,REDACTED IN SAMPLE,"On 3 March 2026, Hawiye Hawadle clan militia clashed with Al Shabaab in the vicinity of Aborey village (Bulo Burto, Hiraan). There were no injuries.",0,,1774318961
SOM55696,03-March-2026,2026,1,Political violence,Battles,Armed clash,Al Shabaab,,2,Military Forces of Somalia (2022-),,1,12,,706,Eastern Africa,Somalia,Lower Shabelle,Afgooye,,Afgooye,2.15,45.116,1,REDACTED IN SAMPLE,REDACTED IN SAMPLE,"On 3 March 2026, overnight, Al Shabaab clashed with government soldiers (SNA) in Afgooye town (Afgooye, Lower Shabelle). Al Shabaab claimed to have killed 1 soldier.",1,,1774318961
SOM55706,03-March-2026,2026,1,Political violence,Battles,Armed clash,Hawiye-Hawadle Sub-Clan Militia (Somalia),,4,Al Shabaab,,2,24,,706,Eastern Africa,Somalia,Hiraan,Bulo Burto,,Bulo Burto,3.8519,45.5651,2,REDACTED IN SAMPLE,REDACTED IN SAMPLE,"On 3 March 2026, Hawiye Hawadle clan militia clashed with Al Shabaab in the Dahar area near Bulo Burto town (Bulo Burto, Hiraan). There were no casualties.",0,,1774318961
SOM55714,03-March-2026,2026,1,Political violence,Battles,Armed clash,Al Shabaab,,2,Hawiye-Hawadle Sub-Clan Militia (Somalia),,4,24,,706,Eastern Africa,Somalia,Hiraan,Belet Weyne,,Ceel Cali,4.195,44.9885,2,REDACTED IN SAMPLE,REDACTED IN SAMPLE,"On 3 March 2026, Al Shabaab ambushed Hawiye Hawadle clan militia convoy moving near Ceel Cali village (Belet Weyne, Hiraan). Extent of injuries unknown.",0,,1774318961
SOM55730,03-March-2026,2026,1,Political violence,Battles,Armed clash,Al Shabaab,,2,AUSSOM: Africa Union Support and Stabilisation Mission in Somalia (2025-) (Uganda),,8,28,,706,Eastern Africa,Somalia,Lower Shabelle,Marka,,Golweyn,1.6584,44.58,1,REDACTED IN SAMPLE,REDACTED IN SAMPLE,"On 3 March 2026, overnight, Al Shabaab clashed with AUSSOM UPDF troops at a defensive base in Golweyn village (Marka, Lower Shabelle). There were no casualties. Al Shabaab claimed responsibility.",0,,1774318961
SOM55745,03-March-2026,2026,1,Political violence,Battles,Armed clash,Military Forces of Somalia (2022-) National Intelligence and Security Agency,,1,Military Forces of Somalia (2022-) National Intelligence and Security Agency,,1,11,,706,Eastern Africa,Somalia,Gedo,Luuq,,Luuq,3.8,42.5446,1,REDACTED IN SAMPLE,REDACTED IN SAMPLE,"On 3 March 2026, 2 groups of government soldiers (NISA) in Luuq town (Luuq, Gedo). The motive of the clash is unknown. Security forces arrested the NISA soldiers involved. Several casualties were reported. Unspecified number of fatalities coded as 3.",3,,1774318961
SOM55746,03-March-2026,2026,1,Political violence,Explosions/Remote violence,Remote explosive/landmine/IED,Al Shabaab,,2,AUSSOM: Africa Union Support and Stabilisation Mission in Somalia (2025-) (Burundi),,8,28,,706,Eastern Africa,Somalia,Middle Shabelle,Jowhar,,Mahadaay,2.9704,45.5347,1,REDACTED IN SAMPLE,REDACTED IN SAMPLE,"On 3 March 2026, an IED planted by Al Shabaab exploded, targeting AUSSOM BNDF in Mahadaay town (Jowhar, Middle Shabelle). Al Shabaab claimed to have killed 1 soldier.",1,,1774318961
SOM55754,03-March-2026,2026,1,Strategic developments,Strategic developments,Arrests,Police Forces of Somalia (2022-) Special Forces,,1,Civilians (Somalia),Government of Somalia (2022-) Puntland State,7,17,,706,Eastern Africa,Somalia,Banadir,Banadir,,Mogadishu - Waaberi,2.0195,45.31,1,REDACTED IN SAMPLE,REDACTED IN SAMPLE,"On 3 March 2026, Somali police forces raided the Airport Hotel and arrested the Senior Advisor to the President of Puntland State in Aden Ade International Airport in Mogadishu - Waaberi (Banadir). The government accused the advisor withdrew $500,000 from a local bank with the intention of bribing members of Parliament to discourage them from voting on a constitutional amendment.",0,,1774318961
SOM55755,03-March-2026,2026,1,Political violence,Explosions/Remote violence,Remote explosive/landmine/IED,Al Shabaab,,2,Military Forces of Somalia (2022-) National Intelligence and Security Agency,,1,12,,706,Eastern Africa,Somalia,Banadir,Banadir,,Mogadishu - Wadajir,2.0462,45.3341,1,REDACTED IN SAMPLE,REDACTED IN SAMPLE,"On 3 March 2026, a vehicle-borne IED planted by Al Shabaab exploded, targeting a vehicle of a government soldier (NISA) in the Buulo Huubey neighborhood in Mogadishu - Wadajir (Banadir). 1 soldier was injured. Al Shabaab claimed responsibility.",0,,1774318961
SOM55792,03-March-2026,2026,1,Political violence,Battles,Armed clash,Hawiye-Hawadle Sub-Clan Militia (Somalia),,4,Al Shabaab,,2,24,,706,Eastern Africa,Somalia,Hiraan,Bulo Burto,,Yasooman,4.0556,45.749,1,REDACTED IN SAMPLE,REDACTED IN SAMPLE,"On 3 March 2026, Hawiye-Hawadle sub-clan militia clashed with Al Shabaab on the outskirts of Yasooman village (Bulo Burto, Hiraan). The clan militia ambushed Al Shabaab while traveling in a white Toyota Land Cruiser. The clash was initiated with a Rocket-Propelled Grenade (RPG). 3 militants were killed, including a mid-level commander, and 3 others were injured.",3,,1774318961
SOM55701,04-March-2026,2026,1,Political violence,Explosions/Remote violence,Remote explosive/landmine/IED,Al Shabaab,,2,Military Forces of Somalia (2022-),,1,12,,706,Eastern Africa,Somalia,Gedo,Belet Xaawo,,Belet Xaawo,3.7807,41.8943,1,REDACTED IN SAMPLE,REDACTED IN SAMPLE,"On 4 March 2026, an IED planted by Al Shabaab exploded, targeting government security forces (SNA) at a base in Belet Xaawo town (Belet Xaawo, Gedo). Al Shabaab claimed to injured 1 soldier.",0,,1774318961
SOM55703,04-March-2026,2026,1,Political violence,Battles,Armed clash,Police Forces of Somalia (2022-) Southwest Special Police Forces,,1,Rahanweyn-Mirifle-Leeysan Sub-Clan Militia (Somalia),,4,14,,706,Eastern Africa,Somalia,Bay,Baydhaba,,Berdaale,3.215,43.1983,2,REDACTED IN SAMPLE,REDACTED IN SAMPLE,"On 4 March 2026, Southwest Special Police Forces clashed with Rahanweyn Leeysan clan militia at a checkpoint near Berdaale town (Baydhaba, Bay). There were no casualties.",0,,1774318961
SOM55704,04-March-2026,2026,1,Strategic developments,Strategic developments,Change to group/activity,Islamic State Somalia Province,,2,,,0,20,,706,Eastern Africa,Somalia,Bari,Bossaso,,Bosaso,11.2842,49.1816,2,REDACTED IN SAMPLE,REDACTED IN SAMPLE,"Movement of forces: On 4 March 2026, Islamic State Somalia Province was observed arriving in the Ceelka Shakalo area near Bosaso town (Bossaso, Bari).",0,,1774318961
SOM55718,04-March-2026,2026,1,Political violence,Violence against civilians,Attack,Al Shabaab,,2,Civilians (Somalia),,7,27,Civilian targeting,706,Eastern Africa,Somalia,Lower Shabelle,Qoryooley,,Daarasalaam,1.9221,44.7871,1,REDACTED IN SAMPLE,REDACTED IN SAMPLE,"On 4 March 2026, Al Shabaab attacked civilians in Daarasalaam village (Qoryooley, Lower Shabelle) and Mubaarak (coded separately). 6 civilians were killed, and 20 others were injured. 6 fatalities split across 2 locations and coded as 3 for this event.",3,,1774318961
SOM55720,04-March-2026,2026,1,Political violence,Explosions/Remote violence,Shelling/artillery/missile attack,Islamic State Somalia Province,,2,Military Forces of Somalia (2022-) Puntland Dervish Force,,1,12,,706,Eastern Africa,Somalia,Bari,Qandala,,Dasaan,11.1703,49.8239,1,REDACTED IN SAMPLE,REDACTED IN SAMPLE,"On 4 March 2026, Islamic State Somalia Province fired mortar shells at Puntland dervish forces in Dasaan villages (Qandala, Bari), and the forces fired back at the fighters. Casualties unknown.",0,,1774318961
SOM55721,04-March-2026,2026,1,Political violence,Battles,Armed clash,Al Shabaab,,2,Police Forces of Somalia (2022-) Southwest Special Police Forces,,1,12,,706,Eastern Africa,Somalia,Bay,Baydhaba,,Daynuunay,3.0399,43.7969,1,REDACTED IN SAMPLE,REDACTED IN SAMPLE,"On 4 March 2026, Al Shabaab clashed with Southwest Special Police Forces (SWSPF) troops at a base in Daynuunay village (Baydhaba, Bay). There were no casualties.",0,,1774318961
SOM55722,04-March-2026,2026,1,Political violence,Battles,Armed clash,Military Forces of Somalia (2022-) Galmudug Security Force,,1,Al Shabaab,,2,12,,706,Eastern Africa,Somalia,Galgaduud,Dhuusamarreeb,,Dhaban-Dhulkuheys,5.2647,46.3977,1,REDACTED IN SAMPLE,REDACTED IN SAMPLE,"On 4 March 2026, Galmudug security forces clashed with Al Shabaab in the vicinity of Dhaban-Dhulkuheys village (Dhuusamarreeb, Galgaduud). 1 person was killed.",1,,1776191110
SOM55732,04-March-2026,2026,1,Political violence,Battles,Armed clash,Al Shabaab,,2,Military Forces of Ethiopia (2018-),,8,28,,706,Eastern Africa,Somalia,Hiraan,Bulo Burto,,Halgan,4.2117,45.5625,1,REDACTED IN SAMPLE,REDACTED IN SAMPLE,"On 4 March 2026, overnight, Al Shabaab clashed with Ethiopian security forces (non-AUSSOM) at a base in Halgan village (Bulo Burto, Hiraan) after militants threw a hand grenade. Al Shabaab claimed to have injured soldiers.",0,,1774318961
SOM55739,04-March-2026,2026,1,Demonstrations,Protests,Peaceful protest,Protesters (Somalia),Journalists (Somalia),6,,,0,60,,706,Eastern Africa,Somalia,Lower Juba,Kismaayo,,Kismayo,-0.3603,42.5463,1,REDACTED IN SAMPLE,REDACTED IN SAMPLE,"On 4 March 2026, journalists protested in Kismayo town (Kismaayo, Lower Juba) against the killing of a journalist (coded separately).",0,crowd size=no report,1774318961
SOM55757,04-March-2026,2026,1,Political violence,Violence against civilians,Attack,Al Shabaab,,2,Civilians (Somalia),,7,27,Civilian targeting,706,Eastern Africa,Somalia,Lower Shabelle,Qoryooley,,Mubaarak,1.9167,44.7733,1,REDACTED IN SAMPLE,REDACTED IN SAMPLE,"On 4 March 2026, Al Shabaab attacked civilians in Mubaarak village (Qoryooley, Lower Shabelle) and Daarasalaam (coded separately). 6 civilians were killed, and 20 others were injured. 6 fatalities split across 2 locations and coded as 3 for this event.",3,,1774318961
SOM55768,04-March-2026,2026,1,Political violence,Battles,Armed clash,Al Shabaab,,2,Hawiye-Abgal Sub-Clan Militia (Somalia),,4,24,,706,Eastern Africa,Somalia,Middle Shabelle,Cadale,,Sumadaale,2.9194,46.0998,1,REDACTED IN SAMPLE,REDACTED IN SAMPLE,"On 4 March 2026, Al Shabaab clashed with a Hawiye Abgal clan militia in Sumadaale village (Cadale, Middle Shabelle). There were no casualties.",0,,1774318961
SOM55775,04-March-2026,2026,1,Political violence,Battles,Armed clash,Islamic State Somalia Province,,2,Military Forces of Somalia (2022-) Puntland Dervish Force,,1,12,,706,Eastern Africa,Somalia,Bari,Qandala,,Turmasaale,10.9306,50.2293,2,REDACTED IN SAMPLE,REDACTED IN SAMPLE,"On 4 March 2026, Islamic State Somalia Province ambushed Puntland dervish forces' convoy near Turmasaale village (Qandala, Bari). Casualties unknown.",0,,1774318961
SOM55791,04-March-2026,2026,1,Political violence,Battles,Armed clash,Military Forces of Somalia (2022-),,1,Al Shabaab,,2,12,,706,Eastern Africa,Somalia,Middle Shabelle,Balcad,,Xawaadleey,2.5826,45.4894,2,REDACTED IN SAMPLE,REDACTED IN SAMPLE,"On 4 March 2026, government security forces (SNA) clashed with Al Shabaab at a hideout near Xawaadleey village (Balcad, Middle Shabelle). Both sides withdrew after a brief exchange of fire. Casualties unknown.",0,,1774318961
SOM55798,04-March-2026,2026,1,Political violence,Battles,Armed clash,Police Forces of Somalia (2022-) Galmudug Police Force,,1,Military Forces of Somalia (2022-) Galmudug Security Force,,1,11,,706,Eastern Africa,Somalia,Galgaduud,Dhuusamarreeb,,Dhuusamarreeb,5.5376,46.3867,1,REDACTED IN SAMPLE,REDACTED IN SAMPLE,"On 4 March 2026, Galmudug police forces clashed with Galmudug security forces in Dhuusamarreeb town (Dhuusamarreeb, Galgaduud). The motive of the clash is unknown. 3 people were injured.",0,,1774318961
SOM55695,05-March-2026,2026,1,Political violence,Battles,Armed clash,Hawiye-Hawadle Sub-Clan Militia (Somalia),,4,Al Shabaab,,2,24,,706,Eastern Africa,Somalia,Hiraan,Bulo Burto,,Aborey,4.0104,45.6813,2,REDACTED IN SAMPLE,REDACTED IN SAMPLE,"On 5 March 2026, Hawiye Hawadle clan militia clashed with Al Shabaab near Aborey village (Bulo Burto, Hiraan). 2 Hawadle clan militias were injured.",0,,1774318961
SOM55698,05-March-2026,2026,1,Political violence,Explosions/Remote violence,Air/drone strike,Military Forces of Turkey (2016-),,8,Al Shabaab,,2,28,,706,Eastern Africa,Somalia,Lower Shabelle,Afgooye,,Awdheegle,1.9833,44.8333,1,REDACTED IN SAMPLE,REDACTED IN SAMPLE,"On 5 March 2026, Turkish forces conducted an airstrike targeting an Al Shabaab gathering in the forested area of Deg-yarow in Awdheegle village (Afgooye, Lower Shabelle). An unknown number of militants were killed and wounded. Unspecified number of fatalities coded as 3.",3,,1774318961
SOM55715,05-March-2026,2026,1,Political violence,Battles,Armed clash,Military Forces of Somalia (2022-) Galmudug Security Force,,1,Al Shabaab,,2,12,,706,Eastern Africa,Somalia,Galgaduud,Dhuusamarreeb,,Ceel Garas,5.2053,46.5137,1,REDACTED IN SAMPLE,REDACTED IN SAMPLE,"On 5 March 2026, Galmudug security forces clashed with Al Shabaab in Ceel Garas village (Dhuusamarreeb, Galgaduud). 1 fighter was killed.",1,,1774318961
SOM55717,05-March-2026,2026,1,Political violence,Battles,Armed clash,Military Forces of Somalia (2022-),AUSSOM: Africa Union Support and Stabilisation Mission in Somalia (2025-) (Uganda),1,Al Shabaab,,2,12,,706,Eastern Africa,Somalia,Lower Shabelle,Afgooye,,Cumar Beerre,2.1989,45.0548,1,REDACTED IN SAMPLE,REDACTED IN SAMPLE,"On 5 March 2026, government security forces (SNA) and AUSSOM UPDF clashed with Al Shabaab in Cumar Beerre village (Afgooye, Lower Shabelle). There were no casualties.",0,,1774318961
SOM55719,05-March-2026,2026,1,Political violence,Battles,Armed clash,Military Forces of Somalia (2022-),AUSSOM: Africa Union Support and Stabilisation Mission in Somalia (2025-) (Uganda); Military Forces of Somalia (2022-),1,Al Shabaab,,2,12,,706,Eastern Africa,Somalia,Lower Shabelle,Qoryooley,,Daarasalaam,1.9221,44.7871,1,REDACTED IN SAMPLE,REDACTED IN SAMPLE,"On 5 March 2026, government security forces (SNA) and AUSSOM UPDF clashed with Al Shabaab in Daarasalaam village (Qoryooley, Lower Shabelle). Casualties unknown.",0,,1774318961
SOM55736,05-March-2026,2026,1,Political violence,Violence against civilians,Attack,Unidentified Clan Militia (Somalia),,4,Civilians (Somalia),Taxi Drivers (Somalia),7,47,Civilian targeting,706,Eastern Africa,Somalia,Bari,Bossaso,,Karin,10.9741,49.2137,2,REDACTED IN SAMPLE,REDACTED IN SAMPLE,"On 5 March 2026, unidentified clan militia erected an illegal checkpoint and attacked khat vehicles near Karin village (Bossaso, Bari). 1 driver was injured.",0,,1774318961
SOM55740,05-March-2026,2026,1,Political violence,Explosions/Remote violence,Remote explosive/landmine/IED,Al Shabaab,,2,Military Forces of Somalia (2022-) Special Forces,,1,12,,706,Eastern Africa,Somalia,Lower Juba,Kismaayo,,Kismayo,-0.3603,42.5463,2,REDACTED IN SAMPLE,REDACTED IN SAMPLE,"On 5 March 2026, an IED planted by Al Shabaab exploded, targeting government security forces (Danab) convoy near Kismayo town (Kismaayo, Lower Juba). Al Shabaab claimed to have killed at least 4 soldiers.",4,,1774318961
SOM55750,05-March-2026,2026,1,Political violence,Battles,Armed clash,Darod-Warsangeli-Nuux Cumar Sub-Clan Militia (Somalia),,4,Isaaq-Habar Yoonis-Muse Ismail Sub-Clan Militia (Somalia),,4,44,,706,Eastern Africa,Somalia,Sanaag,Laasqoray,,Milxo,11.1225,48.5743,1,REDACTED IN SAMPLE,REDACTED IN SAMPLE,"On 5 March 2026, Darod Warsangeli Nuuh Cumar clan militia clashed with Isaaq Habar Yoonis Musa Ismaail clan militia in Milxo village (Laasqoray, Sanaag). The clash was linked to a land dispute. Casualties unknown.",0,,1776191110
SOM55751,05-March-2026,2026,1,Political violence,Violence against civilians,Attack,Al Shabaab,,2,Civilians (Somalia),,7,27,Civilian targeting,706,Eastern Africa,Somalia,Banadir,Banadir,,Mogadishu - Daynile,2.0576,45.2853,1,REDACTED IN SAMPLE,REDACTED IN SAMPLE,"On 5 March 2026, suspected Al Shabaab shot and injured a civilian in the Tabelaha Weydow area in Mogadishu - Daynile (Banadir).",0,,1774318961
SOM55752,05-March-2026,2026,1,Demonstrations,Protests,Peaceful protest,Protesters (Somalia),,6,,,0,60,,706,Eastern Africa,Somalia,Banadir,Banadir,,Mogadishu - Daynile,2.0576,45.2853,1,REDACTED IN SAMPLE,REDACTED IN SAMPLE,"On 5 March 2026, locals protested in the Suuqa Xoolaha neighborhood in Mogadishu - Daynile (Banadir), against land eviction by the government.",0,crowd size=no report,1774318961
SOM55758,05-March-2026,2026,1,Political violence,Battles,Armed clash,Military Forces of Somalia (2022-),AUSSOM: Africa Union Support and Stabilisation Mission in Somalia (2025-) (Uganda),1,Al Shabaab,,2,12,,706,Eastern Africa,Somalia,Lower Shabelle,Qoryooley,,Mubaarak,1.9167,44.7733,1,REDACTED IN SAMPLE,REDACTED IN SAMPLE,"On 5 March 2026, government security forces (SNA) and AUSSOM UPDF clashed with Al Shabaab in Mubaarak village (Qoryooley, Lower Shabelle). Casualties unknown.",0,,1774318961
SOM55759,05-March-2026,2026,1,Political violence,Explosions/Remote violence,Remote explosive/landmine/IED,Al Shabaab,,2,Military Forces of Somalia (2022-),,1,12,,706,Eastern Africa,Somalia,Lower Shabelle,Qoryooley,,Mubaarak,1.9167,44.7733,1,REDACTED IN SAMPLE,REDACTED IN SAMPLE,"On 5 March 2026, an IED planted by Al Shabaab exploded, targeting houses in Mubaarak village (Qoryooley, Lower Shabelle). Government security forces (SNA) were conducting a door-to-door operation. Soldiers were injured. An unknown number of militias were killed and wounded. Unspecified number of fatalities coded as 3.",3,,1774318961
SOM55762,05-March-2026,2026,1,Political violence,Battles,Armed clash,Military Forces of Somalia (2022-),,1,Police Forces of Somalia (2022-) Southwest Special Police Forces,,1,11,,706,Eastern Africa,Somalia,Bay,Qansax Dheere,,Qansax Dheere,2.8712,43.0043,1,REDACTED IN SAMPLE,REDACTED IN SAMPLE,"On 5 March 2026, government security forces (SNA) clashed with Southwest Special Police Forces (SWSPF) in Qansax Dheere town (Qansax Dheere, Bay). SNA was allied with a senior military officer who wanted the sacking of the district commissioner of Qansax Dheere and was against the current Southwest administration in Baidoa. Casualties unknown.",0,,1774318961
SOM55767,05-March-2026,2026,1,Political violence,Battles,Armed clash,Darod-Warsangeli-Nuux Cumar Sub-Clan Militia (Somalia),,4,Isaaq-Habar Yoonis-Muse Ismail Sub-Clan Militia (Somalia),,4,44,,706,Eastern Africa,Somalia,Sanaag,Ceerigaabo,,Shidan,11.0831,47.8221,1,REDACTED IN SAMPLE,REDACTED IN SAMPLE,"On 5 March 2026, Darod Warsangeli Nuuh Cumar clan militia clashed with Isaaq Habar Yoonis Musa Ismaail clan militia in Shidan village (Ceerigaabo, Sanaag). The clash was linked to a land dispute. Casualties unknown.",0,,1774318961
SOM55770,05-March-2026,2026,1,Strategic developments,Strategic developments,Change to group/activity,Islamic State Somalia Province,,2,,,0,20,,706,Eastern Africa,Somalia,Bari,Bossaso,,Tasjiic,10.8623,49.4576,2,REDACTED IN SAMPLE,REDACTED IN SAMPLE,"Movement of forces: On 5 March 2026, Islamic State Somalia Province was seen patrolling the main road near Tasjiic village (Bossaso, Bari).",0,,1774318961
SOM55774,05-March-2026,2026,1,Strategic developments,Strategic developments,Change to group/activity,Al Shabaab,,2,,,0,20,,706,Eastern Africa,Somalia,Lower Shabelle,Qoryooley,,Tugaarrey,1.8947,44.7604,1,REDACTED IN SAMPLE,REDACTED IN SAMPLE,"Movement of forces: On 5 March 2026, heavily armed Al Shabaab were observed regrouping in Tugaarrey village (Qoryooley, Lower Shabelle) after security forces launched operation Hilaac.",0,,1774318961
SOM55782,05-March-2026,2026,1,Political violence,Battles,Armed clash,Darod-Warsangeli-Nuux Cumar Sub-Clan Militia (Somalia),,4,Military Forces of Somaliland (2024-),,1,14,,706,Eastern Africa,Somalia,Sanaag,Ceerigaabo,,Waqdariya,11.1179,47.7935,2,REDACTED IN SAMPLE,REDACTED IN SAMPLE,"On 5 March 2026, Darod Warsangeli Nuuh Cumar clan militia clashed with the Somaliland security forces at a checkpoint near Waqdariya village (Ceerigaabo, Sanaag). There were no casualties.",0,,1774318961
SOM55783,05-March-2026,2026,1,Political violence,Battles,Armed clash,Darod-Warsangeli-Nuux Cumar Sub-Clan Militia (Somalia),,4,Isaaq-Habar Jeclo Sub-Clan Militia (Somalia),,4,44,,706,Eastern Africa,Somalia,Sanaag,Ceerigaabo,,Waqdariya,11.1179,47.7935,2,REDACTED IN SAMPLE,REDACTED IN SAMPLE,"On 5 March 2026, Darod Warsangeli Nuuh Cumar clan militia clashed with Isaaq Habar Jeclo clan militia in Gubata village near Waqdariya village (Ceerigaabo, Sanaag). The clash was linked to a land dispute. There were no casualties.",0,,1774318961
SOM55787,05-March-2026,2026,1,Strategic developments,Strategic developments,Change to group/activity,Islamic State Somalia Province,,2,,,0,20,,706,Eastern Africa,Somalia,Bari,Bossaso,,Xabley,10.723,49.4906,1,REDACTED IN SAMPLE,REDACTED IN SAMPLE,"Movement of forces: On 5 March 2026, Islamic State Somalia Province was seen establishing hideouts in the mountainous area of Xabley village (Bossaso, Bari).",0,,1776191110
SOM55793,05-March-2026,2026,1,Demonstrations,Protests,Peaceful protest,Protesters (Somalia),,6,,,0,60,,706,Eastern Africa,Somalia,Banadir,Banadir,,Mogadishu - Yaqshid,2.0678,45.35,1,REDACTED IN SAMPLE,REDACTED IN SAMPLE,"On 5 March 2026, locals and family members protested in the Fagah neighborhood in Mogadishu - Yaqshid (Banadir), demanding justice from the government after a Gorgor soldier killed a youth and injured his brother six months ago (coded separately).",0,crowd size=no report,1774318961
SOM55805,05-March-2026,2026,1,Political violence,Battles,Armed clash,Al Shabaab,,2,Military Forces of Somalia (2022-),,1,12,,706,Eastern Africa,Somalia,Bakool,Xudur,,Hudur,4.1237,43.8915,1,REDACTED IN SAMPLE,REDACTED IN SAMPLE,"On 5 March 2026, Al Shabaab clashed with government security forces (SNA) at a base in Hudur town (Xudur, Bakool). There were no casualties. Al Shabaab claimed responsibility.",0,,1774318961
SOM55818,05-March-2026,2026,1,Political violence,Battles,Armed clash,Al Shabaab,,2,Military Forces of Somalia (2022-),,1,12,,706,Eastern Africa,Somalia,Bakool,Waajid,,Waajid,3.8096,43.2463,1,REDACTED IN SAMPLE,REDACTED IN SAMPLE,"On 5 March 2026, overnight, Al Shabaab clashed with government security forces (SNA) at a base in Waajid town (Waajid, Bakool). There were no casualties.",0,,1774318961
SOM55820,05-March-2026,2026,1,Political violence,Battles,Armed clash,Hawiye-Habar Gedir-Ayr Sub-Clan Militia (Somalia),,4,Hawiye-Murusade Sub-Clan Militia (Somalia),,4,44,,706,Eastern Africa,Somalia,Galgaduud,Ceel Buur,,Warxoolo,4.6333,46.1792,1,REDACTED IN SAMPLE,REDACTED IN SAMPLE,"On 5 March 2026, Habar Gedir-Ayr sub-clan militia clashed with Hawiye-Murusade sub-clan militia, both from the Hawiye clan, in Warxoolo village (Ceel Buur, Galgaduud). The motive was due to clan revenge. There were no casualties.",0,,1774318961
SOM55753,06-March-2026,2026,1,Political violence,Riots,Mob violence,Rioters (Somalia),Vigilante Group (Somalia),5,Civilians (Somalia),,7,57,Civilian targeting,706,Eastern Africa,Somalia,Banadir,Banadir,,Mogadishu - Hodan,2.0376,45.3058,1,REDACTED IN SAMPLE,REDACTED IN SAMPLE,"On 6 March 2026, a mob of locals beat and injured a youth in the Zona K area in Mogadishu - Hodan (Banadir), accused of stealing a mobile phone from people during the Taraweeh prayers.",0,crowd size=no report,1774318961
SOM55763,06-March-2026,2026,1,Political violence,Battles,Armed clash,Military Forces of Somalia (2022-),,1,Police Forces of Somalia (2022-) Southwest Special Police Forces,,1,11,,706,Eastern Africa,Somalia,Bay,Qansax Dheere,,Qansax Dheere,2.8712,43.0043,1,REDACTED IN SAMPLE,REDACTED IN SAMPLE,"On 6 March 2026, for the second consecutive day, government security forces (SNA) clashed with Southwest Special Police Forces (SWSPF) in Qansax Dheere town (Qansax Dheere, Bay). There were no casualties.",0,,1774318961
SOM55802,06-March-2026,2026,1,Political violence,Battles,Armed clash,Al Shabaab,,2,AUSSOM: Africa Union Support and Stabilisation Mission in Somalia (2025-) (Uganda),,8,28,,706,Eastern Africa,Somalia,Lower Shabelle,Marka,,Golweyn,1.6584,44.58,1,REDACTED IN SAMPLE,REDACTED IN SAMPLE,"On 6 March 2026, overnight, Al Shabaab clashed with AUSSOM UPDF troops at a base in Golweyn village (Marka, Lower Shabelle). There were no casualties. Al Shabaab claimed responsibility.",0,,1774318961
SOM55811,06-March-2026,2026,1,Political violence,Battles,Armed clash,Isaaq-Habar Yoonis-Jibriil Turwa Sub-Clan Militia (Somalia),,4,Isaaq-Habar Yoonis-Jibriil Turwa Sub-Clan Militia (Somalia),,4,44,,706,Eastern Africa,Somalia,Sanaag,Ceerigaabo,,Maydh,11.004,47.1104,2,REDACTED IN SAMPLE,REDACTED IN SAMPLE,"On 6 March 2026, 2 groups of Isaaq-Habar Yoonis-Jibriil Turwa sub-clan militia clashed in Xaadh village near Maydh village (Ceerigaabo, Sanaag). The motive was due to clan revenge. 1 militia member was killed, and 3 others were injured.",1,,1774318961
SOM55863,06-March-2026,2026,1,Political violence,Battles,Armed clash,Al Shabaab,,2,Military Forces of Somalia (2022-),,1,12,,706,Eastern Africa,Somalia,Lower Shabelle,Marka,,Golweyn,1.6584,44.58,1,REDACTED IN SAMPLE,REDACTED IN SAMPLE,"On 6 March 2026, Al Shabaab clashed with government security forces (SNA) in Golweyn village (Marka, Lower Shabelle). There were no casualties.",0,,1774318961
SOM55797,07-March-2026,2026,1,Political violence,Battles,Armed clash,Military Forces of Somalia (2022-),AUSSOM: Africa Union Support and Stabilisation Mission in Somalia (2025-) (Uganda),1,Al Shabaab,,2,12,,706,Eastern Africa,Somalia,Lower Shabelle,Qoryooley,,Daarasalaam,1.9221,44.7871,2,REDACTED IN SAMPLE,REDACTED IN SAMPLE,"On 7 March 2026, government security forces (SNA) and AUSSOM UPDF clashed with Al Shabaab near Daarasalaam village (Qoryooley, Lower Shabelle). There were no casualties.",0,,1774318961
SOM55801,07-March-2026,2026,1,Political violence,Battles,Armed clash,Al Shabaab,,2,Military Forces of Somalia (2022-),,1,12,,706,Eastern Africa,Somalia,Gedo,Garbahaarey,,Garbahaarey,3.328,42.2199,1,REDACTED IN SAMPLE,REDACTED IN SAMPLE,"On 7 March 2026, overnight, Al Shabaab clashed with government security forces (SNA) at the WFP base in Garbahaarey town (Garbahaarey, Gedo). There were no casualties. Al Shabaab claimed responsibility.",0,,1774318961
SOM55806,07-March-2026,2026,1,Political violence,Battles,Armed clash,Al Shabaab,,2,Military Forces of Somalia (2022-),,1,12,,706,Eastern Africa,Somalia,Bakool,Xudur,,Hudur,4.1237,43.8915,1,REDACTED IN SAMPLE,REDACTED IN SAMPLE,"On 7 March 2026, overnight, Al Shabaab clashed with government security forces (SNA) at a base in Hudur town (Xudur, Bakool). There were no casualties. Al Shabaab claimed responsibility.",0,,1774318961
SOM55808,07-March-2026,2026,1,Political violence,Violence against civilians,Attack,Al Shabaab,,2,Civilians (Somalia),Military Forces of Somalia (2022-),7,27,Civilian targeting,706,Eastern Africa,Somalia,Middle Juba,Jilib,,Kunyo Barrow,0.8014,43.3837,1,REDACTED IN SAMPLE,REDACTED IN SAMPLE,"On 7 March 2026, Al Shabaab shot and killed 6 civilians at a public square in Kunyo Barrow village (Jilib, Middle Juba) after accusing them of spying for government security forces (SNA). Al Shabaab claimed responsibility.",6,,1774318961
SOM55813,07-March-2026,2026,1,Political violence,Battles,Armed clash,Military Forces of Somalia (2022-),AUSSOM: Africa Union Support and Stabilisation Mission in Somalia (2025-) (Uganda),1,Al Shabaab,,2,12,,706,Eastern Africa,Somalia,Lower Shabelle,Qoryooley,,Mubaarak,1.9167,44.7733,2,REDACTED IN SAMPLE,REDACTED IN SAMPLE,"On 7 March 2026, government security forces (SNA) and AUSSOM UPDF clashed with Al Shabaab near Mubaarak village (Qoryooley, Lower Shabelle). There were no casualties.",0,,1774318961
SOM55814,07-March-2026,2026,1,Political violence,Battles,Armed clash,Al Shabaab,,2,AUSSOM: Africa Union Support and Stabilisation Mission in Somalia (2025-) (Uganda),,8,28,,706,Eastern Africa,Somalia,Lower Shabelle,Qoryooley,,Qoryooley,1.7878,44.53,1,REDACTED IN SAMPLE,REDACTED IN SAMPLE,"On 7 March 2026, Al Shabaab clashed with AUSSOM UPDF troops at a base in Qoryooley town (Qoryooley, Lower Shabelle). There were no casualties. Al Shabaab claimed responsibility.",0,,1774318961
SOM55817,07-March-2026,2026,1,Political violence,Battles,Armed clash,Military Forces of Somalia (2022-),,1,Al Shabaab,,2,12,,706,Eastern Africa,Somalia,Lower Shabelle,Qoryooley,,Ugunji,1.8734,44.7208,1,REDACTED IN SAMPLE,REDACTED IN SAMPLE,"On 7 March 2026, government security forces (SNA) clashed with Al Shabaab in the vicinity of Ugunji village (Qoryooley, Lower Shabelle). There were no casualties.",0,,1774318961
SOM55819,07-March-2026,2026,1,Political violence,Battles,Armed clash,Al Shabaab,,2,Military Forces of Somalia (2022-),,1,12,,706,Eastern Africa,Somalia,Bakool,Waajid,,Waajid,3.8096,43.2463,1,REDACTED IN SAMPLE,REDACTED IN SAMPLE,"On 7 March 2026, overnight, Al Shabaab clashed with government security forces (SNA) at a base in Waajid town (Waajid, Bakool). There were no casualties. Al Shabaab claimed responsibility.",0,,1774318961
SOM55844,07-March-2026,2026,1,Political violence,Battles,Armed clash,Military Forces of Somalia (2022-),,1,Al Shabaab,,2,12,,706,Eastern Africa,Somalia,Lower Shabelle,Marka,,Busley,1.5702,44.4488,2,REDACTED IN SAMPLE,REDACTED IN SAMPLE,"On 7 March 2026, government security forces (SNA) clashed with Al Shabaab near Busley village (Marka, Lower Shabelle). There were no casualties.",0,,1774318961
SOM55847,07-March-2026,2026,1,Political violence,Battles,Armed clash,Military Forces of Somalia (2022-),,1,Al Shabaab,,2,12,,706,Eastern Africa,Somalia,Lower Shabelle,Marka,,Buulo Nagaad,1.8494,44.8461,1,REDACTED IN SAMPLE,REDACTED IN SAMPLE,"On 7 March 2026, government security forces (SNA) clashed with Al Shabaab in Buulo Nagaad village (Marka, Lower Shabelle). There were no casualties.",0,,1774318961
SOM55848,07-March-2026,2026,1,Political violence,Explosions/Remote violence,Air/drone strike,Unidentified Military Forces,,8,Islamic State Somalia Province,,2,28,,706,Eastern Africa,Somalia,Bari,Qandala,,Buuraha Cali Miskat,10.8548,49.7434,1,REDACTED IN SAMPLE,REDACTED IN SAMPLE,"On 7 March 2026, international forces (coded as Unidentified Military Forces) launched an airstrike targeting Islamic State Somalia Province in the Maragade area in Buuraha Cali Miskat (Qandala, Bari). Casualties unknown.",0,,1776191110
SOM55872,07-March-2026,2026,1,Political violence,Battles,Armed clash,Military Forces of Somalia (2022-),,1,Al Shabaab,,2,12,,706,Eastern Africa,Somalia,Lower Shabelle,Marka,,Janaale,1.8,44.7,1,REDACTED IN SAMPLE,REDACTED IN SAMPLE,"On 7 March 2026, government security forces (SNA) clashed with Al Shabaab in the vicinity of Janaale town (Marka, Lower Shabelle). There were no casualties.",0,,1774318961
SOM55893,07-March-2026,2026,1,Political violence,Battles,Armed clash,Military Forces of Somalia (2022-),,1,Al Shabaab,,2,12,,706,Eastern Africa,Somalia,Lower Shabelle,Qoryooley,,Qoryooley,1.7878,44.53,1,REDACTED IN SAMPLE,REDACTED IN SAMPLE,"On 7 March 2026, government security forces (SNA) clashed with Al Shabaab in the vicinity of Qoryooley town (Qoryooley, Lower Shabelle). There were no casualties.",0,,1774318961
SOM55902,07-March-2026,2026,1,Political violence,Explosions/Remote violence,Air/drone strike,Military Forces of Somalia (2022-),,1,Al Shabaab,,2,12,,706,Eastern Africa,Somalia,Lower Shabelle,Qoryooley,,Ugunji,1.8734,44.7208,1,REDACTED IN SAMPLE,REDACTED IN SAMPLE,"On 7 March 2026, government security forces (SNA) clashed with Al Shabaab in Ugunji village (Qoryooley, Lower Shabelle). There were no casualties.",0,,1774318961
SOM55905,07-March-2026,2026,1,Political violence,Battles,Armed clash,Darod-Warsangeli-Nuux Cumar Sub-Clan Militia (Somalia),,4,Isaaq-Habar Jeclo Sub-Clan Militia (Somalia),,4,44,,706,Eastern Africa,Somalia,Sanaag,Ceerigaabo,,Waqdariya,11.1179,47.7935,2,REDACTED IN SAMPLE,REDACTED IN SAMPLE,"On 7 March 2026, Darod Warsangeli Nuuh Cumar clan militia clashed with Isaaq Habar Jeclo clan militia in Gubata village near Waqdariya village (Ceerigaabo, Sanaag). The clash was linked to a land dispute. There were no casualties.",0,,1774318961
SOM55796,08-March-2026,2026,1,Political violence,Explosions/Remote violence,Remote explosive/landmine/IED,Al Shabaab,,2,Military Forces of Somalia (2022-),,1,12,,706,Eastern Africa,Somalia,Middle Shabelle,Balcad,,Balcad,2.3468,45.3902,1,REDACTED IN SAMPLE,REDACTED IN SAMPLE,"On 8 March 2026, an IED planted by Al Shabaab exploded, targeting government security forces (SNA) convoy in the vicinity of Balcad town (Balcad, Middle Shabelle). Al Shabaab claimed to have killed at least 4 soldiers and 9 others were injured.",4,,1774318961
SOM55799,08-March-2026,2026,1,Political violence,Battles,Armed clash,Al Shabaab,,2,AUSSOM: Africa Union Support and Stabilisation Mission in Somalia (2025-) (Ethiopia),,8,28,,706,Eastern Africa,Somalia,Bay,Diinsoor,,Diinsoor,2.4074,42.9766,1,REDACTED IN SAMPLE,REDACTED IN SAMPLE,"On 8 March 2026, Al Shabaab clashed with AUSSOM ENDF troops at a base in Diinsoor town (Diinsoor, Bay). There were no casualties. Al Shabaab claimed responsibility.",0,,1774318961
SOM55800,08-March-2026,2026,1,Political violence,Violence against civilians,Attack,Darod-Majeerteen Carab-Saalax Sub-Clan Militia (Somalia),,4,Civilians (Somalia),Darod-Majeerteen-Omar Mahmud-Khalaf Sub-Clan Group (Somalia),7,47,Civilian targeting,706,Eastern Africa,Somalia,Mudug,Galdogob,,Galdogob,7.012,47.06,1,REDACTED IN SAMPLE,REDACTED IN SAMPLE,"On 8 March 2026, Darod-Majeerteen Carab-Saalax sub-clan militia shot and killed a civilian from the Darod-Majeerteen-Omar Mahmud-Khalaf sub-clan group in Galdogob town (Galdogob, Mudug). The motive was due to clan revenge.",1,,1774318961
SOM55803,08-March-2026,2026,1,Political violence,Explosions/Remote violence,Air/drone strike,Unidentified Military Forces,Military Forces of Somalia (2022-) National Intelligence and Security Agency,8,Al Shabaab,,2,28,,706,Eastern Africa,Somalia,Lower Shabelle,Baraawe,,Haawaay,1.1685,43.7143,1,REDACTED IN SAMPLE,REDACTED IN SAMPLE,"On 8 March 2026, international forces (described as allied forces, coded as Unidentified Military Forces), in coordination with government security forces (NISA), conducted an airstrike targeting Al Shabaab's explosive-device production base in Haawaay village (Baraawe, Lower Shabelle). An unknown number of militants were killed and wounded. Unspecified number of fatalities coded as 3.",3,,1774318961
SOM55804,08-March-2026,2026,1,Political violence,Explosions/Remote violence,Air/drone strike,Unidentified Military Forces,Military Forces of Somalia (2022-) National Intelligence and Security Agency,8,Al Shabaab,,2,28,,706,Eastern Africa,Somalia,Middle Juba,Jilib,,Haramka,0.6285,43.1746,1,REDACTED IN SAMPLE,REDACTED IN SAMPLE,"On 8 March 2026, international forces (described as allied forces, coded as Unidentified Military Forces), in coordination with government security forces (NISA), conducted an airstrike targeting Al Shabaab in Haramka village (Jilib, Middle Juba). An unknown number of militants were killed and wounded. Unspecified number of fatalities coded as 3.",3,,1774318961
SOM55807,08-March-2026,2026,1,Political violence,Battles,Armed clash,Darod-Majeerteen Carab-Saalax Sub-Clan Militia (Somalia),,4,Darod-Majeerteen-Omar Mahmud-Khalaf Sub-Clan Militia (Somalia),,4,44,,706,Eastern Africa,Somalia,Mudug,Galdogob,,Kalabeyr,7.1383,47.1534,1,REDACTED IN SAMPLE,REDACTED IN SAMPLE,"On 8 March 2026, Darod-Majeerteen Carab-Saalax sub-clan militia and Darod-Majeerteen-Omar Mahmud-Khalaf sub-clan militia clashed in Kalabeyr village (Galdogob, Mudug). The motive was due to clan revenge. 2 people were killed and 7 others were injured.",2,,1774318961
SOM55809,08-March-2026,2026,1,Political violence,Explosions/Remote violence,Air/drone strike,Unidentified Military Forces,Military Forces of Somalia (2022-) National Intelligence and Security Agency,8,Al Shabaab,,2,28,,706,Eastern Africa,Somalia,Lower Shabelle,Kurtunwaarey,,Kurtunwaarey,1.6104,44.3329,1,REDACTED IN SAMPLE,REDACTED IN SAMPLE,"On 8 March 2026, international forces (described as allied forces, coded as Unidentified Military Forces), in coordination with government security forces (NISA), conducted an airstrike targeting Al Shabaab in Kurtunwaarey town (Kurtunwaarey, Lower Shabelle). An unknown number of militants were killed and wounded. Unspecified number of fatalities coded as 3.",3,,1774318961
SOM55810,08-March-2026,2026,1,Political violence,Battles,Armed clash,Al Shabaab,,2,Military Forces of Somalia (2022-),,1,12,,706,Eastern Africa,Somalia,Gedo,Luuq,,Luuq,3.8,42.5446,1,REDACTED IN SAMPLE,REDACTED IN SAMPLE,"On 8 March 2026, Al Shabaab clashed with government security forces (SNA) at a the entrance checkpoint in Luuq town (Luuq, Gedo). There were no casualties.",0,,1774318961
SOM55815,08-March-2026,2026,1,Political violence,Violence against civilians,Attack,Al Shabaab,,2,Civilians (Somalia),Military Forces of Somalia (2022-),7,27,Civilian targeting,706,Eastern Africa,Somalia,Middle Juba,Saakow,,Saakow,1.6394,42.4522,1,REDACTED IN SAMPLE,REDACTED IN SAMPLE,"On 8 March 2026, Al Shabaab shot and killed 5 civilians at a public square in Saakow town (Saakow, Middle Juba) after accusing them of spying for government security forces (SNA). Al Shabaab claimed responsibility.",5,,1774318961
SOM55816,08-March-2026,2026,1,Political violence,Explosions/Remote violence,Air/drone strike,Unidentified Military Forces,Military Forces of Somalia (2022-) National Intelligence and Security Agency,8,Al Shabaab,,2,28,,706,Eastern Africa,Somalia,Lower Shabelle,Sablaale,,Sablaale,1.2495,43.8045,1,REDACTED IN SAMPLE,REDACTED IN SAMPLE,"On 8 March 2026, international forces (described as allied forces, coded as Unidentified Military Forces), in coordination with government security forces (NISA), conducted an airstrike targeting a vehicle believed to be carrying senior Al Shabaab in Sablaale town (Sablaale, Lower Shabelle). 5 senior militants and an unspecified number of fighters were killed (unspecified fatalities coded as 3). Fatalities coded as 8 (5 senior militants + 3 unspecified number of fighters).",8,,1774318961
SOM55829,08-March-2026,2026,1,Political violence,Explosions/Remote violence,Air/drone strike,Military Forces of the United States (2025-),,8,Islamic State Somalia Province,,2,28,,706,Eastern Africa,Somalia,Bari,Bossaso,,Balade,11.2761,49.164,1,REDACTED IN SAMPLE,REDACTED IN SAMPLE,"On 8 March 2026, US forces conducted airstrikes targeting the Islamic State Somalia Province position in Tooga Balade (Bossaso, Bari). There were no casualties.",0,,1774318961
SOM55845,08-March-2026,2026,1,Political violence,Explosions/Remote violence,Air/drone strike,Unidentified Military Forces,Military Forces of Somalia (2022-) National Intelligence and Security Agency,8,Al Shabaab,,2,28,,706,Eastern Africa,Somalia,Bay,Buur Hakaba,,Buulo Fulaay,2.1106,43.5233,1,REDACTED IN SAMPLE,REDACTED IN SAMPLE,"On 8 March 2026, international forces (coded as unidentified military forces) and government security forces (NISA) launched an airstrike against Al Shabaab in Buulo Fulaay village (Buur Hakaba, Bay). An unknown number of militants were killed and wounded. Unspecified number of fatalities coded as 3.",3,,1774318961
SOM55849,08-March-2026,2026,1,Political violence,Explosions/Remote violence,Air/drone strike,Military Forces of the United States (2025-),,8,Islamic State Somalia Province,,2,28,,706,Eastern Africa,Somalia,Bari,Qandala,,Buuraha Cali Miskat,10.8548,49.7434,1,REDACTED IN SAMPLE,REDACTED IN SAMPLE,"On 8 March 2026, US forces launched an airstrike targeting Islamic State Somalia Province in the Maragade area in Buuraha Cali Miskat (Qandala, Bari). Casualties unknown.",0,,1776191110
SOM55857,08-March-2026,2026,1,Political violence,Battles,Armed clash,Islamic State Somalia Province,,2,Military Forces of Somalia (2022-) Puntland Dervish Force,,1,12,,706,Eastern Africa,Somalia,Bari,Qandala,,Dhaadaar,11.128,49.8755,2,REDACTED IN SAMPLE,REDACTED IN SAMPLE,"On 8 March 2026, Islamic State Somalia Province ambushed Puntland dervish forces between Dasaan village and Dhaadaar village (Qandala, Bari). Soldiers were injured. Extent of injuries unknown.",0,,1774318961
SOM55859,08-March-2026,2026,1,Political violence,Battles,Armed clash,Al Shabaab,,2,Military Forces of Somalia (2022-),,1,12,,706,Eastern Africa,Somalia,Bay,Diinsoor,,Diinsoor,2.4074,42.9766,1,REDACTED IN SAMPLE,REDACTED IN SAMPLE,"On 8 March 2026, Al Shabaab clashed with government security forces (SNA) at a base in Diinsoor town (Diinsoor, Bay). There were no casualties.",0,,1774318961
SOM55862,08-March-2026,2026,1,Political violence,Battles,Armed clash,Darod-Majeerteen-Arab-Salah Sub-Clan Militia (Somalia),,4,Darod-Majeerteen-Omar Mahmud-Khalaf Sub-Clan Militia (Somalia),,4,44,,706,Eastern Africa,Somalia,Mudug,Galdogob,,Galdogob,7.012,47.06,1,REDACTED IN SAMPLE,REDACTED IN SAMPLE,"On 8 March 2026, Darod-Majeerteen-Arab-Salah clashed with Darod-Majeerteen-Omar Mahmud-Khalaf Sub-Clan Militia in the vicinity of Galdogob town (Galdogob, Mudug) over a revenge and land dispute. 3 were injured.",0,,1774318961
SOM55874,08-March-2026,2026,1,Political violence,Battles,Armed clash,Military Forces of Somalia (2022-) Jubaland Security Force,,1,Al Shabaab,,2,12,,706,Eastern Africa,Somalia,Lower Juba,Jamaame,,Kamsuuma,0.2494,42.7751,2,REDACTED IN SAMPLE,REDACTED IN SAMPLE,"On 8 March 2026, Jubaland security forces clashed with Al Shabaab in Musa Haji village near Kamsuuma village (Jamaame, Lower Juba). There were no casualties.",0,,1774318961
SOM55875,08-March-2026,2026,1,Political violence,Battles,Armed clash,Military Forces of Somalia (2022-) Jubaland Security Force,,1,Al Shabaab,,2,12,,706,Eastern Africa,Somalia,Lower Juba,Jamaame,,Kobon,0.0356,42.7091,1,REDACTED IN SAMPLE,REDACTED IN SAMPLE,"On 8 March 2026, Jubaland security forces clashed with Al Shabaab in Kobon village (Jamaame, Lower Juba). There were no casualties.",0,,1774318961
SOM55881,08-March-2026,2026,1,Political violence,Battles,Armed clash,Military Forces of Somalia (2022-) Jubaland Security Force,,1,Al Shabaab,,2,12,,706,Eastern Africa,Somalia,Lower Juba,Jamaame,,Malayle,-0.0016,42.6609,1,REDACTED IN SAMPLE,REDACTED IN SAMPLE,"On 8 March 2026, Jubaland security forces clashed with Al Shabaab in Malayle village (Jamaame, Lower Juba). There were no casualties.",0,,1774318961
SOM55891,08-March-2026,2026,1,Strategic developments,Strategic developments,Change to group/activity,Islamic State Somalia Province,,2,,,0,20,,706,Eastern Africa,Somalia,Bari,Qandala,,Qandala,11.471,49.8726,1,REDACTED IN SAMPLE,REDACTED IN SAMPLE,"Movement of forces: On 8 March 2026, Islamic State Somalia Province was seen in the Welisoor area in Qandala town (Qandala, Bari). Around 80 members were traveling.",0,,1774318961
SOM55901,08-March-2026,2026,1,Strategic developments,Strategic developments,Change to group/activity,Islamic State Somalia Province,,2,,,0,20,,706,Eastern Africa,Somalia,Bari,Qandala,,Turmasaale,10.9306,50.2293,1,REDACTED IN SAMPLE,REDACTED IN SAMPLE,"Movement of forces: On 8 March 2026, Islamic State Somalia Province arrived in Turmasaale village (Qandala, Bari).",0,,1774318961
SOM55903,08-March-2026,2026,1,Political violence,Explosions/Remote violence,Air/drone strike,Unidentified Military Forces,Military Forces of Somalia (2022-) National Intelligence and Security Agency,8,Al Shabaab,,2,28,,706,Eastern Africa,Somalia,Lower Shabelle,Qoryooley,,Ugunji,1.8734,44.7208,1,REDACTED IN SAMPLE,REDACTED IN SAMPLE,"On 8 March 2026, international forces (coded as unidentified military forces) and government security forces (NISA) launched an airstrike against Al Shabaab in Ugunji village (Qoryooley, Lower Shabelle). An unknown number of militants were killed and wounded. Unspecified number of fatalities coded as 3.",3,,1774318961
SOM55906,08-March-2026,2026,1,Political violence,Battles,Armed clash,Darod-Warsangeli-Nuux Cumar Sub-Clan Militia (Somalia),,4,Military Forces of Somaliland (2024-),,1,14,,706,Eastern Africa,Somalia,Sanaag,Ceerigaabo,,Waqdariya,11.1179,47.7935,2,REDACTED IN SAMPLE,REDACTED IN SAMPLE,"On 8 March 2026, Darod Warsangeli Nuuh Cumar clan militia clashed with the Somaliland security forces at a checkpoint near Waqdariya village (Ceerigaabo, Sanaag). There were no casualties.",0,,1774318961
SOM55916,08-March-2026,2026,1,Political violence,Explosions/Remote violence,Air/drone strike,Military Forces of the United States (2025-),,8,Islamic State Somalia Province,,2,28,,706,Eastern Africa,Somalia,Bari,Qandala,,Buuraha Cali Miskat,10.8548,49.7434,2,REDACTED IN SAMPLE,REDACTED IN SAMPLE,"On 8 March 2026, US forces conducted airstrikes targeting Islamic State Somalia Province position in the vicinity of the Golis Mountains, approximately 70 km southeast of Bossaso, near Buuraha Cali Miskat (Qandala, Bari). Casualties unknown.",0,,1776191110
SOM56268,08-March-2026,2026,1,Political violence,Violence against civilians,Attack,Al Shabaab,,2,Civilians (Somalia),Pastoralists (Somalia),7,27,Civilian targeting,706,Eastern Africa,Somalia,Middle Juba,Saakow,,Dudundher,1.3178,41.4609,1,REDACTED IN SAMPLE,REDACTED IN SAMPLE,"On 8 March 2026, Al Shabaab assaulted a pastoralist in Dudundher village (Saakow, Middle Juba) for not fasting. Extent of injuries unknown.",0,,1776191110
SOM55812,09-March-2026,2026,1,Demonstrations,Protests,Peaceful protest,Protesters (Somalia),,6,,,0,60,,706,Eastern Africa,Somalia,Banadir,Banadir,,Mogadishu - Karan,2.0652,45.39,1,REDACTED IN SAMPLE,REDACTED IN SAMPLE,"On 9 March 2026, local residents protested at the Laba Boqol and Sodonleyda in Mogadishu - Karan (Banadir), demanding better roads from the local administration.",0,crowd size=no report,1774318961
SOM55825,09-March-2026,2026,1,Political violence,Explosions/Remote violence,Remote explosive/landmine/IED,Al Shabaab,,2,,,0,20,,706,Eastern Africa,Somalia,Bay,Baydhaba,,Baidoa,3.1172,43.6469,1,REDACTED IN SAMPLE,REDACTED IN SAMPLE,"On 9 March 2026, an IED planted by Al Shabaab exploded, targeting a national Identification and registration authority (NIRA) facility in the Hawlwadag neighborhood of Baidoa town (Baydhaba, Bay). The explosion caused some damage to the facility. There were no casualties.",0,,1774318961
SOM55830,09-March-2026,2026,1,Political violence,Explosions/Remote violence,Air/drone strike,Military Forces of the United States (2025-),,8,Islamic State Somalia Province,,2,28,,706,Eastern Africa,Somalia,Bari,Bossaso,,Balade,11.2761,49.164,1,REDACTED IN SAMPLE,REDACTED IN SAMPLE,"On 9 March 2026, US forces conducted airstrikes targeting the Islamic State Somalia Province position in Tooga Balade (Bossaso, Bari). There were no casualties.",0,,1774318961
SOM55832,09-March-2026,2026,1,Strategic developments,Strategic developments,Change to group/activity,Al Shabaab,,2,,,0,20,,706,Eastern Africa,Somalia,Middle Shabelle,Balcad,,Balcad,2.3468,45.3902,1,REDACTED IN SAMPLE,REDACTED IN SAMPLE,"Movement of forces: Movement of forces: On 9 March 2026, Al Shabaab arrived in the Madobe area in Balcad town (Balcad, Middle Shabelle).",0,,1774318961
SOM55840,09-March-2026,2026,1,Political violence,Battles,Armed clash,Hawiye-Hawadle Sub-Clan Militia (Somalia),,4,Al Shabaab,,2,24,,706,Eastern Africa,Somalia,Hiraan,Bulo Burto,,Bulo Burto,3.8519,45.5651,2,REDACTED IN SAMPLE,REDACTED IN SAMPLE,"On 9 March 2026, Hawiye Hawadle clan militia clashed with Al Shabaab near Bulo Burto town (Bulo Burto, Hiraan). There were no casualties.",0,,1774318961
SOM55842,09-March-2026,2026,1,Political violence,Battles,Armed clash,Al Shabaab,,2,Military Forces of Somalia (2022-),,1,12,,706,Eastern Africa,Somalia,Bay,Baydhaba,,Burjeedka,3.0246,43.5948,1,REDACTED IN SAMPLE,REDACTED IN SAMPLE,"On 9 March 2026, Al Shabaab clashed with government security forces (SNA) at a position in Burjeedka village (Baydhaba, Bay). The assault began with RPG rounds. There were no casualties.",0,,1774318961
SOM55853,09-March-2026,2026,1,Political violence,Violence against civilians,Abduction/forced disappearance,Al Shabaab,,2,Civilians (Somalia),Military Forces of Somalia (2022-); Military Forces of Somalia (2022-) Hirshabelle Security Force; Military Forces of Somalia (2022-) Special Forces; Taxi Drivers (Somalia),7,27,Civilian targeting,706,Eastern Africa,Somalia,Middle Shabelle,Balcad,,Ceel Geelow,2.5159,45.3622,1,REDACTED IN SAMPLE,REDACTED IN SAMPLE,"On 9 March 2026, Al Shabaab abducted four individuals travelling in a civilian vehicle in Ceel Geelow village (Balcad, Middle Shabelle). The abductees were a Danab soldier, national guard personnel, a Hirshabelle Darawish police officer, and a driver working for the Hirshabelle Minister of Finance. They were taken toward the Yaaqle area of Xawaadley District.",0,,1774318961
SOM55861,09-March-2026,2026,1,Political violence,Explosions/Remote violence,Air/drone strike,Unidentified Military Forces,Military Forces of Somalia (2022-),8,Al Shabaab,,2,28,,706,Eastern Africa,Somalia,Mudug,Xarardheere,,Dumaaye,4.8773,47.6159,1,REDACTED IN SAMPLE,REDACTED IN SAMPLE,"On 9 March 2026, international forces (coded as Unidentified Military Forces), in coordination with government security forces (SNA), conducted an airstrike targeting an Al Shabaab training facility of Sheikh Ali Raage in Dumaaye village (Xarardheere, Mudug). The strike hit vehicles carrying explosive devices, gathering positions, and other hideouts. More than 100 fighters were killed.",100,,1774318961
SOM55867,09-March-2026,2026,1,Political violence,Explosions/Remote violence,Shelling/artillery/missile attack,Al Shabaab,,2,Military Forces of Somalia (2022-),,1,12,,706,Eastern Africa,Somalia,Hiraan,Bulo Burto,,Halgan,4.2117,45.5625,1,REDACTED IN SAMPLE,REDACTED IN SAMPLE,"On 9 March 2026, 200 Al Shabaab fired shells targeting government security forces (SNA) at bases in Halgan village (Bulo Burto, Hiraan). There were no casualties.",0,,1774318961
SOM55868,09-March-2026,2026,1,Strategic developments,Strategic developments,Other,Police Forces of Somaliland (2024-),,1,,,0,10,,706,Eastern Africa,Somalia,Woqooyi Galbeed,Hargeysa,,Hargeysa,9.5598,44.0668,1,REDACTED IN SAMPLE,REDACTED IN SAMPLE,"Other: On 9 March 2026, Somaliland police forces took additional security measures in major markets in Hargeysa town (Hargeysa, Woqooyi Galbeed) and across the country in preparation for Eid al-Fitr. The operations were intended to prevent theft and street robbery.",0,,1774318961
SOM55888,09-March-2026,2026,1,Political violence,Battles,Armed clash,Al Shabaab,,2,Military Forces of Somalia (2022-),,1,12,,706,Eastern Africa,Somalia,Banadir,Banadir,,Mogadishu - Wadajir,2.0462,45.3341,1,REDACTED IN SAMPLE,REDACTED IN SAMPLE,"On 9 March 2026, Al Shabaab shot and injured a government soldier (SNA) (assumed on duty) in Mogadishu - Wadajir (Banadir). The soldier had been assigned to the Turkish military facility.",0,,1774318961
SOM55895,09-March-2026,2026,1,Political violence,Violence against civilians,Attack,Al Shabaab,,2,Civilians (Somalia),Al Shabaab,7,27,Civilian targeting,706,Eastern Africa,Somalia,Middle Juba,Saakow,,Saakow,1.6394,42.4522,1,REDACTED IN SAMPLE,REDACTED IN SAMPLE,"On 9 March 2026, Al Shabaab shot and killed 5 men in Saakow town (Saakow, Middle Juba). The five men were members of the group and accused of acting as informants for government forces. The executions were carried out in a public square.",5,,1774318961
SOM55898,09-March-2026,2026,1,Political violence,Explosions/Remote violence,Air/drone strike,Unidentified Military Forces,,8,Al Shabaab,,2,28,,706,Eastern Africa,Somalia,Middle Shabelle,Cadale,,Sumadaale,2.9194,46.0998,1,REDACTED IN SAMPLE,REDACTED IN SAMPLE,"On 9 March 2026, international forces (coded as Unidentified Military Forces) launched an airstrike against Al Shabaab in Sumadaale village (Cadale, Middle Shabelle). An unknown number of militants were killed and wounded. Unspecified number of fatalities coded as 3.",3,,1774318961
SOM55899,09-March-2026,2026,1,Political violence,Battles,Armed clash,Macawiisley Militia (Somalia),,3,Al Shabaab,,2,23,,706,Eastern Africa,Somalia,Hiraan,Jalalaqsi,,Tarda,3.5676,45.9656,2,REDACTED IN SAMPLE,REDACTED IN SAMPLE,"On 9 March 2026, Macawisley militia ambushed Al Shabaab at a water tanker near Tarda village (Jalalaqsi, Hiraan). 2 Al Shabaab were killed.",2,,1774318961
SOM55908,09-March-2026,2026,1,Political violence,Battles,Armed clash,Hawiye-Habar Gedir Sub-Clan Militia (Somalia),,4,Al Shabaab,,2,24,,706,Eastern Africa,Somalia,Mudug,Xarardheere,,Xarardheere,4.6517,47.8584,2,REDACTED IN SAMPLE,REDACTED IN SAMPLE,"On 9 March 2026, Hawiye Habar Gedir clan militia clashed with Al Shabaab at the Bacaad Farax Adan village near Xarardheere town (Xarardheere, Mudug). Casualties unknown.",0,,1774318961
SOM55821,10-March-2026,2026,1,Political violence,Violence against civilians,Attack,Al Shabaab,,2,Civilians (Somalia),Former Military Forces of Somalia (2022-),7,27,Civilian targeting,706,Eastern Africa,Somalia,Gedo,Doolow,,Geedweyne,4.0304,42.294,1,REDACTED IN SAMPLE,REDACTED IN SAMPLE,"On 10 March 2026, suspected Al Shabaab shot and killed a civilian at his home in Geedweyne village (Doolow, Gedo). The victim was a former Jubbaland soldier.",1,,1774318961
SOM55831,10-March-2026,2026,1,Political violence,Explosions/Remote violence,Air/drone strike,Military Forces of the United States (2025-),,8,Islamic State Somalia Province,,2,28,,706,Eastern Africa,Somalia,Bari,Bossaso,,Balade,11.2761,49.164,1,REDACTED IN SAMPLE,REDACTED IN SAMPLE,"On 10 March 2026, US forces conducted airstrikes targeting the Islamic State Somalia Province position in Tooga Balade (Bossaso, Bari). There were no casualties.",0,,1774318961
SOM55841,10-March-2026,2026,1,Political violence,Violence against civilians,Attack,Al Shabaab,,2,Civilians (Somalia),Government of Somalia (2022-),7,27,Civilian targeting,706,Eastern Africa,Somalia,Lower Shabelle,Marka,,Bulo Mareer,1.6298,44.5196,1,REDACTED IN SAMPLE,REDACTED IN SAMPLE,"On 10 March 2026, Al Shabab shot and killed the deputy commissioner of Kurtunwaarey district as he was exiting a mosque in Bulo Mareer town (Marka, Lower Shabelle). The victim was also the head of the finance section for the District. Al Shabaab claimed responsibility.",1,local administrators,1774318961
SOM55852,10-March-2026,2026,1,Strategic developments,Strategic developments,Change to group/activity,Unidentified Armed Group (Somalia),,3,,,0,30,,706,Eastern Africa,Somalia,Bay,Buur Hakaba,,Buurhakaba,3.1709,44.5882,1,REDACTED IN SAMPLE,REDACTED IN SAMPLE,"Movement of forces: On 10 March 2026, an unidentified armed group supported by the opposition was seen moving in Buurhakaba town (Buur Hakaba, Bay). The local administration of the town gave the armed group weapons. They opposed the current administration of the South West state based in Baidoa town.",0,,1774318961
SOM55855,10-March-2026,2026,1,Political violence,Violence against civilians,Attack,Isaaq-Habar Jeclo Sub-Clan Militia (Somalia),,4,Civilians (Somalia),Unidentified Clan Group (Somalia),7,47,Civilian targeting,706,Eastern Africa,Somalia,Sanaag,Ceerigaabo,,Xaysimo,10.7728,47.0031,1,REDACTED IN SAMPLE,REDACTED IN SAMPLE,"On 10 March 2026, Isaaq Habar Jeclo clan militia attacked a vehicle in Xaysimo village (Ceerigaabo, Sanaag). The vehicle belonged to an unspecified rival clan. Casualties unknown.",0,,1774318961
SOM55865,10-March-2026,2026,1,Strategic developments,Strategic developments,Change to group/activity,Al Shabaab,,2,,,0,20,,706,Eastern Africa,Somalia,Hiraan,Belet Weyne,,Goobo,4.499,46.0564,1,REDACTED IN SAMPLE,REDACTED IN SAMPLE,"Movement of forces: On 10 March 2026, Al Shabaab were seen mobilizing in Goobo village (Belet Weyne, Hiraan).",0,,1774318961
SOM55869,10-March-2026,2026,1,Political violence,Explosions/Remote violence,Shelling/artillery/missile attack,Al Shabaab,,2,Military Forces of Somalia (2022-),,1,12,,706,Eastern Africa,Somalia,Middle Shabelle,Balcad,,Hiilweyne,2.2888,45.3871,1,REDACTED IN SAMPLE,REDACTED IN SAMPLE,"On 10 March 2026, Al Shabaab conducted a mortar attack targeting government security forces (SNA) at a base in Hiilweyne village (Balcad, Middle Shabelle). Al Shabaab claimed to have killed 8 soldiers and injured 7.",8,,1774318961
SOM55877,10-March-2026,2026,1,Political violence,Battles,Armed clash,Military Forces of Somalia (2022-) Jubaland Security Force,Military Forces of Somalia (2022-) Jubaland Intelligence and Security Agency,1,Al Shabaab,,2,12,,706,Eastern Africa,Somalia,Lower Juba,Badhaadhe,,Kudhaa,-1.0351,41.9748,1,REDACTED IN SAMPLE,REDACTED IN SAMPLE,"On 10 March 2026, Jubaland security forces and intelligence clashed with Al Shabaab in Kudhaa village (Badhaadhe, Lower Juba). The forces seized weapons and military equipment belonging to Al Shabab. An unknown number of militants were killed and wounded. Unspecified number of fatalities coded as 3.",3,,1774318961
SOM55878,10-March-2026,2026,1,Political violence,Violence against civilians,Attack,Darod-Dhulbahante Sub-Clan Militia (Somalia),,4,Civilians (Somalia),Taxi Drivers (Somalia),7,47,Civilian targeting,706,Eastern Africa,Somalia,Sool,Laas Caanood,,Laascaanood,8.4774,47.3597,1,REDACTED IN SAMPLE,REDACTED IN SAMPLE,"On 10 March 2026, Darod-Dhulbahante sub-clan militia attacked a Khat-transporting vehicle in Laascaanood town (Laas Caanood, Sool). There were no casualties.",0,,1774318961
SOM55879,10-March-2026,2026,1,Demonstrations,Protests,Peaceful protest,Protesters (Somalia),Dir-Samaroon Sub-Clan Group (Somalia),6,,,0,60,,706,Eastern Africa,Somalia,Awdal,Lughaye,,Lughaye,10.6825,43.9432,1,REDACTED IN SAMPLE,REDACTED IN SAMPLE,"On 10 March 2026, youths and residents from the Dir Samaroon clan protested in Lughaye town (Lughaye, Awdal), rejecting the move of local forces to release a suspect.",0,crowd size=no report,1774318961
SOM55884,10-March-2026,2026,1,Strategic developments,Strategic developments,Change to group/activity,Al Shabaab,,2,,,0,20,,706,Eastern Africa,Somalia,Middle Shabelle,Adan Yabaal,,Miiro,3.6182,46.148,1,REDACTED IN SAMPLE,REDACTED IN SAMPLE,"Movement of forces: On 10 March 2026, over 200 Al Shabaab were seen gathering in Miiro village (Adan Yabaal, Middle Shabelle).",0,,1774318961
SOM55889,10-March-2026,2026,1,Political violence,Battles,Armed clash,Al Shabaab,,2,Military Forces of Somalia (2022-),,1,12,,706,Eastern Africa,Somalia,Banadir,Banadir,,Mogadishu - Wadajir,2.0462,45.3341,1,REDACTED IN SAMPLE,REDACTED IN SAMPLE,"On 10 March 2026, Al Shabaab shot and killed a government soldier (SNA) (assumed on duty) in Mogadishu - Wadajir (Banadir).",1,,1774318961
SOM55896,10-March-2026,2026,1,Demonstrations,Protests,Protest with intervention,Protesters (Somalia),Dir-Samaroon Sub-Clan Group (Somalia),6,Police Forces of Somaliland (2024-),,1,16,,706,Eastern Africa,Somalia,Awdal,Zeylac,,Saylac,11.3539,43.4731,1,REDACTED IN SAMPLE,REDACTED IN SAMPLE,"On 10 March 2026, youths and residents from the Dir Samaroon clan protested in Saylac town (Zeylac, Awdal), rejecting the move of local forces to release a suspect. Somaliland police forces arrested some youths.",0,crowd size=no report,1774318961
SOM55909,10-March-2026,2026,1,Political violence,Battles,Armed clash,Military Forces of Somalia (2022-),,1,Al Shabaab,,2,12,,706,Eastern Africa,Somalia,Middle Shabelle,Balcad,,Xawaadleey,2.5826,45.4894,1,REDACTED IN SAMPLE,REDACTED IN SAMPLE,"On 10 March 2026, government security forces (SNA) clashed with Al Shabaab at a base in Xawaadleey village (Balcad, Middle Shabelle). An unknown number of Al Shabaab were killed and wounded. Unspecified number of fatalities coded as 3.",3,,1774318961
SOM55910,10-March-2026,2026,1,Political violence,Explosions/Remote violence,Air/drone strike,Military Forces of Somalia (2022-),,1,Al Shabaab,,2,12,,706,Eastern Africa,Somalia,Middle Shabelle,Balcad,,Xawaadleey,2.5826,45.4894,2,REDACTED IN SAMPLE,REDACTED IN SAMPLE,"On 10 March 2026, government security forces (SNA) launched an airstrike against an Al Shabaab van near Xawaadleey village (Balcad, Middle Shabelle). Around 14 Al Shabaab were killed.",14,,1774318961
SOM55822,11-March-2026,2026,1,Political violence,Battles,Armed clash,Hawiye-Hawadle Sub-Clan Militia (Somalia),,4,Al Shabaab,,2,24,,706,Eastern Africa,Somalia,Hiraan,Bulo Burto,,Aborey,4.0104,45.6813,2,REDACTED IN SAMPLE,REDACTED IN SAMPLE,"On 11 March 2026, Hawiye Hawadle clan militia ambushed Al Shabaab near Aborey village (Bulo Burto, Hiraan). RPG hit an Al Shabaab member, traveling in a white Toyota minibus, destroying the vehicle. An unknown number of militants were killed and wounded. Unspecified number of fatalities coded as 3, including a mid-rank Al Shabaab commander.",3,,1774318961
SOM55824,11-March-2026,2026,1,Strategic developments,Strategic developments,Headquarters or base established,Al Shabaab,,2,,,0,20,,706,Eastern Africa,Somalia,Lower Juba,Jamaame,,Araara,0.0263,42.6829,2,REDACTED IN SAMPLE,REDACTED IN SAMPLE,"On 11 March 2026, Al Shabaab established defensive positions and excavated underground trenches near Araara village (Jamaame, Lower Juba). The group also deployed ammunition and explosive materials.",0,,1774318961
SOM55826,11-March-2026,2026,1,Political violence,Battles,Armed clash,Unidentified Armed Group (Somalia),,3,Police Forces of Somalia (2022-) Southwest Special Police Forces,,1,13,,706,Eastern Africa,Somalia,Bay,Baydhaba,,Baidoa,3.1172,43.6469,1,REDACTED IN SAMPLE,REDACTED IN SAMPLE,"On 11 March 2026, an unidentified armed group supported by the opposition members clashed with Southwest State Special Police Forces (SWSPF) at a position near the animal market in southeastern Baidoa town (Baydhaba, Bay). Both sides exchanged small arms fire and RPG rounds. A stray RPG round hit a nearby residential area, injuring 2 individuals.",0,,1774318961
SOM55828,11-March-2026,2026,1,Strategic developments,Strategic developments,Change to group/activity,Al Shabaab,,2,,,0,20,,706,Eastern Africa,Somalia,Lower Juba,Jamaame,,Balad Raxman,0.0783,42.7179,1,REDACTED IN SAMPLE,REDACTED IN SAMPLE,"Movement of forces: On 11 March 2026, Al Shabaab were observed in Balad Raxman village (Jamaame, Lower Juba).",0,,1774318961
SOM55833,11-March-2026,2026,1,Political violence,Battles,Armed clash,Military Forces of Somalia (2022-),,1,Al Shabaab,,2,12,,706,Eastern Africa,Somalia,Middle Shabelle,Balcad,,Balcad,2.3468,45.3902,2,REDACTED IN SAMPLE,REDACTED IN SAMPLE,"On 11 March 2026, government security forces (SNA) clashed with Al Shabaab in the Nur-Doob area near Balcad town (Balcad, Middle Shabelle). There were no casualties.",0,,1774318961
SOM55834,11-March-2026,2026,1,Political violence,Battles,Armed clash,Al Shabaab,,2,Military Forces of Somalia (2022-),,1,12,,706,Eastern Africa,Somalia,Gedo,Baardheere,,Bardera,2.3385,42.2843,1,REDACTED IN SAMPLE,REDACTED IN SAMPLE,"On 11 March 2026, Al Shabaab conducted a hit-and-run attack on government security forces (SNA) at a base in Bardera town (Baardheere, Gedo). There were no casualties.",0,,1774318961
SOM55837,11-March-2026,2026,1,Political violence,Violence against civilians,Attack,Unidentified Clan Militia (Somalia),,4,Civilians (Somalia),,7,47,Civilian targeting,706,Eastern Africa,Somalia,Gedo,Belet Xaawo,,Belet Xaawo,3.7807,41.8943,1,REDACTED IN SAMPLE,REDACTED IN SAMPLE,"On 11 March 2026, an unidentified clan militia shot and killed a prominent elder in the Halanlay neighborhood of Belet Xaawo town (Belet Xaawo, Gedo) as he was leaving a mosque after evening prayers.",1,,1774318961
SOM55838,11-March-2026,2026,1,Political violence,Explosions/Remote violence,Grenade,Al Shabaab,,2,Police Forces of Somalia (2022-) Southwest Special Police Forces,,1,12,,706,Eastern Africa,Somalia,Bay,Baydhaba,,Berdaale,3.215,43.1983,1,REDACTED IN SAMPLE,REDACTED IN SAMPLE,"On 11 March 2026, an unidentified man (likely Al Shabaab due to similar attacks) threw a hand grenade at a Southwest Special Police Forces (SWSPF) position in Berdaale town (Baydhaba, Bay). The grenade landed near the security forces. There were no casualties.",0,,1774318961
SOM55846,11-March-2026,2026,1,Political violence,Battles,Armed clash,Military Forces of Somalia (2022-),,1,Al Shabaab,,2,12,,706,Eastern Africa,Somalia,Middle Shabelle,Balcad,,Buulo Kuunto,2.3325,45.3341,1,REDACTED IN SAMPLE,REDACTED IN SAMPLE,"On 11 March 2026, government security forces (SNA) clashed with Al Shabaab in Buulo Kuunto village (Balcad, Middle Shabelle). There were no casualties.",0,,1774318961
SOM55850,11-March-2026,2026,1,Political violence,Explosions/Remote violence,Air/drone strike,Military Forces of the United States (2025-),,8,Islamic State Somalia Province,,2,28,,706,Eastern Africa,Somalia,Bari,Qandala,,Buuraha Cali Miskat,10.8548,49.7434,1,REDACTED IN SAMPLE,REDACTED IN SAMPLE,"On 11 March 2026, US forces launched an airstrike targeting Islamic State Somalia Province in the Maragade area in Buuraha Cali Miskat (Qandala, Bari). Casualties unknown.",0,,1776191110
SOM55854,11-March-2026,2026,1,Political violence,Battles,Armed clash,Al Shabaab,,2,Military Forces of Somalia (2022-),,1,12,,706,Eastern Africa,Somalia,Lower Shabelle,Marka,,Ceel Waregow,1.8087,44.7994,1,REDACTED IN SAMPLE,REDACTED IN SAMPLE,"On 11 March 2026, Al Shabaab clashed with government security forces (SNA) in Ceel Waregow village (Marka, Lower Shabelle). There were no casualties.",0,,1774318961
SOM55856,11-March-2026,2026,1,Political violence,Battles,Armed clash,Police Forces of Somalia (2022-) Southwest Special Police Forces,,1,Unidentified Armed Group (Somalia),,3,13,,706,Eastern Africa,Somalia,Bay,Baydhaba,,Daynuunay,3.0399,43.7969,2,REDACTED IN SAMPLE,REDACTED IN SAMPLE,"On 11 March 2026, Southwest State Special Police Forces (SWSPF) clashed with an unidentified armed group supported by the opposition members near Daynuunay village (Baydhaba, Bay). An unknown number of people were killed and wounded. Unspecified number of fatalities coded as 3.",3,,1774318961
SOM55858,11-March-2026,2026,1,Political violence,Battles,Armed clash,Military Forces of Somalia (2022-),,1,Al Shabaab,,2,12,,706,Eastern Africa,Somalia,Lower Shabelle,Marka,,Dhanaane,1.8739,45.0276,1,REDACTED IN SAMPLE,REDACTED IN SAMPLE,"On 11 March 2026, government security forces (SNA) clashed with Al Shabaab in the vicinity of Dhanaane village (Marka, Lower Shabelle). There were no casualties.",0,,1774318961
SOM55870,11-March-2026,2026,1,Political violence,Explosions/Remote violence,Shelling/artillery/missile attack,Al Shabaab,,2,Military Forces of Somalia (2022-),,1,12,,706,Eastern Africa,Somalia,Middle Shabelle,Balcad,,Hiilweyne,2.2888,45.3871,1,REDACTED IN SAMPLE,REDACTED IN SAMPLE,"On 11 March 2026, Al Shabaab conducted a mortar attack targeting government security forces (SNA) at a base in Hiilweyne village (Balcad, Middle Shabelle). There were no casualties.",0,,1774318961
SOM55873,11-March-2026,2026,1,Political violence,Battles,Armed clash,Military Forces of Somalia (2022-),,1,Al Shabaab,,2,12,,706,Eastern Africa,Somalia,Lower Shabelle,Marka,,Janaale,1.8,44.7,1,REDACTED IN SAMPLE,REDACTED IN SAMPLE,"On 11 March 2026, government security forces (SNA) clashed with Al Shabaab in the vicinity of Janaale town (Marka, Lower Shabelle). There were no casualties.",0,,1774318961
SOM55876,11-March-2026,2026,1,Strategic developments,Strategic developments,Change to group/activity,Al Shabaab,,2,,,0,20,,706,Eastern Africa,Somalia,Lower Juba,Jamaame,,Kobon,0.0356,42.7091,1,REDACTED IN SAMPLE,REDACTED IN SAMPLE,"Movement of forces: On 11 March 2026, Al Shabaab were observed in Kobon village (Jamaame, Lower Juba).",0,,1774318961
SOM55886,11-March-2026,2026,1,Demonstrations,Protests,Peaceful protest,Protesters (Somalia),Taxi Drivers (Somalia),6,,,0,60,,706,Eastern Africa,Somalia,Banadir,Banadir,,Mogadishu - Hodan,2.0376,45.3058,1,REDACTED IN SAMPLE,REDACTED IN SAMPLE,"On 11 March 2026, a group of motorcycle drivers protested in Mogadishu - Hodan (Banadir). They blocked the Hodan-Taleh junction (means unspecified), disrupting vehicular movement. The protest was organized in response to escalating fuel prices in Mogadishu.",0,crowd size=no report,1774318961
SOM55890,11-March-2026,2026,1,Political violence,Battles,Armed clash,Military Forces of Somalia (2022-),,1,Al Shabaab,,2,12,,706,Eastern Africa,Somalia,Middle Shabelle,Balcad,,Muuryaale,2.2697,45.3353,1,REDACTED IN SAMPLE,REDACTED IN SAMPLE,"On 11 March 2026, government security forces (SNA) clashed with Al Shabaab in Muuryaale village (Balcad, Middle Shabelle). There were no casualties.",0,,1774318961
SOM55897,11-March-2026,2026,1,Demonstrations,Protests,Peaceful protest,Protesters (Somalia),Dir-Samaroon Sub-Clan Group (Somalia),6,,,0,60,,706,Eastern Africa,Somalia,Awdal,Zeylac,,Saylac,11.3539,43.4731,1,REDACTED IN SAMPLE,REDACTED IN SAMPLE,"On 11 March 2026, youths and residents from the Dir Samaroon clan protested in Saylac town (Zeylac, Awdal), rejecting the move of local forces to release a suspect.",0,crowd size=no report,1774318961
SOM55904,11-March-2026,2026,1,Political violence,Battles,Armed clash,Military Forces of Somalia (2022-),,1,Al Shabaab,,2,12,,706,Eastern Africa,Somalia,Middle Shabelle,Balcad,,Walamay,2.3422,45.3336,1,REDACTED IN SAMPLE,REDACTED IN SAMPLE,"On 11 March 2026, government security forces (SNA) clashed with Al Shabaab in Walamay village (Balcad, Middle Shabelle). There were no casualties.",0,,1774318961
SOM55907,11-March-2026,2026,1,Political violence,Battles,Armed clash,Military Forces of Somalia (2022-),,1,Military Forces of Somalia (2022-),,1,11,,706,Eastern Africa,Somalia,Middle Shabelle,Balcad,,Bashaqle,2.4798,46.0417,1,REDACTED IN SAMPLE,REDACTED IN SAMPLE,"On 11 March 2026, two government security forces (SNA) clashed in Bashaqle village (Balcad, Middle Shabelle). The clash was linked to a dispute over local administration. At least 5 people were killed, including a brother of an MP in the federal parliament.",5,,1774318961
SOM55911,11-March-2026,2026,1,Political violence,Battles,Government regains territory,Military Forces of Somalia (2022-) Special Forces,,1,Al Shabaab,,2,12,,706,Eastern Africa,Somalia,Middle Shabelle,Balcad,,Xawaadleey,2.5826,45.4894,1,REDACTED IN SAMPLE,REDACTED IN SAMPLE,"On 11 March 2026, government security forces (Danab) clashed with Al Shabaab in Xawaadleey village (Balcad, Middle Shabelle). The forces took control of the village and withdrew it. Al Shabaab claimed to have killed 10 soldiers and injured 7 others.",10,,1774318961
SOM55940,11-March-2026,2026,1,Political violence,Explosions/Remote violence,Air/drone strike,Military Forces of the United States (2025-),,8,Al Shabaab,,2,28,,706,Eastern Africa,Somalia,Middle Shabelle,Balcad,,Xawaadleey,2.5826,45.4894,1,REDACTED IN SAMPLE,REDACTED IN SAMPLE,"On 11 March 2026, US forces conducted airstrikes targeting Al Shabaab positions in the vicinity of Xawaadleey town (Balcad, Middle Shabelle). Casualties unknown.",0,,1774318961
SOM55823,12-March-2026,2026,1,Political violence,Battles,Armed clash,Hawiye-Hawadle Sub-Clan Militia (Somalia),,4,Al Shabaab,,2,24,,706,Eastern Africa,Somalia,Hiraan,Bulo Burto,,Aborey,4.0104,45.6813,1,REDACTED IN SAMPLE,REDACTED IN SAMPLE,"On 12 March 2026, Hawiye Hawadle clan militia clashed with Al Shabaab in the vicinity of Aborey village (Bulo Burto, Hiraan). There were no casualties.",0,,1774318961
SOM55827,12-March-2026,2026,1,Political violence,Explosions/Remote violence,Remote explosive/landmine/IED,Al Shabaab,,2,Police Forces of Somalia (2022-) Southwest Special Police Forces,,1,12,,706,Eastern Africa,Somalia,Bay,Baydhaba,,Baidoa,3.1172,43.6469,1,REDACTED IN SAMPLE,REDACTED IN SAMPLE,"On 12 March 2026, an IED planted by Al Shabaab exploded, targeting Southwest Special Police Forces (SWSPF) in Baidoa town (Baydhaba, Bay). An unknown number of people were killed and wounded. An unspecified number of fatalities coded as 3. Al Shabaab claimed responsibility.",3,,1774318961
SOM55835,12-March-2026,2026,1,Political violence,Battles,Armed clash,Al Shabaab,,2,AUSSOM: Africa Union Support and Stabilisation Mission in Somalia (2025-) (Ethiopia),,8,28,,706,Eastern Africa,Somalia,Gedo,Baardheere,,Bardera,2.3385,42.2843,1,REDACTED IN SAMPLE,REDACTED IN SAMPLE,"On 12 March 2026, Al Shabaab clashed with AUSSOM ENDF at a base near the airport in Bardera town (Baardheere, Gedo). Casualties unknown. Al Shabaab claimed responsibility.",0,,1774318961
SOM55836,12-March-2026,2026,1,Political violence,Battles,Armed clash,Al Shabaab,,2,Military Forces of Somalia (2022-),,1,12,,706,Eastern Africa,Somalia,Gedo,Baardheere,,Bardera,2.3385,42.2843,1,REDACTED IN SAMPLE,REDACTED IN SAMPLE,"On 12 March 2026, Al Shabaab clashed with government security forces (SNA) at a base in Xero Baraxow area in Bardera town (Baardheere, Gedo). Casualties unknown. Al Shabaab claimed responsibility.",0,,1774318961
SOM55843,12-March-2026,2026,1,Political violence,Battles,Armed clash,Al Shabaab,,2,Military Forces of Somalia (2022-),,1,12,,706,Eastern Africa,Somalia,Bay,Baydhaba,,Burjeedka,3.0246,43.5948,1,REDACTED IN SAMPLE,REDACTED IN SAMPLE,"On 12 March 2026, Al Shabaab clashed with government security forces (SNA) in Burjeedka village (Baydhaba, Bay). There were no casualties.",0,,1774318961
SOM55860,12-March-2026,2026,1,Political violence,Battles,Armed clash,Al Shabaab,,2,Police Forces of Somalia (2022-) Southwest Special Police Forces,,1,12,,706,Eastern Africa,Somalia,Bay,Diinsoor,,Diinsoor,2.4074,42.9766,1,REDACTED IN SAMPLE,REDACTED IN SAMPLE,"On 12 March 2026, overnight, Al Shabaab shot and killed a SWSPF soldier in Diinsoor town (Diinsoor, Bay). Al Shabaab claimed responsibility.",1,,1775609918
SOM55864,12-March-2026,2026,1,Political violence,Battles,Armed clash,Al Shabaab,,2,AUSSOM: Africa Union Support and Stabilisation Mission in Somalia (2025-) (Uganda),,8,28,,706,Eastern Africa,Somalia,Lower Shabelle,Marka,,Golweyn,1.6584,44.58,1,REDACTED IN SAMPLE,REDACTED IN SAMPLE,"On 12 March 2026, Al Shabaab clashed with AUSSOM UPDF troops at a defensive base in Golweyn village (Marka, Lower Shabelle). 1 UPDF soldier was killed, and another was injured. Al Shabaab claimed responsibility.",1,,1774318961
SOM55866,12-March-2026,2026,1,Political violence,Battles,Armed clash,Hawiye-Hawadle Sub-Clan Militia (Somalia),,4,Al Shabaab,,2,24,,706,Eastern Africa,Somalia,Hiraan,Bulo Burto,,Gumare,4.0521,45.7383,1,REDACTED IN SAMPLE,REDACTED IN SAMPLE,"On 12 March 2026, Hawiye Hawadle clan militia clashed with Al Shabaab in the vicinity of Ceel Gumare village (Bulo Burto, Hiraan). There were no casualties.",0,,1774318961
SOM55880,12-March-2026,2026,1,Political violence,Battles,Armed clash,Al Shabaab,,2,Military Forces of Somalia (2022-),AUSSOM: Africa Union Support and Stabilisation Mission in Somalia (2025-) (Burundi),1,12,,706,Eastern Africa,Somalia,Middle Shabelle,Jowhar,,Mahadaay,2.9704,45.5347,1,REDACTED IN SAMPLE,REDACTED IN SAMPLE,"On 12 March 2026, Al Shabaab clashed with government security forces (SNA) and AUSSOM BNDF in Mahadaay town (Jowhar, Middle Shabelle). An unknown number of people were killed and wounded. An unspecified number of fatalities coded as 3. Al Shabaab claimed responsibility.",3,,1774318961
SOM55882,12-March-2026,2026,1,Political violence,Explosions/Remote violence,Air/drone strike,Unidentified Military Forces,,8,Al Shabaab,,2,28,,706,Eastern Africa,Somalia,Hiraan,Bulo Burto,,Maxaas,4.3934,46.0882,1,REDACTED IN SAMPLE,REDACTED IN SAMPLE,"On 12 March 2026, international allies (coded as Unidentified Military Forces) launched an airstrike against Al Shabaab in Maxaas town (Bulo Burto, Hiraan). The strike hit two positions. An unknown number of Al Shabaab were killed and wounded. Unspecified number of fatalities coded as 3, including two senior mid-level commanders from the finance department.",3,,1774318961
SOM55883,12-March-2026,2026,1,Political violence,Battles,Armed clash,Al Shabaab,,2,Military Forces of Somalia (2022-),,1,12,,706,Eastern Africa,Somalia,Bay,Baydhaba,,Mayafulka,3.1292,43.6977,2,REDACTED IN SAMPLE,REDACTED IN SAMPLE,"On 12 March 2026, Al Shabaab clashed with government security forces (SNA) near Mayafulka village (Baydhaba, Bay). Soldiers were injured, and extent of injuries unknown.",0,,1774318961
SOM55885,12-March-2026,2026,1,Strategic developments,Strategic developments,Change to group/activity,Al Shabaab,,2,,,0,20,,706,Eastern Africa,Somalia,Sanaag,Laasqoray,,Milxo,11.1225,48.5743,2,REDACTED IN SAMPLE,REDACTED IN SAMPLE,"Movement of forces: On 12 March 2026, a group of Al Shabaab was observed near Milxo village (Laasqoray, Sanaag).",0,,1776191110
SOM55887,12-March-2026,2026,1,Demonstrations,Protests,Peaceful protest,Protesters (Somalia),,6,,,0,60,,706,Eastern Africa,Somalia,Banadir,Banadir,,Mogadishu - Kaxda,2.0399,45.2384,1,REDACTED IN SAMPLE,REDACTED IN SAMPLE,"On 12 March 2026, residents protested in Mogadishu - Kaxda (Banadir) against the transfer of their land to a private businessman.",0,crowd size=no report,1774318961
SOM55892,12-March-2026,2026,1,Political violence,Battles,Armed clash,Al Shabaab,,2,Police Forces of Somalia (2022-) Southwest Special Police Forces,,1,12,,706,Eastern Africa,Somalia,Bay,Qansax Dheere,,Qansax Dheere,2.8712,43.0043,1,REDACTED IN SAMPLE,REDACTED IN SAMPLE,"On 12 March 2026, Al Shabaab clashed with Southwest Special Police Forces (SWSPF) in Qansax Dheere town (Qansax Dheere, Bay). There were no casualties.",0,,1774318961
SOM55894,12-March-2026,2026,1,Political violence,Battles,Armed clash,Military Forces of Somalia (2022-),,1,Al Shabaab,,2,12,,706,Eastern Africa,Somalia,Lower Shabelle,Qoryooley,,Qoryooley,1.7878,44.53,2,REDACTED IN SAMPLE,REDACTED IN SAMPLE,"On 12 March 2026, government security forces (SNA) clashed with Al Shabaab near Qoryooley town (Qoryooley, Lower Shabelle). 2 soldiers were injured.",0,,1774318961
SOM55900,12-March-2026,2026,1,Political violence,Violence against civilians,Attack,Al Shabaab,,2,Civilians (Somalia),,7,27,Civilian targeting,706,Eastern Africa,Somalia,Bakool,Tayeeglow,,Tayeeglow,4.0182,44.5127,1,REDACTED IN SAMPLE,REDACTED IN SAMPLE,"On 12 March 2026, Al Shabaab shot and killed 5 civilians in Tayeeglow town (Tayeeglow, Bakool). The group accused them of spying for the federal government. Al Shabaab claimed responsibility.",5,,1774318961
SOM55912,12-March-2026,2026,1,Political violence,Explosions/Remote violence,Remote explosive/landmine/IED,Al Shabaab,,2,Military Forces of Somalia (2022-),,1,12,,706,Eastern Africa,Somalia,Middle Shabelle,Balcad,,Xawaadleey,2.5826,45.4894,1,REDACTED IN SAMPLE,REDACTED IN SAMPLE,"On 12 March 2026, an IED planted by Al Shabaab exploded, targeting government security forces (SNA) on the outskirts of Xawaadleey village (Balcad, Middle Shabelle). 2 soldiers were killed, and 3 others were injured. SNA clashed with Al Shabaab afterwards. Al Shabaab claimed responsibility.",2,,1774318961
SOM55913,12-March-2026,2026,1,Political violence,Battles,Armed clash,Hawiye-Hawadle Sub-Clan Militia (Somalia),,4,Al Shabaab,,2,24,,706,Eastern Africa,Somalia,Hiraan,Bulo Burto,,Yasooman,4.0556,45.749,1,REDACTED IN SAMPLE,REDACTED IN SAMPLE,"On 12 March 2026, Hawiye Hawadle clan militia clashed with Al Shabaab in the vicinity of Yasooman village (Bulo Burto, Hiraan). 4 Al Shabaab were killed.",4,,1774318961
SOM55918,12-March-2026,2026,1,Political violence,Violence against civilians,Attack,Unidentified Clan Militia (Somalia),,4,Civilians (Somalia),Unidentified Clan Group (Somalia),7,47,Civilian targeting,706,Eastern Africa,Somalia,Gedo,Belet Xaawo,,Belet Xaawo,3.7807,41.8943,1,REDACTED IN SAMPLE,REDACTED IN SAMPLE,"On 12 March 2026, overnight, an unidentified clan militia shot and killed a prominent elder in Belet Xaawo town (Belet Xaawo, Gedo). The motive was due to clan revenge.",1,,1774318961
SOM55927,12-March-2026,2026,1,Political violence,Explosions/Remote violence,Remote explosive/landmine/IED,Islamic State Somalia Province,,2,Military Forces of Somalia (2022-) Puntland Dervish Force,,1,12,,706,Eastern Africa,Somalia,Bari,Qandala,,Dasaan,11.1703,49.8239,2,REDACTED IN SAMPLE,REDACTED IN SAMPLE,"On 12 March 2026, an IED planted by Islamic State Somalia Province exploded, targeting Puntland Dervish Force convoy between Miraale and Dasaan (Qandala, Bari). 7 soldiers were killed, and 3 others were injured.",7,,1774318961
SOM55839,13-March-2026,2026,1,Political violence,Battles,Armed clash,Rahanweyn-Mirifle-Leeysan Sub-Clan Militia (Somalia),,4,Police Forces of Somalia (2022-) Southwest Special Police Forces,,1,14,,706,Eastern Africa,Somalia,Bay,Baydhaba,,Berdaale,3.215,43.1983,1,REDACTED IN SAMPLE,REDACTED IN SAMPLE,"On 13 March 2026, Rahanweyn-Mirifle-Leeysan sub-clan militia clashed with Southwest Special Police Forces (SWSPF) in Berdaale town (Baydhaba, Bay). Casualties unknown.",0,,1774318961
SOM55851,13-March-2026,2026,1,Political violence,Explosions/Remote violence,Remote explosive/landmine/IED,Islamic State Somalia Province,,2,Military Forces of Somalia (2022-) Puntland Dervish Force,,1,12,,706,Eastern Africa,Somalia,Bari,Qandala,,Dhaadaar,11.128,49.8755,2,REDACTED IN SAMPLE,REDACTED IN SAMPLE,"On 13 March 2026, a remote-controlled IED planted by Islamic State Somalia Province exploded targeting a Puntland Dervish Force on the road connecting Bosaso, Al-Miskaad Mountains near Dhaadaar village (Qandala, Bari). At least 7 soldiers were killed.",7,,1774318961
SOM55871,13-March-2026,2026,1,Political violence,Violence against civilians,Attack,Al Shabaab,,2,Civilians (Somalia),,7,27,Civilian targeting,706,Eastern Africa,Somalia,Bakool,Xudur,,Hudur,4.1237,43.8915,2,REDACTED IN SAMPLE,REDACTED IN SAMPLE,"On 13 March 2026, Al Shabaab attacked civilians at a water point in the vicinity of Quurac Joome village near Hudur town (Xudur, Bakool). There were no casualties.",0,,1774318961
SOM55917,13-March-2026,2026,1,Political violence,Explosions/Remote violence,Grenade,Al Shabaab,,2,Military Forces of Somalia (2022-),,1,12,,706,Eastern Africa,Somalia,Hiraan,Belet Weyne,,Belet Weyne,4.736,45.2043,1,REDACTED IN SAMPLE,REDACTED IN SAMPLE,"On 13 March 2026, Al Shabaab threw a hand grenade targeting government security forces (SNA) at a checkpoint in Belet Weyne town (Belet Weyne, Hiraan). There were no casualties. Al Shabaab claimed responsibility.",0,,1774318961
SOM55919,13-March-2026,2026,1,Political violence,Explosions/Remote violence,Grenade,Al Shabaab,,2,Police Forces of Somalia (2022-) Southwest Special Police Forces,,1,12,,706,Eastern Africa,Somalia,Bay,Baydhaba,,Berdaale,3.215,43.1983,1,REDACTED IN SAMPLE,REDACTED IN SAMPLE,"On 13 March 2026, Al Shabaab threw a hand grenade targeting the Southwest Special Police Forces (SWSPF) in Berdaale town (Baydhaba, Bay). There were no casualties. Al Shabaab claimed responsibility.",0,,1774318961
SOM55920,13-March-2026,2026,1,Demonstrations,Protests,Peaceful protest,Protesters (Somalia),Labor Group (Somalia); Military Forces of Somalia (2022-) Puntland Dervish Force,6,,,0,60,,706,Eastern Africa,Somalia,Bari,Bossaso,,Bosaso,11.2842,49.1816,2,REDACTED IN SAMPLE,REDACTED IN SAMPLE,"On 13 March 2026, Puntland Dervish Force erected a roadblock (means unspecified) and protested along Bossaso-Armo-Qardho road, in the Ex-Control area, near Bosaso town (Bossaso, Bari). The protest was due to delayed and unpaid salaries.",0,crowd size=no report,1774318961
SOM55921,13-March-2026,2026,1,Political violence,Battles,Armed clash,Al Shabaab,,2,Military Forces of Somalia (2022-),,1,12,,706,Eastern Africa,Somalia,Lower Shabelle,Marka,,Bulo Mareer,1.6298,44.5196,1,REDACTED IN SAMPLE,REDACTED IN SAMPLE,"On 13 March 2026, Al Shabaab clashed with government soldiers (SNA) at a checkpoint in Bulo Mareer town (Marka, Lower Shabelle). Al Shabaab claimed to have killed 1 soldier, and another was injured.",1,,1774318961
SOM55931,13-March-2026,2026,1,Political violence,Violence against civilians,Attack,Unidentified Clan Militia (Somalia),,4,Civilians (Somalia),Taxi Drivers (Somalia),7,47,Civilian targeting,706,Eastern Africa,Somalia,Gedo,Luuq,,Luuq,3.8,42.5446,1,REDACTED IN SAMPLE,REDACTED IN SAMPLE,"On 13 March 2026, unidentified clan militia shot and injured a Bajaaj driver at a checkpoint outside Luuq town (Luuq, Gedo). The motive is unknown.",0,,1774318961
SOM55934,13-March-2026,2026,1,Political violence,Battles,Armed clash,Military Forces of Somalia (2022-),,1,Private Security Forces (Somalia),,8,18,,706,Eastern Africa,Somalia,Banadir,Banadir,,Mogadishu - Waaberi,2.0195,45.31,1,REDACTED IN SAMPLE,REDACTED IN SAMPLE,"On 13 March 2026, government soldiers (SNA) clashed with Private security forces at the entrance of Dayah Hotel in Mogadishu - Waaberi (Banadir). The motive of the clash is unknown. There were no casualties.",0,,1774318961
SOM55941,13-March-2026,2026,1,Political violence,Battles,Armed clash,Police Forces of Somalia (2022-) Southwest Special Police Forces,,1,Police Forces of Somalia (2022-) Southwest Special Police Forces,,1,11,,706,Eastern Africa,Somalia,Bay,Qansax Dheere,,Qansax Dheere,2.8712,43.0043,1,REDACTED IN SAMPLE,REDACTED IN SAMPLE,"On 13 March 2026, 2 groups of Southwest Special Police Forces (SWSPF) aligned with the Southwest administration, and armed opposition groups, clashed in Qansax Dheere town (Qansax Dheere, Bay). There were no casualties.",0,,1774318961
SOM55942,13-March-2026,2026,1,Political violence,Battles,Armed clash,Al Shabaab,,2,Rahanweyn-Digil-Duubane-Darbane Sub-Clan Militia (Somalia),,4,24,,706,Eastern Africa,Somalia,Lower Shabelle,Qoryooley,,Qoryooley,1.7878,44.53,1,REDACTED IN SAMPLE,REDACTED IN SAMPLE,"On 13 March 2026, Al Shabaab clashed with Rahanweyn-Digil-Duubane-Darbane sub-clan militia on the outskirts of Qoryooley town (Qoryooley, Lower Shabelle). 3 clan militia members were captured. There were no casualties.",0,,1774318961
SOM55928,14-March-2026,2026,1,Political violence,Battles,Armed clash,Al Shabaab,,2,Military Forces of Somalia (2022-),,1,12,,706,Eastern Africa,Somalia,Bay,Diinsoor,,Diinsoor,2.4074,42.9766,1,REDACTED IN SAMPLE,REDACTED IN SAMPLE,"On 14 March 2026, Al Shabaab clashed with government security forces (SNA) at a base in Diinsoor town (Diinsoor, Bay). There were no casualties. Al Shabaab claimed responsibility.",0,,1774318961
SOM55929,14-March-2026,2026,1,Political violence,Explosions/Remote violence,Remote explosive/landmine/IED,Al Shabaab,,2,Military Forces of Somalia (2022-),,1,12,,706,Eastern Africa,Somalia,Hiraan,Bulo Burto,,Halgan,4.2117,45.5625,1,REDACTED IN SAMPLE,REDACTED IN SAMPLE,"On 14 March 2026, an IED planted by Al Shabaab exploded, targeting government soldiers (SNA) at a checkpoint in Halgan village (Bulo Burto, Hiraan). Al Shabaab claimed to have injured 1 soldier.",0,,1774318961
SOM55930,14-March-2026,2026,1,Political violence,Violence against civilians,Attack,Al Shabaab,,2,Civilians (Somalia),Military Forces of Somalia (2022-); Military Forces of Somalia (2022-) Jubaland Security Force,7,27,Civilian targeting,706,Eastern Africa,Somalia,Middle Juba,Jilib,,Jilib,0.4833,42.7666,1,REDACTED IN SAMPLE,REDACTED IN SAMPLE,"On 14 March 2026, Al Shabaab shot and killed 5 civilians at a public square in Jilib town (Jilib, Middle Juba) after accusing them of spying for government security forces (SNA) and Jubaland security forces. Al Shabaab claimed responsibility.",5,,1774318961
SOM55937,14-March-2026,2026,1,Political violence,Battles,Armed clash,Police Forces of Somalia (2022-) Southwest Special Police Forces,,1,Police Forces of Somalia (2022-) Southwest Special Police Forces,,1,11,,706,Eastern Africa,Somalia,Bay,Qansax Dheere,,Qansax Dheere,2.8712,43.0043,1,REDACTED IN SAMPLE,REDACTED IN SAMPLE,"On 14 March 2026, 2 groups of Southwest Special Police Forces (SWSPF) aligned with the Southwest administration, and armed opposition groups, which included recent SWSPF defectors, clashed in Qansax Dheere town (Qansax Dheere, Bay). The clash was initiated with RPGs and PKMs. Casualties unknown.",0,,1774318961
SOM55938,14-March-2026,2026,1,Political violence,Battles,Armed clash,Hawiye-Hawadle Sub-Clan Militia (Somalia),,4,Al Shabaab,,2,24,,706,Eastern Africa,Somalia,Hiraan,Belet Weyne,,Waabweyn,4.6865,45.5903,1,REDACTED IN SAMPLE,REDACTED IN SAMPLE,"On 14 March 2026, Hawiye-Hawadle sub-clan militia clashed with Al Shabaab in the vicinity of Waabweyn village (Belet Weyne, Hiraan). There were no casualties.",0,,1774318961
SOM55943,14-March-2026,2026,1,Strategic developments,Strategic developments,Change to group/activity,Rahanweyn-Mirifle-Elay Sub-Clan Militia (Somalia),,4,,,0,40,,706,Eastern Africa,Somalia,Bay,Baydhaba,,Baidoa,3.1172,43.6469,1,REDACTED IN SAMPLE,REDACTED IN SAMPLE,"Movement of forces: On 14 March 2026, Rahanweyn-Mirifle-Elay sub-clan militia arrived in the vicinity of Baidoa town (Baydhaba, Bay) to join the opposition forces in fighting with the South West State administration.",0,,1774318961
SOM55944,14-March-2026,2026,1,Strategic developments,Strategic developments,Headquarters or base established,Al Shabaab,,2,,,0,20,,706,Eastern Africa,Somalia,Galgaduud,Ceel Buur,,Bar Ujeed,4.9638,46.2656,2,REDACTED IN SAMPLE,REDACTED IN SAMPLE,"On 14 March 2026, Al Shabaab created a checkpoint and hideout along the main roads, near Bar Ujeed village (Ceel Buur, Galgaduud).",0,,1774318961
SOM55945,14-March-2026,2026,1,Political violence,Explosions/Remote violence,Shelling/artillery/missile attack,Al Shabaab,,2,Military Forces of Somalia (2022-) Jubaland Security Force,,1,12,,706,Eastern Africa,Somalia,Lower Juba,Jamaame,,Bar-Sanguun,-0.0416,42.5945,1,REDACTED IN SAMPLE,REDACTED IN SAMPLE,"On 14 March 2026, Al Shabaab fired mortar shells targeting Jubaland security forces in Bar-Sanguun village (Jamaame, Lower Juba). There were no casualties.",0,,1774318961
SOM55946,14-March-2026,2026,1,Political violence,Battles,Armed clash,Military Forces of Somalia (2022-) Puntland Dervish Force,,1,Police Forces of Somalia (2022-) Puntland Police Force,,1,11,,706,Eastern Africa,Somalia,Bari,Bossaso,,Bosaso,11.2842,49.1816,1,REDACTED IN SAMPLE,REDACTED IN SAMPLE,"On 14 March 2026, Puntland Dervish Force clashed with Puntland Police Force in Bosaso town (Bossaso, Bari). The motive was due dispute over road block. There were no casualties.",0,,1774318961
SOM55947,14-March-2026,2026,1,Political violence,Violence against civilians,Abduction/forced disappearance,Al Shabaab,,2,Civilians (Somalia),Pastoralists (Somalia),7,27,Civilian targeting,706,Eastern Africa,Somalia,Middle Juba,Bu'aale,,Buaale,1.2448,42.5732,2,REDACTED IN SAMPLE,REDACTED IN SAMPLE,"On 14 March 2026, Al Shabaab abducted four pastoralists in the Handug water well in the Allamagan area near Buaale town (Bu'aale, Middle Juba).",0,,1774318961
SOM55948,14-March-2026,2026,1,Political violence,Battles,Armed clash,Hawiye-Habar Gedir Sub-Clan Militia (Somalia),,4,Al Shabaab,,2,24,,706,Eastern Africa,Somalia,Mudug,Xarardheere,,Dabagalo,4.9217,47.6652,1,REDACTED IN SAMPLE,REDACTED IN SAMPLE,"On 14 March 2026, Hawiye-Habar Gedir sub-clan militia clashed with Al Shabaab in Dabagalo village (Xarardheere, Mudug). There were no casualties.",0,,1774318961
SOM55949,14-March-2026,2026,1,Political violence,Battles,Armed clash,Hawiye-Habar Gedir Sub-Clan Militia (Somalia),,4,Al Shabaab,,2,24,,706,Eastern Africa,Somalia,Mudug,Xarardheere,,Deegaan,4.695,47.813,1,REDACTED IN SAMPLE,REDACTED IN SAMPLE,"On 14 March 2026, Hawiye-Habar Gedir sub-clan militia clashed with Al Shabaab in Deegaan village (Xarardheere, Mudug). There were no casualties.",0,,1774318961
SOM55950,14-March-2026,2026,1,Political violence,Battles,Armed clash,Al Shabaab,,2,Military Forces of Somalia (2022-),,1,12,,706,Eastern Africa,Somalia,Lower Shabelle,Marka,,Golweyn,1.6584,44.58,1,REDACTED IN SAMPLE,REDACTED IN SAMPLE,"On 14 March 2026, Al Shabaab clashed with government security forces (SNA) in the vicinity of Golweyn village (Marka, Lower Shabelle). There were no casualties.",0,,1774318961
SOM55951,14-March-2026,2026,1,Political violence,Violence against civilians,Abduction/forced disappearance,Al Shabaab,,2,Civilians (Somalia),,7,27,Civilian targeting,706,Eastern Africa,Somalia,Lower Juba,Afmadow,,Hagar,0.87,41.9758,1,REDACTED IN SAMPLE,REDACTED IN SAMPLE,"On 14 March 2026, Al Shabaab abducted three civilians at a water well in Hagar village (Afmadow, Lower Juba).",0,,1774318961
SOM55952,14-March-2026,2026,1,Demonstrations,Protests,Peaceful protest,Protesters (Somalia),Military Forces of Somalia (2022-) Puntland Dervish Force,6,,,0,60,,706,Eastern Africa,Somalia,Bari,Bossaso,,Laag,11.037,49.188,1,REDACTED IN SAMPLE,REDACTED IN SAMPLE,"On 14 March 2026, Puntland Dervish Force erected a roadblock (means unspecified) and protested in Laag village (Bossaso, Bari). The protest was due to delayed and unpaid salaries.",0,crowd size=no report,1774318961
SOM55953,14-March-2026,2026,1,Political violence,Violence against civilians,Attack,Al Shabaab,,2,Civilians (Somalia),Pastoralists (Somalia),7,27,Civilian targeting,706,Eastern Africa,Somalia,Middle Juba,Bu'aale,,Manaane,0.8441,42.6473,1,REDACTED IN SAMPLE,REDACTED IN SAMPLE,"On 14 March 2026, Al Shabaab attacked and injured 1 pastoralist and abducted 2 others at a water well in Manaane village (Bu'aale, Middle Juba) for not observing fasting.",0,,1774318961
SOM55954,14-March-2026,2026,1,Political violence,Battles,Armed clash,Military Forces of Somalia (2022-),,1,Al Shabaab,,2,12,,706,Eastern Africa,Somalia,Hiraan,Bulo Burto,,Maxaas,4.3934,46.0882,2,REDACTED IN SAMPLE,REDACTED IN SAMPLE,"On 14 March 2026, government security forces (SNA) clashed with Al Shabaab in Madaxyawen area near Maxaas village (Bulo Burto, Hiraan) and several Al Shabaab were killed. Unspecified number of fatalities coded as 3.",3,,1774318961
SOM55955,14-March-2026,2026,1,Strategic developments,Strategic developments,Change to group/activity,Rahanweyn-Mirifle-Elay Sub-Clan Militia (Somalia),,4,,,0,40,,706,Eastern Africa,Somalia,Bay,Baydhaba,,Mayafulka,3.1292,43.6977,1,REDACTED IN SAMPLE,REDACTED IN SAMPLE,"Movement of forces: On 14 March 2026, Rahanweyn-Mirifle-Elay sub-clan militia arrived in the vicinity of Mayafulka village (Baydhaba, Bay) to join the opposition forces in fighting with the South West State administration.",0,,1774318961
SOM55956,14-March-2026,2026,1,Political violence,Battles,Armed clash,Al Shabaab,,2,Military Forces of Somalia (2022-),,1,12,,706,Eastern Africa,Somalia,Lower Shabelle,Marka,,Shalaambood,1.7087,44.6961,1,REDACTED IN SAMPLE,REDACTED IN SAMPLE,"On 14 March 2026, Al Shabaab clashed with government security forces (SNA) in the vicinity of Shalaambood village (Marka, Lower Shabelle). There were no casualties.",0,,1774318961
SOM55957,14-March-2026,2026,1,Political violence,Battles,Armed clash,Hawiye-Habar Gedir Sub-Clan Militia (Somalia),,4,Al Shabaab,,2,24,,706,Eastern Africa,Somalia,Galgaduud,Dhuusamarreeb,,Taragadud,5.3659,46.5129,2,REDACTED IN SAMPLE,REDACTED IN SAMPLE,"On 14 March 2026, Hawiye-Habar Gedir sub-clan militia ambushed Al Shabaab convoy near Taragadud village (Dhuusamarreeb, Galgaduud). 3 militants were injured.",0,,1774318961
SOM55958,14-March-2026,2026,1,Political violence,Battles,Armed clash,Hawiye-Habar Gedir Sub-Clan Militia (Somalia),,4,Al Shabaab,,2,24,,706,Eastern Africa,Somalia,Mudug,Xarardheere,,Tuulo Cadad,4.6254,47.6846,2,REDACTED IN SAMPLE,REDACTED IN SAMPLE,"On 14 March 2026, Hawiye-Habar Gedir sub-clan militia clashed with Al Shabaab near Tuulo Cadad village (Xarardheere, Mudug). There were no casualties.",0,,1774318961
SOM55959,14-March-2026,2026,1,Political violence,Battles,Armed clash,Hawiye-Habar Gedir Sub-Clan Militia (Somalia),,4,Al Shabaab,,2,24,,706,Eastern Africa,Somalia,Mudug,Xarardheere,,Tuulo Xaaji,4.6746,47.6769,1,REDACTED IN SAMPLE,REDACTED IN SAMPLE,"On 14 March 2026, Hawiye-Habar Gedir sub-clan militia clashed with Al Shabaab in Tuulo Xaaji village (Xarardheere, Mudug). There were no casualties.",0,,1774318961
SOM55915,15-March-2026,2026,1,Political violence,Battles,Armed clash,Police Forces of Somalia (2022-) Southwest Special Police Forces,,1,Police Forces of Somalia (2022-) Southwest Special Police Forces,,1,11,,706,Eastern Africa,Somalia,Bay,Baydhaba,,Baidoa,3.1172,43.6469,1,REDACTED IN SAMPLE,REDACTED IN SAMPLE,"On 15 March 2026, overnight, 2 groups of Southwest Special Police Forces (SWSPF) aligned with the Southwest administration, and armed opposition groups, clashed in the Suuqa Xoolaha neighborhood in Baidoa town (Baydhaba, Bay). The clash was initiated with RPGs and PKMs. There were no casualties.",0,,1774318961
SOM55922,15-March-2026,2026,1,Political violence,Battles,Armed clash,Military Forces of Somalia (2022-) Special Forces,Unidentified Clan Militia (Somalia),1,Al Shabaab,,2,12,,706,Eastern Africa,Somalia,Lower Shabelle,Qoryooley,,Busley Da'Ud,1.8536,44.7452,1,REDACTED IN SAMPLE,REDACTED IN SAMPLE,"On 15 March 2026, government security forces (SNA) and unidentified clan militia clashed with Al Shabaab in the vicinity of Busley Da'Ud village (Qoryooley, Lower Shabelle) and Buulo Nagaad (coded separately). 9 militants were killed. 9 fatalities split across 2 events and coded as 4 for this event.",4,,1774318961
SOM55923,15-March-2026,2026,1,Political violence,Battles,Armed clash,Military Forces of Somalia (2022-) Special Forces,Unidentified Clan Militia (Somalia),1,Al Shabaab,,2,12,,706,Eastern Africa,Somalia,Lower Shabelle,Marka,,Buulo Nagaad,1.8494,44.8461,1,REDACTED IN SAMPLE,REDACTED IN SAMPLE,"On 15 March 2026, government security forces (SNA) and unidentified clan militia clashed with Al Shabaab in the vicinity of Buulo Nagaad village (Marka, Lower Shabelle) and Busley Da'Ud (coded separately). 9 militants were killed. 9 fatalities split across 2 events and coded as 5 for this event.",5,,1774318961
SOM55924,15-March-2026,2026,1,Political violence,Battles,Armed clash,Al Shabaab,,2,Military Forces of Somalia (2022-),,1,12,,706,Eastern Africa,Somalia,Lower Shabelle,Marka,,Ceel Waregow,1.8087,44.7994,1,REDACTED IN SAMPLE,REDACTED IN SAMPLE,"On 15 March 2026, Al Shabaab clashed with government security forces (SNA) convoy between Buufow and Ceel Waregow village (Marka, Lower Shabelle). Al Shabaab claimed to have killed 1 soldier and another was injured.",1,,1774318961
SOM55925,15-March-2026,2026,1,Political violence,Battles,Armed clash,Military Forces of Somalia (2022-),Hawiye-Habar Gedir-Ayr Sub-Clan Militia (Somalia),1,Al Shabaab,,2,12,,706,Eastern Africa,Somalia,Mudug,Xarardheere,,Dabagalo,4.9217,47.6652,1,REDACTED IN SAMPLE,REDACTED IN SAMPLE,"On 15 March 2026, overnight, government security forces (SNA) and Hawiye-Habar Gedir Ayr sub-clan militia clashed with Al Shabaab in the vicinity of Dabagalo village (Xarardheere, Mudug). A senior member and 16 fighters were killed. The clash continued the following day (coded separately). 17 fatalities split across 2 dates and coded as 9 for this event.",9,,1774318961
SOM55932,15-March-2026,2026,1,Political violence,Explosions/Remote violence,Shelling/artillery/missile attack,Al Shabaab,,2,AUSSOM: Africa Union Support and Stabilisation Mission in Somalia (2025-),Civilians (Somalia),8,28,,706,Eastern Africa,Somalia,Banadir,Banadir,,Mogadishu - Daynile,2.0576,45.2853,1,REDACTED IN SAMPLE,REDACTED IN SAMPLE,"On 15 March 2026, Al Shabaab fired mortar shells targeting the AUSSOM, and two mortars hit a civilian residential area in the Warlaliska neighborhood in Mogadishu - Daynile (Banadir). There were no casualties. Al Shabaab claimed responsibility.",0,,1774318961
SOM55933,15-March-2026,2026,1,Political violence,Battles,Armed clash,Al Shabaab,,2,Military Forces of Somalia (2022-),,1,12,,706,Eastern Africa,Somalia,Banadir,Banadir,,Mogadishu - Garasbaaley,2.0611,45.2589,1,REDACTED IN SAMPLE,REDACTED IN SAMPLE,"On 15 March 2026, Al Shabaab clashed with government security forces (SNA) at a checkpoint in Al Birri neighborhood in Mogadishu - Garasbaaley (Banadir) after the militants threw a hand grenade. Al Shabaab claimed to have injured 4 soldiers.",0,,1774318961
SOM55935,15-March-2026,2026,1,Political violence,Violence against civilians,Attack,Al Shabaab,,2,Civilians (Somalia),Unidentified Clan Group (Somalia),7,27,Civilian targeting,706,Eastern Africa,Somalia,Banadir,Banadir,,Mogadishu - Wadajir,2.0462,45.3341,1,REDACTED IN SAMPLE,REDACTED IN SAMPLE,"On 15 March 2026, Al Shabaab shot and killed a prominent elder who was Hirshabelle administration electoral delegate in Timo Adde neighborhood in Mogadishu - Wadajir (Banadir). Al Shabaab claimed responsibility.",1,,1774318961
SOM55936,15-March-2026,2026,1,Political violence,Explosions/Remote violence,Shelling/artillery/missile attack,Al Shabaab,,2,AUSSOM: Africa Union Support and Stabilisation Mission in Somalia (2025-),,8,28,,706,Eastern Africa,Somalia,Banadir,Banadir,,Mogadishu - Wadajir,2.0462,45.3341,1,REDACTED IN SAMPLE,REDACTED IN SAMPLE,"On 15 March 2026, Al Shabaab fired mortar shells targeting the AUSSOM Protected Area within the Aden Ade International Airport in Mogadishu - Wadajir (Banadir). There were no casualties. Al Shabaab claimed responsibility.",0,,1774318961
SOM55939,15-March-2026,2026,1,Political violence,Battles,Armed clash,Military Forces of Somalia (2022-) Special Forces,,1,Al Shabaab,,2,12,,706,Eastern Africa,Somalia,Middle Shabelle,Cadale,,Xaaji-Cali,2.9192,46.2173,1,REDACTED IN SAMPLE,REDACTED IN SAMPLE,"On 15 March 2026, government security forces (Danab and Gorgor) clashed with Al Shabaab in the vicinity of Xaaji-Cali village (Cadale, Middle Shabelle). There were no casualties.",0,,1774318961
SOM55960,15-March-2026,2026,1,Political violence,Battles,Armed clash,Police Forces of Somalia (2022-) Southwest Special Police Forces,,1,Police Forces of Somalia (2022-) Southwest Special Police Forces,,1,11,,706,Eastern Africa,Somalia,Lower Shabelle,Afgooye,,Afgooye,2.15,45.116,1,REDACTED IN SAMPLE,REDACTED IN SAMPLE,"On 15 March 2026, 2 groups of Southwest Special Police Forces (SWSPF) aligned with the Southwest administration and armed opposition groups clashed at the customs checkpoint in Afgooye town (Afgooye, Lower Shabelle). An unspecified number of combatants were injured.",0,,1774318961
SOM55961,15-March-2026,2026,1,Strategic developments,Strategic developments,Change to group/activity,Rahanweyn Clan Militia (Somalia),,4,,,0,40,,706,Eastern Africa,Somalia,Lower Shabelle,Afgooye,,Afgooye,2.15,45.116,1,REDACTED IN SAMPLE,REDACTED IN SAMPLE,"Movement of forces: On 15 March 2026, over ten battlewagon vehicles belonging to the commander of the prison, allied with Rahanweyn clan militia and heavily armed forces, were deployed from Lafoole to Afgooye town (Afgooye, Lower Shabelle), to support the Southwest Administration.",0,,1774318961
SOM55962,15-March-2026,2026,1,Political violence,Battles,Armed clash,Police Forces of Somalia (2022-) Southwest Special Police Forces,,1,Police Forces of Somalia (2022-) Southwest Special Police Forces,,1,11,,706,Eastern Africa,Somalia,Lower Shabelle,Afgooye,,Awdheegle,1.9833,44.8333,1,REDACTED IN SAMPLE,REDACTED IN SAMPLE,"On 15 March 2026, two groups of Southwest Special Police Forces (SWSPF), aligned with the Southwest administration and armed opposition groups, clashed at the customs checkpoint in Awdheegle village (Afgooye, Lower Shabelle). An unspecified number of combatants were injured.",0,,1774318961
SOM55963,15-March-2026,2026,1,Political violence,Battles,Armed clash,Rahanweyn-Mirifle-Leeysan Sub-Clan Militia (Somalia),,4,Police Forces of Somalia (2022-) Southwest Special Police Forces,,1,14,,706,Eastern Africa,Somalia,Bay,Baydhaba,,Berdaale,3.215,43.1983,1,REDACTED IN SAMPLE,REDACTED IN SAMPLE,"On 15 March 2026, Rahanweyn-Mirifle-Leeysan sub-clan militia clashed with Southwest Special Police Forces (SWSPF) in Berdaale town (Baydhaba, Bay). 2 clan militia members were killed, and several others were injured.",2,,1774318961
SOM55964,15-March-2026,2026,1,Political violence,Battles,Armed clash,Darod-Marehan Sub-Clan Militia (Somalia),,4,Darod-Marehan Sub-Clan Militia (Somalia),,4,44,,706,Eastern Africa,Somalia,Galgaduud,Cabudwaaq,,Cabudwaaq,6.1478,46.3964,1,REDACTED IN SAMPLE,REDACTED IN SAMPLE,"On 15 March 2026, 2 groups of Darod-Marehan sub-clan militia exchanged gunfire on the outskirts of Cabudwaaq town (Cabudwaaq, Galgaduud). There were no casualties.",0,,1774318961
SOM55965,15-March-2026,2026,1,Political violence,Violence against civilians,Attack,Islamic State Somalia Province,,2,Civilians (Somalia),,7,27,Civilian targeting,706,Eastern Africa,Somalia,Bari,Qandala,,Daanyo,11.0771,50.1374,1,REDACTED IN SAMPLE,REDACTED IN SAMPLE,"On 15 March 2026, Islamic State Somalia Province attacked and injured a civilian in Daanyo village (Qandala, Bari). Extent of injuries unknown.",0,,1776191110
SOM55966,15-March-2026,2026,1,Strategic developments,Strategic developments,Headquarters or base established,Islamic State Somalia Province,,2,,,0,20,,706,Eastern Africa,Somalia,Bari,Qandala,,Dhaadaar,11.128,49.8755,2,REDACTED IN SAMPLE,REDACTED IN SAMPLE,"On 15 March 2026, a heavily armed Islamic State Somalia Province established a base near Dhaadaar village (Qandala, Bari).",0,,1774318961
SOM55967,15-March-2026,2026,1,Political violence,Battles,Armed clash,Al Shabaab,,2,AUSSOM: Africa Union Support and Stabilisation Mission in Somalia (2025-) (Ethiopia),,8,28,,706,Eastern Africa,Somalia,Bay,Diinsoor,,Diinsoor,2.4074,42.9766,1,REDACTED IN SAMPLE,REDACTED IN SAMPLE,"On 15 March 2026, Al Shabaab clashed with AUSSOM ENDF troops at a base in Diinsoor town (Diinsoor, Bay). There were no casualties.",0,,1774318961
SOM55968,15-March-2026,2026,1,Political violence,Battles,Armed clash,Hawiye-Hawadle Sub-Clan Militia (Somalia),,4,Al Shabaab,,2,24,,706,Eastern Africa,Somalia,Hiraan,Bulo Burto,,Maxaas,4.3934,46.0882,2,REDACTED IN SAMPLE,REDACTED IN SAMPLE,"On 15 March 2026, Hawiye-Hawadle sub-clan militia clashed with Al Shabaab in Madaxyawen area near Maxaas village (Bulo Burto, Hiraan). There were no casualties.",0,,1774318961
SOM55969,15-March-2026,2026,1,Political violence,Explosions/Remote violence,Air/drone strike,Military Forces of the United States (2025-),Military Forces of Somalia (2022-),8,Al Shabaab,,2,28,,706,Eastern Africa,Somalia,Lower Shabelle,Qoryooley,,Mubaarak,1.9167,44.7733,1,REDACTED IN SAMPLE,REDACTED IN SAMPLE,"On 15 March 2026, US forces, in coordination with SNA, conducted airstrikes targeting Al Shabaab position in the vicinity of the Mubaarak village (Qoryooley, Lower Shabelle). Casualties unknown.",0,,1774318961
SOM55970,15-March-2026,2026,1,Demonstrations,Protests,Peaceful protest,Protesters (Somalia),Military Forces of Somalia (2022-) Puntland Dervish Force,6,,,0,60,,706,Eastern Africa,Somalia,Bari,Qandala,,Qandala,11.471,49.8726,1,REDACTED IN SAMPLE,REDACTED IN SAMPLE,"On 15 March 2026, Puntland Dervish Force (Gantaal an Afmeer units) protested in Qandala town (Qandala, Bari). The protest was due to delayed and unpaid salaries.",0,crowd size=no report,1774318961
SOM55971,15-March-2026,2026,1,Political violence,Violence against civilians,Attack,Al Shabaab,,2,Civilians (Somalia),Military Forces of Somalia (2022-),7,27,Civilian targeting,706,Eastern Africa,Somalia,Middle Juba,Saakow,,Salagle,1.81,42.2899,1,REDACTED IN SAMPLE,REDACTED IN SAMPLE,"On 15 March 2026, Al Shabaab shot and killed 2 civilians at a public square in Salagle village (Saakow, Middle Juba) after accusing them of spying for government security forces (SNA).",2,,1774318961
SOM55972,15-March-2026,2026,1,Political violence,Violence against civilians,Abduction/forced disappearance,Islamic State Somalia Province,,2,Civilians (Somalia),,7,27,Civilian targeting,706,Eastern Africa,Somalia,Bari,Qandala,,Sixna,11.061,50.2123,1,REDACTED IN SAMPLE,REDACTED IN SAMPLE,"On 15 March 2026, Islamic State Somalia Province abducted unspecified number of civilians from Sixna village (Qandala, Bari).",0,,1774318961
SOM55973,15-March-2026,2026,1,Political violence,Battles,Armed clash,Al Shabaab,,2,Hawiye-Habar Gedir Sub-Clan Militia (Somalia),,4,24,,706,Eastern Africa,Somalia,Galgaduud,Dhuusamarreeb,,Taragadud,5.3659,46.5129,2,REDACTED IN SAMPLE,REDACTED IN SAMPLE,"On 15 March 2026, Al Shabaab clashed with Hawiye-Habar Gedir sub-clan militia near Taragadud village (Dhuusamarreeb, Galgaduud). An unspecified number of soldiers and militants were injured.",0,,1774318961
SOM55974,15-March-2026,2026,1,Political violence,Battles,Armed clash,Islamic State Somalia Province,,2,Military Forces of Somalia (2022-) Puntland Dervish Force,,1,12,,706,Eastern Africa,Somalia,Bari,Qandala,,Turmasaale,10.9306,50.2293,2,REDACTED IN SAMPLE,REDACTED IN SAMPLE,"On 15 March 2026, Islamic State Somalia Province clashed with Puntland Dervish Force near Turmasaale village (Qandala, Bari). There were no casualties.",0,,1774318961
SOM55975,15-March-2026,2026,1,Strategic developments,Strategic developments,Change to group/activity,Al Shabaab,,2,,,0,20,,706,Eastern Africa,Somalia,Mudug,Xarardheere,,Wadaariq,4.6856,47.7308,1,REDACTED IN SAMPLE,REDACTED IN SAMPLE,"Movement of forces: On 15 March 2026, over hundreds of Al Shabaab were seen in Wadaariq village (Xarardheere, Mudug).",0,,1774318961
SOM55976,15-March-2026,2026,1,Strategic developments,Strategic developments,Looting/property destruction,Al Shabaab,,2,Civilians (Somalia),Pastoralists (Somalia),7,27,,706,Eastern Africa,Somalia,Lower Juba,Afmadow,,Weel Maro,0.4754,42.3015,1,REDACTED IN SAMPLE,REDACTED IN SAMPLE,"Looting: On 15 March 2026, Al Shabaab stole animals and money from local herders at a water well in Weel Maro village (Afmadow, Lower Juba).",0,,1776191110
SOM55977,15-March-2026,2026,1,Strategic developments,Strategic developments,Change to group/activity,Al Shabaab,,2,,,0,20,,706,Eastern Africa,Somalia,Mudug,Xarardheere,,Xarardheere,4.6517,47.8584,2,REDACTED IN SAMPLE,REDACTED IN SAMPLE,"Movement of forces: On 15 March 2026, Al Shabaab were observed in Ibiir village near Xarardheere (Xarardheere, Mudug).",0,,1774318961
SOM55978,15-March-2026,2026,1,Political violence,Battles,Armed clash,Darod-Harti-Warsangeli Sub-Clan Militia (Somalia),,4,Darod-Harti-Warsangeli Sub-Clan Militia (Somalia),,4,44,,706,Eastern Africa,Somalia,Sanaag,Ceerigaabo,,Yubbe,10.7484,47.9211,2,REDACTED IN SAMPLE,REDACTED IN SAMPLE,"On 15 March 2026, two groups of Darod-Harti-Warsangeli sub-clan militias clashed near Yubbe village (Ceerigaabo, Sanaag). There were no casualties.",0,,1774318961
SOM56139,15-March-2026,2026,1,Political violence,Explosions/Remote violence,Air/drone strike,Unidentified Military Forces,Military Forces of Somalia (2022-) National Intelligence and Security Agency,8,Al Shabaab,,2,28,,706,Eastern Africa,Somalia,Lower Shabelle,Qoryooley,,Ugunji,1.8734,44.7208,1,REDACTED IN SAMPLE,REDACTED IN SAMPLE,"On 15 March 2026, international forces (coded as unidentified military forces) and government security forces (NISA) launched an airstrike against Al Shabaab in Ugunji village (Qoryooley, Lower Shabelle). A senior Al Shabaab member was killed.",1,,1774983109
SOM55914,16-March-2026,2026,1,Political violence,Battles,Armed clash,Al Shabaab,,2,Military Forces of Somalia (2022-) Jubaland Security Force,,1,12,,706,Eastern Africa,Somalia,Lower Juba,Afmadow,,Afmadow,0.5172,42.071,1,REDACTED IN SAMPLE,REDACTED IN SAMPLE,"On 16 March 2026, Al Shabaab clashed with Jubaland security forces in Afmadow town (Afmadow, Lower Juba). Al Shabaab claimed to have killed 2 soldiers.",2,,1774318961
SOM55926,16-March-2026,2026,1,Political violence,Battles,Armed clash,Military Forces of Somalia (2022-),Hawiye-Habar Gedir-Ayr Sub-Clan Militia (Somalia),1,Al Shabaab,,2,12,,706,Eastern Africa,Somalia,Mudug,Xarardheere,,Dabagalo,4.9217,47.6652,1,REDACTED IN SAMPLE,REDACTED IN SAMPLE,"On 16 March 2026, for the second consecutive day, government security forces (SNA) and Hawiye-Habar Gedir Ayr sub-clan militia clashed with Al Shabaab in the vicinity of Dabagalo village (Xarardheere, Mudug). A senior member and 16 fighters were killed. 17 fatalities split across 2 dates and coded as 8 for this event.",8,,1774318961
SOM55979,16-March-2026,2026,1,Political violence,Violence against civilians,Attack,Macawiisley Militia (Somalia),,3,Civilians (Somalia),Taxi Drivers (Somalia),7,37,Civilian targeting,706,Eastern Africa,Somalia,Middle Shabelle,Jowhar,,Buurane,2.9647,45.5124,1,REDACTED IN SAMPLE,REDACTED IN SAMPLE,"On 16 March 2026, Macawisley militia shot and killed a taxi driver in Buurane village (Jowhar, Middle Shabelle). The motive was due to dispute over extortion money.",1,,1774318961
SOM55980,16-March-2026,2026,1,Political violence,Explosions/Remote violence,Remote explosive/landmine/IED,Al Shabaab,,2,Civilians (Somalia),Labor Group (Somalia),7,27,Civilian targeting,706,Eastern Africa,Somalia,Lower Shabelle,Marka,,Shalaambood,1.7087,44.6961,2,REDACTED IN SAMPLE,REDACTED IN SAMPLE,"On 16 March 2026, an IED planted by suspected Al Shabaab exploded, targeting an oil tanker truck operated by BECO, a local electricity provider, near Shalaambood village (Marka, Lower Shabelle). The blast killed 2 civilians and damaged the truck.",2,,1774318961
SOM55981,16-March-2026,2026,1,Political violence,Battles,Armed clash,Hawiye-Abgal Sub-Clan Militia (Somalia),,4,Al Shabaab,,2,24,,706,Eastern Africa,Somalia,Middle Shabelle,Cadale,,Masjid Cali Gaduud,3.1808,46.4354,2,REDACTED IN SAMPLE,REDACTED IN SAMPLE,"On 16 March 2026, Hawiye-Abgal sub-clan militia clashed with Al Shabaab near Masjid Cali Gaduud village (Cadale, Middle Shabelle). 3 Al Shabaab and 2 clan militias were injured.",0,,1774318961
SOM55982,16-March-2026,2026,1,Political violence,Battles,Armed clash,Military Forces of Somalia (2022-),Hawiye-Abgal Sub-Clan Militia (Somalia),1,Al Shabaab,,2,12,,706,Eastern Africa,Somalia,Middle Shabelle,Cadale,,Sumadaale,2.9194,46.0998,1,REDACTED IN SAMPLE,REDACTED IN SAMPLE,"On 16 March 2026, government security forces (SNA) and Hawiye-Abgal sub-clan militia clashed with Al Shabaab in the vicinity of Sumadaale village (Cadale, Middle Shabelle). There were no casualties.",0,,1774318961
SOM55983,16-March-2026,2026,1,Strategic developments,Strategic developments,Change to group/activity,Al Shabaab,,2,,,0,20,,706,Eastern Africa,Somalia,Hiraan,Bulo Burto,,Dabayoodle,4.05,45.4666,1,REDACTED IN SAMPLE,REDACTED IN SAMPLE,"Movement of forces: On 16 March 2026, Al Shabaab were observed regrouping in Dabayoodle village (Bulo Burto, Hiraan).",0,,1774318961
SOM55984,16-March-2026,2026,1,Political violence,Violence against civilians,Attack,Al Shabaab,,2,Civilians (Somalia),Pastoralists (Somalia),7,27,Civilian targeting,706,Eastern Africa,Somalia,Hiraan,Bulo Burto,,Ceel-Cali-Axmed,4.0336,46.3277,1,REDACTED IN SAMPLE,REDACTED IN SAMPLE,"On 16 March 2026, Al Shabaab assaulted a civilian pastoralist in Ceel-Cali-Axmed village (Bulo Burto, Hiraan). Extent of injuries unknown.",0,,1774318961
SOM55985,16-March-2026,2026,1,Political violence,Battles,Armed clash,Hawiye-Habar Gedir-Ayr Sub-Clan Militia (Somalia),,4,Darod-Marehan Sub-Clan Militia (Somalia),,4,44,,706,Eastern Africa,Somalia,Galgaduud,Cabudwaaq,,Cabudwaaq,6.1478,46.3964,2,REDACTED IN SAMPLE,REDACTED IN SAMPLE,"On 16 March 2026, Hawiye-Habar Gedir-Ayr sub-clan militia and Darod-Marehan sub-clan militia clashed in Ina Jiirow village near Cabudwaaq town (Cabudwaaq, Galgaduud). The motive was due to land dispute. 2 people were injured.",0,,1774318961
SOM55986,16-March-2026,2026,1,Strategic developments,Strategic developments,Change to group/activity,Al Shabaab,,2,,,0,20,,706,Eastern Africa,Somalia,Galgaduud,Ceel Buur,,Ris,4.51,47.4502,1,REDACTED IN SAMPLE,REDACTED IN SAMPLE,"Movement of forces: On 16 March 2026, Al Shabaab fighters, including group commanders, arrived in Ris village (Ceel Buur, Galgaduud). The fighters are mobilizing in the area to launch attacks in the Mudug, Hiraan, and Middle Shabelle regions.",0,,1774318961
SOM55987,16-March-2026,2026,1,Political violence,Explosions/Remote violence,Air/drone strike,Military Forces of the United States (2025-),Military Forces of Somalia (2022-),8,Islamic State Somalia Province,,2,28,,706,Eastern Africa,Somalia,Bari,Qandala,,Buuraha Cali Miskat,10.8548,49.7434,2,REDACTED IN SAMPLE,REDACTED IN SAMPLE,"On 16 March 2026, US forces, in coordination with SNA, conducted airstrikes targeting Islamic State Somalia Province position in the vicinity of the Golis Mountains, approximately 45 km southeast of Bossaso, near Buuraha Cali Miskat (Qandala, Bari). Casualties unknown.",0,,1776191110
SOM55988,16-March-2026,2026,1,Demonstrations,Riots,Violent demonstration,Rioters (Somalia),,5,Police Forces of Somaliland (2024-),,1,15,,706,Eastern Africa,Somalia,Woqooyi Galbeed,Hargeysa,,Koodbuur,9.25,44.08,1,REDACTED IN SAMPLE,REDACTED IN SAMPLE,"On 16 March 2026, residents barricaded roads with burning tires at the main road in Koodbuur village (Hargeysa, Woqooyi Galbeed). The Somaliland police forces arrested 3 people. The reason of the demonstration unknown.",0,crowd size=no report,1774318961
SOM55989,16-March-2026,2026,1,Political violence,Battles,Armed clash,Military Forces of Somaliland (2024-),,1,Military Forces of Somaliland (2024-),,1,11,,706,Eastern Africa,Somalia,Togdheer,Buuhoodle,,Qoorlugud,8.5533,46.2256,1,REDACTED IN SAMPLE,REDACTED IN SAMPLE,"On 16 March 2026, a Somaliland soldier opened fire on a vehicle carrying Somaliland troops in Qoorlugud village (Buuhoodle, Togdheer). The motive is unknown. 1 soldier was killed and 2 others were injured.",1,,1774318961
SOM56267,16-March-2026,2026,1,Political violence,Violence against civilians,Attack,Al Shabaab,,2,Civilians (Somalia),Pastoralists (Somalia),7,27,Civilian targeting,706,Eastern Africa,Somalia,Middle Juba,Saakow,,Dudundher,1.3178,41.4609,1,REDACTED IN SAMPLE,REDACTED IN SAMPLE,"On 16 March 2026, Al Shabaab assaulted three pastoralists in Dudundher village (Saakow, Middle Juba) for not fasting. Extent of injuries unknown.",0,,1776191110
SOM55990,17-March-2026,2026,1,Political violence,Battles,Armed clash,Al Shabaab,,2,Military Forces of Somalia (2022-),Hawiye-Habar Gedir Sub-Clan Group (Somalia),1,12,,706,Eastern Africa,Somalia,Galgaduud,Dhuusamarreeb,,Dhuusamarreeb,5.5376,46.3867,2,REDACTED IN SAMPLE,REDACTED IN SAMPLE,"On 17 March 2026, Al Shabaab clashed with government security forces (SNA) and Hawiye-Habar Gedir sub-clan militia in Ceel Cali Mire village near Dhuusamarreeb town (Dhuusamarreeb Galgaduud). Al Shabaab claimed to have killed 1 soldier and injured 4 others.",1,,1774318961
SOM55991,17-March-2026,2026,1,Political violence,Battles,Armed clash,Al Shabaab,,2,AUSSOM: Africa Union Support and Stabilisation Mission in Somalia (2025-) (Burundi),,8,28,,706,Eastern Africa,Somalia,Middle Shabelle,Jowhar,,Buurane,2.9647,45.5124,1,REDACTED IN SAMPLE,REDACTED IN SAMPLE,"On 17 March 2026, overnight, Al Shabaab clashed with AUSSOM BNDF troops in Buurane village (Jowhar, Middle Shabelle). There were no casualties. Al Shabaab claimed responsibility.",0,,1774318961
SOM55992,17-March-2026,2026,1,Political violence,Explosions/Remote violence,Grenade,Al Shabaab,,2,Police Forces of Somalia (2022-),Civilians (Somalia); Government of Somalia (2022-) Jubaland Administration,1,12,,706,Eastern Africa,Somalia,Gedo,Belet Xaawo,,Belet Xaawo,3.7807,41.8943,1,REDACTED IN SAMPLE,REDACTED IN SAMPLE,"On 17 March 2026, overnight, Al Shabaab threw a hand grenade targeting the district commissioner's vehicle and a police station in Belet Xaawo town (Belet Xaawo, Gedo). The security forces launched an operation and arrested a suspect in connection with the incident. Al Shabaab claimed to have killed 1 soldier.",1,local administrators,1774318961
SOM55993,17-March-2026,2026,1,Political violence,Explosions/Remote violence,Grenade,Al Shabaab,,2,Civilians (Somalia),Government of Somalia (2022-) Jubaland Administration,7,27,Civilian targeting,706,Eastern Africa,Somalia,Gedo,Garbahaarey,,Garbahaarey,3.328,42.2199,1,REDACTED IN SAMPLE,REDACTED IN SAMPLE,"On 17 March 2026, overnight, Al Shabaab threw a hand grenade targeting the residential house of Jubaland State Deputy Minister of Commerce in Garbahaarey town. The grenade landed inside the house. An unknown number of people were injured. Al Shabaab claimed responsibility.",0,local administrators,1774318961
SOM55994,17-March-2026,2026,1,Political violence,Explosions/Remote violence,Shelling/artillery/missile attack,Al Shabaab,,2,Military Forces of Somalia (2022-) Jubaland Security Force,,1,12,,706,Eastern Africa,Somalia,Lower Juba,Jamaame,,Bar-Sanguun,-0.0416,42.5945,1,REDACTED IN SAMPLE,REDACTED IN SAMPLE,"On 17 March 2026, overnight, Al Shabaab fired mortar shells targeting Jubaland security forces in Bar-Sanguun village (Jamaame, Lower Juba). Al Shabaab claimed to have injured 2 soldiers.",0,,1774318961
SOM55996,17-March-2026,2026,1,Political violence,Violence against civilians,Attack,Military Forces of Somalia (2022-),,1,Civilians (Somalia),Taxi Drivers (Somalia),7,17,Civilian targeting,706,Eastern Africa,Somalia,Banadir,Banadir,,Mogadishu - Dharkenley,2.0308,45.2661,1,REDACTED IN SAMPLE,REDACTED IN SAMPLE,"On 17 March 2026, a government soldier (SNA) shot and killed a tuk-tuk driver at the Moalim Nor neighborhood in Mogadishu - Dharkenley (Banadir). The motive was due to a dispute over extortion money.",1,,1774318961
SOM55997,17-March-2026,2026,1,Strategic developments,Strategic developments,Change to group/activity,Military Forces of Somaliland (2024-),,1,,,0,10,,706,Eastern Africa,Somalia,Sanaag,Ceerigaabo,,Jidali,10.7009,47.6684,1,REDACTED IN SAMPLE,REDACTED IN SAMPLE,"Movement of forces: On 17 March 2026, Somaliland security forces were deployed in Jidali village (Ceerigaabo, Sanaag).",0,,1774318961
SOM55998,18-March-2026,2026,1,Political violence,Explosions/Remote violence,Remote explosive/landmine/IED,Al Shabaab,,2,Military Forces of Somalia (2022-) Jubaland Security Force,,1,12,,706,Eastern Africa,Somalia,Lower Juba,Kismaayo,,Buulo Gaduud,-0.074,42.5719,2,REDACTED IN SAMPLE,REDACTED IN SAMPLE,"On 18 March 2026, an IED planted by Al Shabaab exploded, targeting a Jubaland security forces convoy between the Singaleyr and Farwamo areas, near Buulo Gaduud village in Kismaayo (Kismaayo, Lower Juba). 1 soldier was killed. Al Shabaab claimed responsibility.",1,,1774318961
SOM55999,18-March-2026,2026,1,Demonstrations,Protests,Peaceful protest,Protesters (Somalia),Taxi Drivers (Somalia),6,,,0,60,,706,Eastern Africa,Somalia,Banadir,Banadir,,Mogadishu - Dharkenley,2.0308,45.2661,1,REDACTED IN SAMPLE,REDACTED IN SAMPLE,"On 18 March 2026, family members and tuk-tuk drivers protested in Mogadishu - Dharkenley (Banadir) against what they said was 'brutalities by security forces' and demanded justice for a driver who was killed by a soldier a day before (coded separately).",0,crowd size=no report,1774318961
SOM56000,18-March-2026,2026,1,Political violence,Violence against civilians,Attack,Police Forces of Somalia (2022-),,1,Civilians (Somalia),,7,17,Civilian targeting,706,Eastern Africa,Somalia,Banadir,Banadir,,Mogadishu - Daynile,2.0576,45.2853,1,REDACTED IN SAMPLE,REDACTED IN SAMPLE,"On 18 March 2026, police forces from the Daynile district attacked civilians in the Day Maroodi area Gubta neighborhood in Mogadishu - Daynile (Banadir). The motive was due land dispute between the locals and the Daynile district administration. 1 civilian was killed and another was injured.",1,,1774318961
SOM56001,18-March-2026,2026,1,Political violence,Violence against civilians,Attack,Unidentified Clan Militia (Somalia),,4,Civilians (Somalia),,7,47,Civilian targeting,706,Eastern Africa,Somalia,Hiraan,Jalalaqsi,,Jalalaqsi,3.3834,45.5969,1,REDACTED IN SAMPLE,REDACTED IN SAMPLE,"On 18 March 2026, unidentified clan militia shot and killed a civilian in the western part of Jalalaqsi town (Jalalaqsi, Hiraan). The motive is unknown. Police forces arrested the suspect.",1,,1774318961
SOM56002,18-March-2026,2026,1,Political violence,Violence against civilians,Attack,Al Shabaab,,2,Civilians (Somalia),,7,27,Civilian targeting,706,Eastern Africa,Somalia,Middle Shabelle,Jowhar,,Kulmis,2.9331,45.5326,1,REDACTED IN SAMPLE,REDACTED IN SAMPLE,"On 18 March 2026, Al Shabaab beat and injured a civilian in Kulmis village (Jowhar, Middle Shabelle). Extent of injuries unknown.",0,,1774318961
SOM56003,18-March-2026,2026,1,Strategic developments,Strategic developments,Change to group/activity,Al Shabaab,,2,,,0,20,,706,Eastern Africa,Somalia,Middle Shabelle,Jowhar,,Moyka,2.7595,45.4977,1,REDACTED IN SAMPLE,REDACTED IN SAMPLE,"Movement of forces: On 18 March 2026, Al Shabaab arrived and crossed the river in Moyka village (Jowhar, Middle Shabelle).",0,,1774318961
SOM56004,18-March-2026,2026,1,Political violence,Battles,Armed clash,Al Shabaab,,2,Hawiye-Abgal Sub-Clan Militia (Somalia),,4,24,,706,Eastern Africa,Somalia,Middle Shabelle,Cadale,,Geel Gub,2.9822,46.2872,2,REDACTED IN SAMPLE,REDACTED IN SAMPLE,"On 18 March 2026, Al Shabaab clashed with Hawiye-Abgal sub-clan militia near Geel Gub village (Cadale, Middle Shabelle). There were no casualties.",0,,1774318961
SOM56005,18-March-2026,2026,1,Political violence,Battles,Armed clash,Unidentified Armed Group (Somalia),,3,Police Forces of Somalia (2022-) Southwest Special Police Forces,,1,13,,706,Eastern Africa,Somalia,Lower Shabelle,Afgooye,,Afgooye,2.15,45.116,1,REDACTED IN SAMPLE,REDACTED IN SAMPLE,"On 18 March 2026, an unidentified armed group supported by the opposition members clashed with Southwest State Special Police Forces (SWSPF) in Afgooye town (Afgooye, Lower Shabelle). There were no casualties.",0,,1774318961
SOM56006,18-March-2026,2026,1,Political violence,Violence against civilians,Attack,Al Shabaab,,2,Civilians (Somalia),Pastoralists (Somalia),7,27,Civilian targeting,706,Eastern Africa,Somalia,Lower Juba,Badhaadhe,,Badhaadhe,-1.03,41.483,2,REDACTED IN SAMPLE,REDACTED IN SAMPLE,"On 18 March 2026, Al Shabaab assaulted a pastoralist in Waraq village near Badhaadhe town (Badhaadhe, Lower Juba). Extent of injuries unknown.",0,,1774318961
SOM56007,18-March-2026,2026,1,Strategic developments,Strategic developments,Looting/property destruction,Al Shabaab,,2,Civilians (Somalia),Taxi Drivers (Somalia),7,27,,706,Eastern Africa,Somalia,Lower Juba,Afmadow,,Tabta,0.3046,41.4394,2,REDACTED IN SAMPLE,REDACTED IN SAMPLE,"Looting: On 18 March 2026, Al Shabaab looted a commercial vehicle near Tabta village (Afmadow, Lower Juba).",0,,1774318961
SOM56008,18-March-2026,2026,1,Political violence,Battles,Armed clash,Al Shabaab,,2,Military Forces of Somalia (2022-) Jubaland Security Force,,1,12,,706,Eastern Africa,Somalia,Lower Juba,Afmadow,,Qoqani,0.2906,41.7128,1,REDACTED IN SAMPLE,REDACTED IN SAMPLE,"On 18 March 2026, Al Shabaab clashed with Jubaland security forces in Qoqani village (Afmadow, Lower Juba). There were no casualties.",0,,1774318961
SOM56009,18-March-2026,2026,1,Political violence,Battles,Armed clash,Al Shabaab,,2,Military Forces of Somalia (2022-),,1,12,,706,Eastern Africa,Somalia,Lower Shabelle,Afgooye,,Saabid,2.1311,45.0377,1,REDACTED IN SAMPLE,REDACTED IN SAMPLE,"On 18 March 2026, Al Shabaab clashed with the government security forces (SNA) in Saabid village (Afgooye, Lower Shabelle). Casualties unknown.",0,,1774318961
SOM56010,18-March-2026,2026,1,Political violence,Battles,Armed clash,Al Shabaab,,2,Military Forces of Somalia (2022-),,1,12,,706,Eastern Africa,Somalia,Lower Shabelle,Afgooye,,Caanoole,2.1304,45.0402,1,REDACTED IN SAMPLE,REDACTED IN SAMPLE,"On 18 March 2026, Al Shabaab clashed with the government security forces (SNA) in Caanoole village (Afgooye, Lower Shabelle). Casualties unknown.",0,,1774318961
SOM56011,18-March-2026,2026,1,Political violence,Battles,Armed clash,Al Shabaab,,2,Military Forces of Somalia (2022-),,1,12,,706,Eastern Africa,Somalia,Lower Shabelle,Afgooye,,Mareerey,2.116,45.05,1,REDACTED IN SAMPLE,REDACTED IN SAMPLE,"On 18 March 2026, Al Shabaab clashed with the government security forces (SNA) in Mareerey village (Afgooye, Lower Shabelle). Casualties unknown.",0,,1774318961
SOM56012,18-March-2026,2026,1,Political violence,Violence against civilians,Attack,Al Shabaab,,2,Civilians (Somalia),,7,27,Civilian targeting,706,Eastern Africa,Somalia,Bakool,Tayeeglow,,Tayeeglow,4.0182,44.5127,2,REDACTED IN SAMPLE,REDACTED IN SAMPLE,"On 18 March 2026, Al Shabaab beat and abducted an older person near Tayeeglow town (Tayeeglow, Bakool), accusing him of spying for Ethiopian forces.",0,,1774318961
SOM56013,18-March-2026,2026,1,Political violence,Battles,Armed clash,Al Shabaab,,2,Rahanweyn Clan Militia (Somalia),,4,24,,706,Eastern Africa,Somalia,Bakool,Xudur,,Ceel Garas,4.1507,44.2119,1,REDACTED IN SAMPLE,REDACTED IN SAMPLE,"On 18 March 2026, Al Shabaab clashed with a Rahanweyne clan militia opposing the Southwest administration on the outskirts of Ceel Garas village (Xudur, Bakool). Casualties unknown.",0,,1774318961
SOM56014,18-March-2026,2026,1,Strategic developments,Strategic developments,Change to group/activity,Military Forces of Somaliland (2024-),,1,,,0,10,,706,Eastern Africa,Somalia,Awdal,Lughaye,,Geerisa,10.6035,43.4336,1,REDACTED IN SAMPLE,REDACTED IN SAMPLE,"Movement of forces: On 18 March 2026, Somaliland security forces were deployed in Geerisa village (Lughaye, Awdal) to diffuse clan tension.",0,,1774318961
SOM56015,18-March-2026,2026,1,Political violence,Violence against civilians,Attack,Dir-Issa Sub-Clan Militia (Somalia),,4,Civilians (Somalia),Dir-Gadabuursi Sub-Clan Group (Somalia),7,47,Civilian targeting,706,Eastern Africa,Somalia,Awdal,Lughaye,,Lughaye,10.6825,43.9432,2,REDACTED IN SAMPLE,REDACTED IN SAMPLE,"On 18 March 2026, Dir Issa clan militia ambushed vehicles belonging to a Gadabursi clan near Lughaye town (Lughaye, Awdal). Casualties unknown.",0,,1774318961
SOM56016,19-March-2026,2026,1,Strategic developments,Strategic developments,Change to group/activity,Police Forces of Somalia (2022-) Special Forces,,1,,,0,10,,706,Eastern Africa,Somalia,Lower Shabelle,Baraawe,,Baraawe,1.1132,44.0297,1,REDACTED IN SAMPLE,REDACTED IN SAMPLE,"Movement of forces: On 19 March 2026, hundreds of special police forces (Harmacad) were deployed in Baraawe town (Baraawe, Lower Shabelle). The move comes amid escalating tensions between the Federal Government and the Southwest State.",0,,1774318961
SOM56017,19-March-2026,2026,1,Strategic developments,Strategic developments,Change to group/activity,Police Forces of Somalia (2022-) Special Forces,,1,,,0,10,,706,Eastern Africa,Somalia,Bay,Buur Hakaba,,Buur Xakaba,2.8049,44.0821,1,REDACTED IN SAMPLE,REDACTED IN SAMPLE,"Movement of forces: On 19 March 2026, hundreds of special police forces (Harmacad) were deployed in Buur Xakaba town (Buur Hakaba, Bay). The move comes amid escalating tensions between the Federal Government and the Southwest State.",0,,1774318961
SOM56018,19-March-2026,2026,1,Political violence,Explosions/Remote violence,Remote explosive/landmine/IED,Al Shabaab,,2,Military Forces of Somalia (2022-) National Intelligence and Security Agency,,1,12,,706,Eastern Africa,Somalia,Gedo,Belet Xaawo,,Belet Xaawo,3.7807,41.8943,1,REDACTED IN SAMPLE,REDACTED IN SAMPLE,"On 19 March 2026, an IED planted by Al Shabaab exploded, targeting government security forces (NISA) at a checkpoint along the border in Belet Xaawo town (Belet Xaawo, Gedo). Al Shabaab claimed to have injured 2 soldiers.",0,local administrators,1774318961
SOM56019,19-March-2026,2026,1,Political violence,Explosions/Remote violence,Remote explosive/landmine/IED,Al Shabaab,,2,Military Forces of Somalia (2022-),,1,12,,706,Eastern Africa,Somalia,Hiraan,Belet Weyne,,Belet Weyne,4.736,45.2043,1,REDACTED IN SAMPLE,REDACTED IN SAMPLE,"On 19 March 2026, 2 IEDs planted by Al Shabaab exploded, targeting government security forces (SNA) eastern entrance checkpoint and another checkpoint within Belet Weyne town (Belet Weyne, Hiraan). Al Shabaab claimed to have injured unknown number of soldiers.",0,,1774318961
SOM56020,19-March-2026,2026,1,Political violence,Explosions/Remote violence,Remote explosive/landmine/IED,Al Shabaab,,2,Military Forces of Somalia (2022-),,1,12,,706,Eastern Africa,Somalia,Lower Shabelle,Afgooye,,Almada,2.2187,45.2087,1,REDACTED IN SAMPLE,REDACTED IN SAMPLE,"On 19 March 2026, an IED planted by Al Shabaab exploded, targeting government security forces (SNA) at a checkpoint in Almada village (Afgooye, Lower Shabelle). Al Shabaab claimed to have killed 4 soldiers.",4,,1774318961
SOM56021,19-March-2026,2026,1,Political violence,Battles,Armed clash,Dir Clan Militia (Somalia),,4,Hawiye-Sheeqaal Sub-Clan Militia (Somalia),,4,44,,706,Eastern Africa,Somalia,Mudug,Jariiban,,Tawfiiq,6.6173,48.8752,2,REDACTED IN SAMPLE,REDACTED IN SAMPLE,"On 19 March 2026, Dir clan militia and Hawiye-Sheeqaal sub-clan militia clashed in Hirsalaama area near Tawfiiq village (Jariiban, Mudug). The motive was due land dispute and clan revenge. 18 people were killed and 27 others were injured.",18,,1774318961
SOM56022,19-March-2026,2026,1,Political violence,Battles,Armed clash,Police Forces of Somalia (2022-) Southwest Special Police Forces,,1,Police Forces of Somalia (2022-) Southwest Special Police Forces,,1,11,,706,Eastern Africa,Somalia,Bay,Baydhaba,,Baidoa,3.1172,43.6469,1,REDACTED IN SAMPLE,REDACTED IN SAMPLE,"On 19 March 2026, overnight, 2 groups of Southwest Special Police Forces (SWSPF) aligned with the Southwest administration and armed opposition groups, clashed in the Suuqa Xoolaha neighborhood in Baidoa town (Baydhaba, Bay). The clash was initiated with RPGs and PKMs. Unknown number of officers were injured and several others were arrested.",0,,1774318961
SOM56023,19-March-2026,2026,1,Strategic developments,Strategic developments,Change to group/activity,Al Shabaab,,2,,,0,20,,706,Eastern Africa,Somalia,Middle Shabelle,Jowhar,,Jowhar,2.7797,45.5042,2,REDACTED IN SAMPLE,REDACTED IN SAMPLE,"Movement of forces: On 19 March 2026, Al Shabaab were seen regrouping in Raayle and Gashaanle village near Jowhar town (Jowhar, Middle Shabelle).",0,,1774318961
SOM56024,19-March-2026,2026,1,Demonstrations,Protests,Peaceful protest,Protesters (Somalia),,6,,,0,60,,706,Eastern Africa,Somalia,Banadir,Banadir,,Mogadishu - Daynile,2.0576,45.2853,1,REDACTED IN SAMPLE,REDACTED IN SAMPLE,"On 19 March 2026, residents of the Gubta neighborhood in Mogadishu - Daynile (Banadir) staged a protest against land evictions by security forces.",0,crowd size=no report,1774318961
SOM56025,19-March-2026,2026,1,Political violence,Battles,Armed clash,Al Shabaab,,2,Hawiye-Hawadle Sub-Clan Militia (Somalia),,4,24,,706,Eastern Africa,Somalia,Hiraan,Belet Weyne,,Tedan,4.3928,46.0881,2,REDACTED IN SAMPLE,REDACTED IN SAMPLE,"On 19 March 2026, Al Shabaab clashed with Hawiye-Hawadle sub-clan militia near Tedan village (Belet Weyne, Hiraan). There were no casualties.",0,,1774318961
SOM56026,19-March-2026,2026,1,Political violence,Battles,Armed clash,Al Shabaab,,2,Hawiye-Hawadle Sub-Clan Militia (Somalia),,4,24,,706,Eastern Africa,Somalia,Hiraan,Bulo Burto,,Maxaas,4.3934,46.0882,2,REDACTED IN SAMPLE,REDACTED IN SAMPLE,"On 19 March 2026, Al Shabaab ambushed Hawiye-Hawadle sub-clan militia in the Isgoyska area near Maxaas town (Bulo Burto, Hiraan). An unknown number of people were killed and wounded. Unspecified number of fatalities coded as 3.",3,,1774318961
SOM56027,19-March-2026,2026,1,Political violence,Violence against civilians,Abduction/forced disappearance,Al Shabaab,,2,Civilians (Somalia),,7,27,Civilian targeting,706,Eastern Africa,Somalia,Bay,Buur Hakaba,,Buulo Fulaay,2.1106,43.5233,1,REDACTED IN SAMPLE,REDACTED IN SAMPLE,"On 19 March 2026, Al Shabaab abducted three youths in Buulo Fulaay village (Buur Hakaba, Bay).",0,,1774318961
SOM56028,19-March-2026,2026,1,Political violence,Violence against civilians,Attack,Al Shabaab,,2,Civilians (Somalia),Taxi Drivers (Somalia),7,27,Civilian targeting,706,Eastern Africa,Somalia,Middle Juba,Jilib,,Jilib,0.4833,42.7666,1,REDACTED IN SAMPLE,REDACTED IN SAMPLE,"On 19 March 2026, Al Shabaab assaulted a minivan driver at the Ali Farhaan checkpoint in Jilib town (Jilib, Middle Juba). Extent of injuries unknown.",0,,1774318961
SOM56029,19-March-2026,2026,1,Strategic developments,Strategic developments,Change to group/activity,Al Shabaab,,2,,,0,20,,706,Eastern Africa,Somalia,Middle Juba,Jilib,,Kunyo Barrow,0.8014,43.3837,2,REDACTED IN SAMPLE,REDACTED IN SAMPLE,"Movement of forces: On 19 March 2026, Al Shabaab was seen regrouping in a forested area between Haramka and Kunyo Barrow village (Jilib, Lower Shabelle).",0,,1774318961
SOM56032,19-March-2026,2026,1,Political violence,Violence against civilians,Abduction/forced disappearance,Al Shabaab,,2,Civilians (Somalia),Women (Somalia),7,27,Civilian targeting,706,Eastern Africa,Somalia,Lower Shabelle,Afgooye,,Awbocow,1.985,45.0018,1,REDACTED IN SAMPLE,REDACTED IN SAMPLE,"On 19 March 2026, Al Shabaab abducted a woman in Awbocow village (Afgooye, Lower Shabelle) while she was traveling from the Diinsoor district to Buaale town.",0,,1774318961
SOM56041,19-March-2026,2026,1,Political violence,Explosions/Remote violence,Shelling/artillery/missile attack,Al Shabaab,,2,Military Forces of Somalia (2022-),Civilians (Somalia),1,12,,706,Eastern Africa,Somalia,Lower Juba,Jamaame,,Bar-Sanguun,-0.0416,42.5945,1,REDACTED IN SAMPLE,REDACTED IN SAMPLE,"On 19 March 2026, Al Shabaab fired 8 mortar shells targeting government security forces (SNA) at a base in Bar-Sanguun village (Jamaame, Lower Juba). Some of the mortars landed in residential areas. 1 person was killed, and 2 others were injured.",1,,1774983109
SOM56042,19-March-2026,2026,1,Political violence,Explosions/Remote violence,Air/drone strike,Military Forces of the United States (2025-),,8,Al Shabaab,,2,28,,706,Eastern Africa,Somalia,Lower Juba,Jamaame,,Jamaame,0.0692,42.7382,2,REDACTED IN SAMPLE,REDACTED IN SAMPLE,"On 19 March 2026, US forces conducted airstrikes targeting Al Shabaab position near Jamaame town (Jamaame, Lower Juba). Casualties unknown.",0,,1774922350
SOM56097,19-March-2026,2026,1,Political violence,Explosions/Remote violence,Air/drone strike,Unidentified Military Forces,Military Forces of Somalia (2022-) National Intelligence and Security Agency,8,Al Shabaab,,2,28,,706,Eastern Africa,Somalia,Middle Juba,Jilib,,Kunyo Barrow,0.8014,43.3837,2,REDACTED IN SAMPLE,REDACTED IN SAMPLE,"On 19 March 2026, international forces (coded as unidentified military forces) and government security forces (NISA) launched an airstrike against Al Shabaab position between Jilib and Kunyo Barrow town (Jilib, Middle Juba). A senior Al Shabaab member was killed.",1,,1774983109
SOM56118,19-March-2026,2026,1,Political violence,Battles,Armed clash,Al Shabaab,,2,Military Forces of Somalia (2022-),,1,12,,706,Eastern Africa,Somalia,Lower Shabelle,Qoryooley,,Qoryooley,1.7878,44.53,1,REDACTED IN SAMPLE,REDACTED IN SAMPLE,"On 19 March 2026, Al Shabaab clashed with government security forces (SNA) in the vicinity of Qoryooley town (Qoryooley, Lower Shabelle). An unknown number of Al Shabaab were killed and wounded. Unspecified number of fatalities coded as 3.",3,,1774983109
SOM56030,20-March-2026,2026,1,Political violence,Battles,Armed clash,Military Forces of Somalia (2022-) Jubaland Security Force,,1,Al Shabaab,,2,12,,706,Eastern Africa,Somalia,Lower Juba,Afmadow,,Afmadow,0.5172,42.071,1,REDACTED IN SAMPLE,REDACTED IN SAMPLE,"On 20 March 2026, Jubaland security forces clashed with Al Shabaab in the vicinity of Afmadow town (Afmadow, Lower Juba). The security forces arrested a senior Al Shabaab member. There were no casualties.",0,,1774318961
SOM56031,20-March-2026,2026,1,Political violence; Demonstrations,Protests,Excessive force against protesters,Protesters (Somalia),,6,Police Forces of Somalia (2022-),,1,16,Civilian targeting,706,Eastern Africa,Somalia,Banadir,Banadir,,Mogadishu - Daynile,2.0576,45.2853,1,REDACTED IN SAMPLE,REDACTED IN SAMPLE,"On 20 March 2026, residents of the Gubta neighborhood protested in Mogadishu - Daynile (Banadir) against land evictions by security forces. The police opened fire on the protesters, injuring 2 people.",0,crowd size=no report,1774318961
SOM56039,20-March-2026,2026,1,Strategic developments,Strategic developments,Change to group/activity,Police Forces of Somalia (2022-) Southwest Special Police Forces,,1,,,0,10,,706,Eastern Africa,Somalia,Lower Shabelle,Baraawe,,Baraawe,1.1132,44.0297,1,REDACTED IN SAMPLE,REDACTED IN SAMPLE,"Movement of forces: On 20 March 2026, Southwest Special Police Forces (SWSPF) vacated their bases in Baraawe (Baraawe, Lower Shabelle). The forces have relocated to Kismayo by motorboat, marking a significant shift in the area's security dynamics. More than 60 troops previously stationed at the Southwest presidential palace and the local police station departed on four boats. The withdrawal coincided with the federal government's deployment of additional troops to Barawe, which raised local tensions. Baraawe is now under federal control, and the transfer of authority was completed without any reported incidents.",0,,1774983109
SOM56081,20-March-2026,2026,1,Political violence,Battles,Armed clash,Police Forces of Somalia (2022-),Former Police Forces of Somalia (2022-) Southwest Special Police Forces,1,Police Forces of Somalia (2022-) Southwest Special Police Forces,,1,11,,706,Eastern Africa,Somalia,Bay,Baydhaba,,Daudow,3.0572,43.651,2,REDACTED IN SAMPLE,REDACTED IN SAMPLE,"On 20 March 2026, armed opposition defected from the Southwest State Special Police Forces (SWSPF) and allied with the federal government, clashed with Southwest State Special Police Forces (SWSPF) allied with the local administration near Daudow village (Baydhaba, Bay), resulting in casualties. The clash continued the following day (coded separately). Unspecified casualties coded as 3.",3,,1774908916
SOM56088,20-March-2026,2026,1,Political violence; Demonstrations,Protests,Excessive force against protesters,Protesters (Somalia),Civilians (Somalia),6,Military Forces of Somalia (2022-),,1,16,Civilian targeting,706,Eastern Africa,Somalia,Bakool,Xudur,,Hudur,4.1237,43.8915,1,REDACTED IN SAMPLE,REDACTED IN SAMPLE,"On 20 March 2026, local residents protested in Hudur town (Xudur, Bakool) in support of federal government activities in Southwest regions. The soldiers fired live bullets. Several bystander civilians were injured.",0,crowd size=no report,1774983109
SOM56033,21-March-2026,2026,1,Political violence,Battles,Armed clash,Police Forces of Somalia (2022-) Southwest Special Police Forces,,1,Police Forces of Somalia (2022-),Former Police Forces of Somalia (2022-) Southwest Special Police Forces,1,11,,706,Eastern Africa,Somalia,Bay,Baydhaba,,Habar Dooy,3.0185,43.4257,1,REDACTED IN SAMPLE,REDACTED IN SAMPLE,"On 21 March 2026, SWSPF, aligned with the Southwest administration, clashed with armed opposition groups (that had defected from SWSPF and alligned with Federal Government) in Habar Dooy village (Baydhaba, Bay). There were no casualties.",0,,1774908916
SOM56043,21-March-2026,2026,1,Political violence,Battles,Armed clash,Police Forces of Somalia (2022-) Southwest Special Police Forces,,1,Al Shabaab,,2,12,,706,Eastern Africa,Somalia,Bay,Baydhaba,,Gaal Looge,2.9779,43.7393,2,REDACTED IN SAMPLE,REDACTED IN SAMPLE,"On 21 March 2026, Southwest Special Police Forces (SWSPF) clashed with Al Shabaab in Raama-Hudo area near Gaal Looge village (Baydhaba, Bay). There were no casualties.",0,,1774922350
SOM56054,21-March-2026,2026,1,Demonstrations,Protests,Peaceful protest,Protesters (Somalia),,6,,,0,60,,706,Eastern Africa,Somalia,Bay,Baydhaba,,Baidoa,3.1172,43.6469,1,REDACTED IN SAMPLE,REDACTED IN SAMPLE,"On 21 March 2026, local residents protested in Baidoa town (Baydhaba, Bay) against the Federal Government of Somalia and in support of the Southwest State President. The protesters marched along the main road, chanting slogans that support the election organized by the Southwest state.",0,crowd size=no report,1774983109
SOM56061,21-March-2026,2026,1,Political violence,Violence against civilians,Abduction/forced disappearance,Al Shabaab,,2,Civilians (Somalia),,7,27,Civilian targeting,706,Eastern Africa,Somalia,Middle Juba,Bu'aale,,Buaale,1.2448,42.5732,1,REDACTED IN SAMPLE,REDACTED IN SAMPLE,"On 21 March 2026, Al Shabaab abducted three civilians traveling from Baardhhere, in Buaale town (Bu'aale, Middle Juba).",0,,1774983109
SOM56070,21-March-2026,2026,1,Strategic developments,Strategic developments,Change to group/activity,Al Shabaab,,2,,,0,20,,706,Eastern Africa,Somalia,Galgaduud,Ceel Buur,,Ceel Buur,4.6815,46.6234,1,REDACTED IN SAMPLE,REDACTED IN SAMPLE,"Movement of forces: On 21 March 2026, several heavily armed Al Shabaab fighters arrived in the vicinity of Ceel Buur town (Ceel Buur, Galgaduud). The fighter moved from the Mudug region.",0,,1774922350
SOM56078,21-March-2026,2026,1,Political violence,Battles,Armed clash,Hawiye-Habar Gedir-Saleban Sub-Clan Militia (Somalia),,4,Darod-Marehan-Cili Sub-Clan Militia (Somalia),,4,44,,706,Eastern Africa,Somalia,Galgaduud,Cabudwaaq,,Dalsan,6.2706,46.3236,2,REDACTED IN SAMPLE,REDACTED IN SAMPLE,"On 21 March 2026, Hawiye-Habar Gedir-Saleban sub-clan militia clashed with Darod-Marehan-Cili sub-clan militia in the vicinity of Baraag-Sadex area on the outskirts of Ruun-Cadde village near Dalsan village (Cabudwaaq, Galgaduud). There were no casualties.",0,,1774908916
SOM56082,21-March-2026,2026,1,Political violence,Battles,Armed clash,Police Forces of Somalia (2022-),Former Police Forces of Somalia (2022-) Southwest Special Police Forces,1,Police Forces of Somalia (2022-) Southwest Special Police Forces,,1,11,,706,Eastern Africa,Somalia,Bay,Baydhaba,,Daudow,3.0572,43.651,2,REDACTED IN SAMPLE,REDACTED IN SAMPLE,"On 21 March 2026, for the second consecutive day, armed opposition defected from the Southwest State Special Police Forces (SWSPF) allied with the federal government, clashed with Southwest State Special Police Forces (SWSPF) allied with the local administration near Daudow village (Baydhaba, Bay). There were no casualties.",0,,1774908916
SOM56090,21-March-2026,2026,1,Political violence,Violence against civilians,Attack,Darod-Marehan Sub-Clan Militia (Somalia),,4,Civilians (Somalia),Unidentified Clan Group (Somalia),7,47,Civilian targeting,706,Eastern Africa,Somalia,Galgaduud,Cabudwaaq,,Hurshe,6.1201,46.3153,2,REDACTED IN SAMPLE,REDACTED IN SAMPLE,"On 21 March 2026, Darod-Marehan sub-clan militia opened gunfire on a passenger vehicle from another clan (coded as unidentified clan group) near Hurshe village (Cabudwaaq, Galgaduud) resulting in damage to the vehicle. There were no casualties.",0,,1774908916
SOM56148,21-March-2026,2026,1,Political violence,Violence against civilians,Attack,Al Shabaab,,2,Civilians (Somalia),,7,27,Civilian targeting,706,Eastern Africa,Somalia,Galgaduud,Ceel Buur,,Xin Dheere,4.7258,46.2191,1,REDACTED IN SAMPLE,REDACTED IN SAMPLE,"On 21 March 2026, Al Shabaab assaulted a civilian in Xin Dheere village (Ceel Buur, Galgaduud). Extent of injuries unknown.",0,,1774922350
SOM56149,21-March-2026,2026,1,Strategic developments,Strategic developments,Change to group/activity,Islamic State Somalia Province,,2,,,0,20,,706,Eastern Africa,Somalia,Bari,Bossaso,,Yalho,10.9176,49.2525,2,REDACTED IN SAMPLE,REDACTED IN SAMPLE,"Movement of forces: On 21 March 2026, Islamic State Somalia Province arrived at the Ceelka Madaah near Yalho village (Bossaso, Bari).",0,,1774922350
SOM56034,22-March-2026,2026,1,Political violence,Battles,Armed clash,Al Shabaab,,2,Military Forces of Somalia (2022-),,1,12,,706,Eastern Africa,Somalia,Lower Shabelle,Marka,,Janaale,1.8,44.7,1,REDACTED IN SAMPLE,REDACTED IN SAMPLE,"On 22 March 2026, overnight, Al Shabaab clashed with government security forces (SNA) at a base in Janaale town (Marka, Lower Shabelle). There were no casualties. Al Shabaab claimed responsibility.",0,,1774983109
SOM56035,22-March-2026,2026,1,Political violence,Battles,Armed clash,Al Shabaab,,2,AUSSOM: Africa Union Support and Stabilisation Mission in Somalia (2025-) (Uganda),,8,28,,706,Eastern Africa,Somalia,Lower Shabelle,Marka,,Janaale,1.8,44.7,1,REDACTED IN SAMPLE,REDACTED IN SAMPLE,"On 22 March 2026, overnight, Al Shabaab clashed with AUSSOM UPDF troops at a base in Janaale town (Marka, Lower Shabelle). There were no casualties. Al Shabaab claimed responsibility.",0,,1774983109
SOM56036,22-March-2026,2026,1,Political violence,Battles,Armed clash,Al Shabaab,,2,Military Forces of Somalia (2022-),,1,12,,706,Eastern Africa,Somalia,Lower Shabelle,Afgooye,,Mukaiga,2.1517,45.0686,1,REDACTED IN SAMPLE,REDACTED IN SAMPLE,"On 22 March 2026, overnight, Al Shabaab clashed with government security forces (SNA) at a base in Mukaiga village (Afgooye, Lower Shabelle). There were no casualties. Al Shabaab claimed responsibility.",0,,1774922350
SOM56038,22-March-2026,2026,1,Political violence,Violence against civilians,Attack,Unidentified Clan Militia (Somalia),,4,Civilians (Somalia),Muslim Group (Somalia),7,47,Civilian targeting,706,Eastern Africa,Somalia,Lower Shabelle,Marka,,Janaale,1.8,44.7,1,REDACTED IN SAMPLE,REDACTED IN SAMPLE,"On 22 March 2026, overnight, unidentified clan militia shot and killed a Quranic teacher in Janaale town (Marka, Lower Shabelle). The motive is unknown.",1,,1774983109
SOM56040,22-March-2026,2026,1,Strategic developments,Strategic developments,Change to group/activity,Police Forces of Somalia (2022-) Special Forces,,1,,,0,10,,706,Eastern Africa,Somalia,Bay,Buur Hakaba,,Buur Xakaba,2.8049,44.0821,1,REDACTED IN SAMPLE,REDACTED IN SAMPLE,"Movement of forces: On 22 March 2026, hundreds of police forces (Harmacad) were deployed in Buur Xakaba town (Buur Hakaba, Bay). The move came amid escalating tensions between the Federal Government and the Southwest State.",0,,1774983109
SOM56044,22-March-2026,2026,1,Political violence,Battles,Armed clash,Al Shabaab,,2,Military Forces of Somalia (2022-),,1,12,,706,Eastern Africa,Somalia,Lower Shabelle,Afgooye,,Afgooye,2.15,45.116,2,REDACTED IN SAMPLE,REDACTED IN SAMPLE,"On 22 March 2026, overnight, Al Shabaab clashed with government security forces (SNA) at a base in Haanta Dheer village near Afgooye town (Afgooye, Lower Shabelle). There were no casualties. Al Shabaab claimed responsibility.",0,,1774983109
SOM56048,22-March-2026,2026,1,Political violence,Battles,Armed clash,Al Shabaab,,2,Military Forces of Somalia (2022-),,1,12,,706,Eastern Africa,Somalia,Lower Shabelle,Afgooye,,Afgooye,2.15,45.116,1,REDACTED IN SAMPLE,REDACTED IN SAMPLE,"On 22 March 2026, Al Shabaab clashed with government soldiers (SNA) at the Marka Bus Station area in Afgooye town (Afgooye, Lower Shabelle), after the militants threw a hand grenade. A civilian bystander was injured.",0,,1774983109
SOM56049,22-March-2026,2026,1,Political violence,Violence against civilians,Attack,Al Shabaab,,2,Civilians (Somalia),Military Forces of Somalia (2022-),7,27,Civilian targeting,706,Eastern Africa,Somalia,Middle Juba,Bu'aale,,Arabow,1.4518,42.9518,1,REDACTED IN SAMPLE,REDACTED IN SAMPLE,"On 22 March 2026, Al Shabaab shot and killed 2 youths in Arabow village (Bu'aale, Middle Juba) after accusing them of spying for government security forces (SNA).",2,,1774983109
SOM56055,22-March-2026,2026,1,Demonstrations,Protests,Peaceful protest,Protesters (Somalia),,6,,,0,60,,706,Eastern Africa,Somalia,Bay,Baydhaba,,Baidoa,3.1172,43.6469,1,REDACTED IN SAMPLE,REDACTED IN SAMPLE,"On 22 March 2026, local residents protested in Baidoa town (Baydhaba, Bay) against the Federal Government of Somalia and in support of the Southwest State President. The protesters marched along the main road, chanting slogans that support the election organized by the Southwest state.",0,crowd size=no report,1774983109
SOM56059,22-March-2026,2026,1,Political violence,Battles,Armed clash,Military Forces of Somalia (2022-) Galmudug Security Force,Hawiye-Habar Gedir Sub-Clan Militia (Somalia),1,Al Shabaab,,2,12,,706,Eastern Africa,Somalia,Galgaduud,Ceel Buur,,Bar Ujeed,4.9638,46.2656,2,REDACTED IN SAMPLE,REDACTED IN SAMPLE,"On 22 March 2026, Galmudug security forces (Galeyr) and Hawiye-Habar Gedir sub-clan militia clashed with Al Shabaab near Bar Ujeed village (Ceel Buur, Galgaduud). There were no casualties.",0,,1774983109
SOM56060,22-March-2026,2026,1,Strategic developments,Strategic developments,Change to group/activity,Islamic State Somalia Province,,2,,,0,20,,706,Eastern Africa,Somalia,Bari,Bossaso,,Bosaso,11.2842,49.1816,2,REDACTED IN SAMPLE,REDACTED IN SAMPLE,"Movement of forces: On 22 March 2026, Islamic State Somalia Province were observed regrouping in the Ceelka Shinkaalo area near Bosaso town (Bossaso, Bari).",0,,1774983109
SOM56071,22-March-2026,2026,1,Political violence,Battles,Armed clash,Military Forces of Somalia (2022-) Galmudug Security Force,Hawiye-Habar Gedir Sub-Clan Militia (Somalia),1,Al Shabaab,,2,12,,706,Eastern Africa,Somalia,Galgaduud,Dhuusamarreeb,,Ceel Garas,5.2053,46.5137,1,REDACTED IN SAMPLE,REDACTED IN SAMPLE,"On 22 March 2026, Galmudug security forces (Galeyr) and Hawiye-Habar Gedir sub-clan militia clashed with Al Shabaab position in Ceel Garas village (Dhuusamarreeb, Galgaduud). There were no casualties.",0,,1774983109
SOM56073,22-March-2026,2026,1,Political violence,Battles,Armed clash,Al Shabaab,,2,Military Forces of Somalia (2022-),,1,12,,706,Eastern Africa,Somalia,Lower Shabelle,Afgooye,,Cumar Beerre,2.1989,45.0548,1,REDACTED IN SAMPLE,REDACTED IN SAMPLE,"On 22 March 2026, Al Shabaab clashed with government security forces (SNA) at a checkpoint in Cumar Beerre village (Afgooye, Lower Shabelle). There were no casualties.",0,,1774983109
SOM56076,22-March-2026,2026,1,Political violence,Battles,Armed clash,Al Shabaab,,2,Hawiye-Habar Gedir Sub-Clan Militia (Somalia),,4,24,,706,Eastern Africa,Somalia,Mudug,Xarardheere,,Dabagalo,4.9217,47.6652,2,REDACTED IN SAMPLE,REDACTED IN SAMPLE,"On 22 March 2026, Al Shabaab clashed with Hawiye-Habar Gedir sub-clan militia near Dabagalo village (Xarardheere, Mudug). There were no casualties.",0,,1774983109
SOM56079,22-March-2026,2026,1,Political violence,Battles,Armed clash,Al Shabaab,,2,Military Forces of Somalia (2022-),,1,12,,706,Eastern Africa,Somalia,Lower Shabelle,Marka,,Danow,1.7317,44.6253,1,REDACTED IN SAMPLE,REDACTED IN SAMPLE,"On 22 March 2026, Al Shabaab clashed with government security forces (SNA) at a base in Danow village (Marka, Lower Shabelle). There were no casualties.",0,,1774922350
SOM56085,22-March-2026,2026,1,Political violence,Battles,Armed clash,Islamic State Somalia Province,,2,Military Forces of Somalia (2022-) Puntland Dervish Force,,1,12,,706,Eastern Africa,Somalia,Bari,Qandala,,Dharin,10.9751,50.1241,2,REDACTED IN SAMPLE,REDACTED IN SAMPLE,"On 22 March 2026, Islamic State Somalia Province clashed with Puntland Dervish Force in Curaar village near Dharin (Qandala, Bari). An unknown number of soldiers were injured.",0,,1774922350
SOM56113,22-March-2026,2026,1,Strategic developments,Strategic developments,Change to group/activity,Islamic State Somalia Province,,2,,,0,20,,706,Eastern Africa,Somalia,Bari,Qandala,,Qandala,11.471,49.8726,2,REDACTED IN SAMPLE,REDACTED IN SAMPLE,"Movement of forces: On 22 March 2026, Islamic State Somalia Province were observed regrouping in the Ceelka Marmarka area near Qandala town (Qandala, Bari)",0,,1774983109
SOM56114,22-March-2026,2026,1,Demonstrations,Protests,Peaceful protest,Protesters (Somalia),Military Forces of Somalia (2022-) Puntland Dervish Force,6,,,0,60,,706,Eastern Africa,Somalia,Bari,Qandala,,Qandala,11.471,49.8726,2,REDACTED IN SAMPLE,REDACTED IN SAMPLE,"On 22 March 2026, the Puntland Dervish Force protested near Qandala town (Qandala, Bari). The protest was due to delayed and unpaid salaries.",0,crowd size=no report,1774983109
SOM56119,22-March-2026,2026,1,Political violence,Battles,Armed clash,Al Shabaab,,2,Military Forces of Somalia (2022-),,1,12,,706,Eastern Africa,Somalia,Lower Shabelle,Qoryooley,,Qoryooley,1.7878,44.53,1,REDACTED IN SAMPLE,REDACTED IN SAMPLE,"On 22 March 2026, Al Shabaab clashed with government security forces (SNA) in Qoryooley town (Qoryooley, Lower Shabelle). There were no casualties.",0,,1774983109
SOM56120,22-March-2026,2026,1,Political violence,Battles,Armed clash,Al Shabaab,,2,AUSSOM: Africa Union Support and Stabilisation Mission in Somalia (2025-) (Uganda),,8,28,,706,Eastern Africa,Somalia,Lower Shabelle,Qoryooley,,Qoryooley,1.7878,44.53,1,REDACTED IN SAMPLE,REDACTED IN SAMPLE,"On 22 March 2026, Al Shabaab clashed with AUSSOM UPDF troops at a base in Qoryooley town (Qoryooley, Lower Shabelle). There were no casualties.",0,,1774983109
SOM56125,22-March-2026,2026,1,Political violence,Battles,Armed clash,Al Shabaab,,2,Military Forces of Somalia (2022-),,1,12,,706,Eastern Africa,Somalia,Lower Shabelle,Marka,,Shalaambood,1.7087,44.6961,1,REDACTED IN SAMPLE,REDACTED IN SAMPLE,"On 22 March 2026, Al Shabaab clashed with government security forces (SNA) at a base in Shalaambood village (Marka, Lower Shabelle). There were no casualties.",0,,1774983109
SOM56129,22-March-2026,2026,1,Political violence,Battles,Armed clash,Darod-Warsangeli-Nuux Cumar Sub-Clan Militia (Somalia),,4,Isaaq-Habar Jeclo Sub-Clan Militia (Somalia),,4,44,,706,Eastern Africa,Somalia,Sanaag,Ceerigaabo,,Shidan,11.0831,47.8221,1,REDACTED IN SAMPLE,REDACTED IN SAMPLE,"On 22 March 2026, Darod-Warsangeli-Nuux Cumar sub-clan militia and Isaaq-Habar Jeclo sub-clan militia clashed in Shidan village (Ceerigaabo, Sanaag). The motive was due to land dispute and clan revenge. Casualties unknown.",0,,1774983109
SOM56142,22-March-2026,2026,1,Political violence,Battles,Armed clash,Darod-Warsangeli-Nuux Cumar Sub-Clan Militia (Somalia),,4,Isaaq-Habar Jeclo Sub-Clan Militia (Somalia),,4,44,,706,Eastern Africa,Somalia,Sanaag,Ceerigaabo,,Waqdariya,11.1179,47.7935,1,REDACTED IN SAMPLE,REDACTED IN SAMPLE,"On 22 March 2026, Darod-Warsangeli-Nuux Cumar sub-clan militia and Isaaq-Habar Jeclo sub-clan militia clashed in Waqdariya village (Ceerigaabo, Sanaag). The motive was due to land dispute and clan revenge. Casualties unknown.",0,,1774983109
SOM56146,22-March-2026,2026,1,Political violence,Battles,Armed clash,Hawiye-Murusade Sub-Clan Militia (Somalia),,4,Hawiye-Abgal Sub-Clan Militia (Somalia),,4,44,,706,Eastern Africa,Somalia,Galgaduud,Ceel Buur,,Warxoolo,4.6333,46.1792,1,REDACTED IN SAMPLE,REDACTED IN SAMPLE,"On 22 March 2026, Hawiye-Murusade sub-clan militia and Hawiye-Abgal sub-clan militia clashed in Warxoolo village (Ceel Buur, Galgaduud), resulting in unspecified number of injuries on both sides. The motive was due to clan revenge.",0,,1774983109
SOM56037,23-March-2026,2026,1,Political violence,Battles,Armed clash,Police Forces of Somalia (2022-) Southwest Special Police Forces,,1,Police Forces of Somalia (2022-),Former Police Forces of Somalia (2022-) Southwest Special Police Forces,1,11,,706,Eastern Africa,Somalia,Bakool,Waajid,,Waajid,3.8096,43.2463,1,REDACTED IN SAMPLE,REDACTED IN SAMPLE,"On 23 March 2026, SWSPF, aligned with the Southwest administration, clashed with armed opposition groups (that had defected from SWSPF and alligned with Federal Government) at the airport in Waajid town (Waajid, Bakool). The forces attacked and damaged an airplane after the delegation from the Federal Govt of Somalia was prevented from entering the airport. Unknown number of people were killed and injured. An unspecified number of fatalities coded as 3.",3,,1774983109
SOM56045,23-March-2026,2026,1,Political violence,Battles,Armed clash,Hawiye-Hawadle Sub-Clan Militia (Somalia),,4,Al Shabaab,,2,24,,706,Eastern Africa,Somalia,Hiraan,Bulo Burto,,Aborey,4.0104,45.6813,1,REDACTED IN SAMPLE,REDACTED IN SAMPLE,"On 23 March 2026, Hawiye-Hawadle sub-clan militia ambushed Al Shabaab on the outskirts of Aborey village (Bulo Burto, Hiraan). There were no casualties.",0,,1774983109
SOM56047,23-March-2026,2026,1,Strategic developments,Strategic developments,Change to group/activity,Al Shabaab,,2,,,0,20,,706,Eastern Africa,Somalia,Hiraan,Bulo Burto,,Af Cad,3.5963,45.6759,1,REDACTED IN SAMPLE,REDACTED IN SAMPLE,"Movement of forces: On 23 March 2026, heavily armed Al Shabaab militants were seen moving through rural settlements in Af Cad village (Bulo Burto, Hiraan).",0,,1774922350
SOM56051,23-March-2026,2026,1,Political violence,Battles,Armed clash,Al Shabaab,,2,Military Forces of Somalia (2022-),,1,12,,706,Eastern Africa,Somalia,Lower Shabelle,Afgooye,,Awdheegle,1.9833,44.8333,1,REDACTED IN SAMPLE,REDACTED IN SAMPLE,"On 23 March 2026, Al Shabaab clashed with government security forces (SNA) at a base in Awdheegle village (Afgooye, Lower Shabelle). There were no casualties.",0,,1774983109
SOM56056,23-March-2026,2026,1,Demonstrations,Protests,Peaceful protest,Protesters (Somalia),,6,,,0,60,,706,Eastern Africa,Somalia,Bay,Baydhaba,,Baidoa,3.1172,43.6469,1,REDACTED IN SAMPLE,REDACTED IN SAMPLE,"On 23 March 2026, local residents protested in Baidoa town (Baydhaba, Bay) against the Federal Government of Somalia and in support of the Southwest State President. The protesters marched along the main road, chanting slogans against the federal government.",0,crowd size=no report,1774983109
SOM56062,23-March-2026,2026,1,Political violence,Violence against civilians,Abduction/forced disappearance,Al Shabaab,,2,Civilians (Somalia),Hawiye-Hawadle Sub-Clan Group (Somalia),7,27,Civilian targeting,706,Eastern Africa,Somalia,Hiraan,Bulo Burto,,Buqda Caqable,4.0601,45.2577,1,REDACTED IN SAMPLE,REDACTED IN SAMPLE,"On 23 March 2026, Al Shabaab abducted a clan elder from Hawiye-Hawadle sub-clan in Buqda Caqable (Bulo Burto, Hiraan). The motive is unknown.",0,,1774922350
SOM56065,23-March-2026,2026,1,Political violence,Battles,Armed clash,Al Shabaab,,2,Military Forces of Somalia (2022-),,1,12,,706,Eastern Africa,Somalia,Lower Shabelle,Afgooye,,Caanoole,2.1304,45.0402,1,REDACTED IN SAMPLE,REDACTED IN SAMPLE,"On 23 March 2026, Al Shabaab clashed with government security forces (SNA) at a base in Caanoole village (Afgooye, Lower Shabelle). There were no casualties.",0,,1774983109
SOM56066,23-March-2026,2026,1,Strategic developments,Strategic developments,Change to group/activity,Al Shabaab,,2,,,0,20,,706,Eastern Africa,Somalia,Middle Shabelle,Cadale,,Cadale,2.7603,46.3222,2,REDACTED IN SAMPLE,REDACTED IN SAMPLE,"Movement of forces: On 23 March 2026, several Al Shabaab were seen regrouping near the coastline of Cadale town (Cadale, Middle Shabelle).",0,,1774922350
SOM56067,23-March-2026,2026,1,Political violence,Battles,Armed clash,Hawiye-Hawadle Sub-Clan Militia (Somalia),,4,Hawiye-Abgal Sub-Clan Militia (Somalia),,4,44,,706,Eastern Africa,Somalia,Middle Shabelle,Jowhar,,Calaag,3.162,45.5708,1,REDACTED IN SAMPLE,REDACTED IN SAMPLE,"On 23 March 2026, Hawiye-Hawadle sub-clan militia and Hawiye-Abgal sub-clan militia clashed in Calaag village (Jowhar, Middle Shabelle). The motive was due to farmland dispute. There were no casualties.",0,,1774908916
SOM56068,23-March-2026,2026,1,Strategic developments,Strategic developments,Change to group/activity,Al Shabaab,,2,,,0,20,,706,Eastern Africa,Somalia,Middle Shabelle,Jowhar,,Cali Fool Dheere,2.8831,45.6569,1,REDACTED IN SAMPLE,REDACTED IN SAMPLE,"Movement of forces: On 23 March 2026, 80 Al Shabaab were seen patrolling in Cali Fool Dheere village (Jowhar, Middle Shabelle).",0,,1774922350
SOM56069,23-March-2026,2026,1,Political violence,Battles,Armed clash,Hawiye-Hawadle Sub-Clan Militia (Somalia),,4,Hawiye-Abgal Sub-Clan Militia (Somalia),,4,44,,706,Eastern Africa,Somalia,Middle Shabelle,Jowhar,,Ceel Baraf,3.2072,45.7593,1,REDACTED IN SAMPLE,REDACTED IN SAMPLE,"On 23 March 2026, Hawiye-Hawadle sub-clan militia and Hawiye-Abgal sub-clan militia clashed in the vicinity of Ceel Baraf village (Jowhar, Middle Shabelle). The motive was due to farmland dispute. There were no casualties.",0,,1774908916
SOM56072,23-March-2026,2026,1,Strategic developments,Strategic developments,Agreement,Al Shabaab,,2,Hawiye-Hawadle-Ali Madaxweyne Sub-Clan Militia (Somalia),,4,24,,706,Eastern Africa,Somalia,Galgaduud,Ceel Dheer,,Ceel Gorof,4.109,46.9519,1,REDACTED IN SAMPLE,REDACTED IN SAMPLE,"On 23 March 2026, Al Shabaab reached an agreement with Hawiye-Hawadle-Ali Madaxweyne sub-clan militia in Ceel Gorof village (Ceel Dheere, Galgaduud). The content of the agreement was unknown.",0,,1774922350
SOM56087,23-March-2026,2026,1,Political violence,Battles,Armed clash,Hawiye-Hawadle Sub-Clan Militia (Somalia),,4,Al Shabaab,,2,24,,706,Eastern Africa,Somalia,Hiraan,Bulo Burto,,Halgan,4.2117,45.5625,2,REDACTED IN SAMPLE,REDACTED IN SAMPLE,"On 23 March 2026, Hawiye-Hawadle sub-clan militia clashed with Al Shabaab near Halgan village (Bulo Burto, Hiraan). 2 clan militias and unspecified number of Al Shabaab were injured.",0,,1774983109
SOM56092,23-March-2026,2026,1,Political violence,Violence against civilians,Abduction/forced disappearance,Al Shabaab,,2,Civilians (Somalia),,7,27,Civilian targeting,706,Eastern Africa,Somalia,Lower Juba,Afmadow,,Jana Cabdalle,0.0288,42.2882,1,REDACTED IN SAMPLE,REDACTED IN SAMPLE,"On 23 March 2026, Al Shabaab abducted a civilian in Jana Cabdalle village (Afmadow, Lower Juba) and he was transferred to Baqdaad.",0,,1774922350
SOM56095,23-March-2026,2026,1,Political violence,Battles,Armed clash,Al Shabaab,,2,Al Shabaab,,2,22,,706,Eastern Africa,Somalia,Middle Shabelle,Jowhar,,Jowhar,2.7797,45.5042,2,REDACTED IN SAMPLE,REDACTED IN SAMPLE,"On 23 March 2026, 2 groups of Al Shabaab clashed in Cid-ciidka village near Jowhar town (Jowhar, Middle Shabelle). Casualties unknown.",0,,1774983109
SOM56100,23-March-2026,2026,1,Political violence,Battles,Armed clash,Military Forces of Somalia (2022-),,1,Military Forces of Somalia (2022-) National Intelligence and Security Agency,,1,11,,706,Eastern Africa,Somalia,Lower Shabelle,Marka,,Marka,1.7131,44.7639,1,REDACTED IN SAMPLE,REDACTED IN SAMPLE,"On 23 March 2026, 2 groups of government security forces (SNA and NISA) clashed at the main market in Marka town (Marka, Lower Shabelle). The incident was linked to a khat-related dispute. There were no casualties.",0,,1774908916
SOM56103,23-March-2026,2026,1,Political violence,Battles,Armed clash,Military Forces of Somalia (2022-),,1,Military Forces of Somalia (2022-) National Intelligence and Security Agency,,1,11,,706,Eastern Africa,Somalia,Banadir,Banadir,,Mogadishu - Daynile,2.0576,45.2853,1,REDACTED IN SAMPLE,REDACTED IN SAMPLE,"On 23 March 2026, 2 groups of government security forces (SNA and NISA) clashed in Warlaliska neighborhood in Mogadishu - Daynile (Banadir). The motive of the clash unknown. There were no casualties.",0,,1774983109
SOM56109,23-March-2026,2026,1,Political violence,Violence against civilians,Abduction/forced disappearance,Al Shabaab,,2,Civilians (Somalia),,7,27,Civilian targeting,706,Eastern Africa,Somalia,Hiraan,Bulo Burto,,Moqokori,4.0625,46.1342,1,REDACTED IN SAMPLE,REDACTED IN SAMPLE,"On 23 March 2026, Al Shabaab abducted 5 civilians from Moqokori village (Bulo Burto, Hiraan). The individuals were taken to Boco village. 3 of the abductees were released for unknown reason.",0,,1774922350
SOM56115,23-March-2026,2026,1,Strategic developments,Strategic developments,Change to group/activity,Islamic State Somalia Province,,2,,,0,20,,706,Eastern Africa,Somalia,Bari,Qandala,,Qandala,11.471,49.8726,2,REDACTED IN SAMPLE,REDACTED IN SAMPLE,"Movement of forces: On 23 March 2026, Islamic State Somalia Province were observed moving in the Walinsoor area, near Qandala town (Qandala, Bari).",0,,1774983109
SOM56117,23-March-2026,2026,1,Political violence,Violence against civilians,Attack,Darod-Dhulbahante Sub-Clan Militia (Somalia),,4,Civilians (Somalia),Pastoralists (Somalia),7,47,Civilian targeting,706,Eastern Africa,Somalia,Togdheer,Buuhoodle,,Qoorlugud,8.5533,46.2256,1,REDACTED IN SAMPLE,REDACTED IN SAMPLE,"On 23 March 2026, Darod-Dhulbahante sub-clan militia attacked camel herders in the vicinity of Qoorlugud village (Buuhoodle, Togdheer). 1 person was injured.",0,,1774983109
SOM56124,23-March-2026,2026,1,Political violence,Battles,Armed clash,Al Shabaab,,2,Military Forces of Somalia (2022-),,1,12,,706,Eastern Africa,Somalia,Lower Shabelle,Afgooye,,Saabid,2.1311,45.0377,1,REDACTED IN SAMPLE,REDACTED IN SAMPLE,"On 23 March 2026, Al Shabaab clashed with government security forces (SNA) at a base in Saabid village (Afgooye, Lower Shabelle). There were no casualties.",0,,1774983109
SOM56127,23-March-2026,2026,1,Political violence,Violence against civilians,Attack,Al Shabaab,,2,Civilians (Somalia),Military Forces of Somalia (2022-),7,27,Civilian targeting,706,Eastern Africa,Somalia,Hiraan,Jalalaqsi,,Shaw,3.4166,45.4085,1,REDACTED IN SAMPLE,REDACTED IN SAMPLE,"On 23 March 2026, Al Shabaab shot and killed 4 civilians at a public square in Shaw village (Jalalaqsi, Hiraan) after accusing them of spying for government security forces (SNA).",4,,1774983109
SOM56136,23-March-2026,2026,1,Political violence,Violence against civilians,Attack,Al Shabaab,,2,Civilians (Somalia),,7,27,Civilian targeting,706,Eastern Africa,Somalia,Bakool,Tayeeglow,,Tayeeglow,4.0182,44.5127,1,REDACTED IN SAMPLE,REDACTED IN SAMPLE,"On 23 March 2026, Al Shabaab assaulted a civilian in Tayeeglow town (Tayeeglow, Bakool). Extent of injuries unknown.",0,,1774983109
SOM56138,23-March-2026,2026,1,Political violence,Violence against civilians,Attack,Al Shabaab,,2,Civilians (Somalia),,7,27,Civilian targeting,706,Eastern Africa,Somalia,Lower Shabelle,Qoryooley,,Tugaarrey,1.8947,44.7604,1,REDACTED IN SAMPLE,REDACTED IN SAMPLE,"On 23 March 2026, Al Shabaab killed a civilian in Tugaarrey village (Qoryooley, Lower Shabelle).",1,,1774983109
SOM56141,23-March-2026,2026,1,Political violence,Battles,Armed clash,Hawiye-Gaaljecel Sub-Clan Militia (Somalia),,4,Police Forces of Somalia (2022-) Southwest Special Police Forces,,1,14,,706,Eastern Africa,Somalia,Lower Shabelle,Wanla Weyn,,Wanla Weyne,2.6195,44.8936,1,REDACTED IN SAMPLE,REDACTED IN SAMPLE,"On 23 March 2026, Hawiye-Gaaljecel sub-clan militia clashed with Southwest Special Police Forces (SWSPF), including their commander, in Wanla Weyne town (Wanla Weyn, Lower Shabelle). There were no casualties.",0,,1774908916
SOM56143,23-March-2026,2026,1,Political violence,Battles,Armed clash,Darod-Warsangeli-Nuux Cumar Sub-Clan Militia (Somalia),,4,Isaaq-Habar Jeclo Sub-Clan Militia (Somalia),,4,44,,706,Eastern Africa,Somalia,Sanaag,Ceerigaabo,,Waqdariya,11.1179,47.7935,1,REDACTED IN SAMPLE,REDACTED IN SAMPLE,"On 23 March 2026, Darod-Warsangeli-Nuux Cumar sub-clan militia and Isaaq-Habar Jeclo sub-clan militia clashed in Waqdariya village (Ceerigaabo, Sanaag). The motive was due to land dispute and clan revenge. More than 8 people were killed, and 15 others were injured.",8,,1774983109
SOM56145,23-March-2026,2026,1,Political violence,Battles,Armed clash,Military Forces of Somalia (2022-),,1,Al Shabaab,,2,12,,706,Eastern Africa,Somalia,Middle Shabelle,Jowhar,,War-Ciise,2.8076,45.7197,1,REDACTED IN SAMPLE,REDACTED IN SAMPLE,"On 23 March 2026, government security forces (SNA) clashed with Al Shabaab in War-Ciise village (Jowhar, Middle Shabelle). Casualties unknown.",0,,1774922350
SOM56147,23-March-2026,2026,1,Strategic developments,Strategic developments,Change to group/activity,Islamic State Somalia Province,,2,,,0,20,,706,Eastern Africa,Somalia,Bari,Qandala,,Xarago,10.981,50.3301,1,REDACTED IN SAMPLE,REDACTED IN SAMPLE,"Movement of forces: On 23 March 2026, Islamic State Somalia Province were observed in the vicinity of Xarago village (Qandala, Bari).",0,,1774983109
SOM56150,23-March-2026,2026,1,Political violence,Battles,Armed clash,Hawiye-Hawadle Sub-Clan Militia (Somalia),,4,Al Shabaab,,2,24,,706,Eastern Africa,Somalia,Hiraan,Bulo Burto,,Yasooman,4.0556,45.749,1,REDACTED IN SAMPLE,REDACTED IN SAMPLE,"On 23 March 2026, Hawiye-Hawadle sub-clan militia clashed with Al Shabaab on the outskirts of Yasooman village (Bulo Burto, Hiraan). There were no casualties.",0,,1774983109
SOM56156,23-March-2026,2026,1,Political violence,Battles,Armed clash,Military Forces of Somalia (2022-) National Intelligence and Security Agency,,1,Police Forces of Somalia (2022-),,1,11,,706,Eastern Africa,Somalia,Gedo,Belet Xaawo,,Belet Xaawo,3.7807,41.8943,1,REDACTED IN SAMPLE,REDACTED IN SAMPLE,"On 23 March 2026, government security forces (NISA) and police forces clashed in Belet Xaawo town (Belet Xaawo, Gedo). The motive of the clash was unknown. One soldier was arrested. There were no casualties.",0,,1775609918
SOM56046,24-March-2026,2026,1,Political violence,Battles,Armed clash,Hawiye-Hawadle Sub-Clan Militia (Somalia),,4,Al Shabaab,,2,24,,706,Eastern Africa,Somalia,Hiraan,Bulo Burto,,Aborey,4.0104,45.6813,1,REDACTED IN SAMPLE,REDACTED IN SAMPLE,"On 24 March 2026, Hawiye-Hawadle sub-clan militia ambushed Al Shabaab on the outskirts of Aborey village (Bulo Burto, Hiraan). There were no casualties.",0,,1774983109
SOM56063,24-March-2026,2026,1,Political violence,Battles,Armed clash,Al Shabaab,,2,AUSSOM: Africa Union Support and Stabilisation Mission in Somalia (2025-) (Uganda),,8,28,,706,Eastern Africa,Somalia,Lower Shabelle,Marka,,Buufow Bacaad,1.7493,44.7437,1,REDACTED IN SAMPLE,REDACTED IN SAMPLE,"On 24 March 2026, overnight, Al Shabaab clashed with AUSSOM UPDF troops at a base in Buufow Bacaad village (Marka, Lower Shabelle). The clash was initiated with RPGs and PKMs. There were no casualties. Al Shabaab claimed responsibility.",0,,1774922350
SOM56089,24-March-2026,2026,1,Strategic developments,Strategic developments,Change to group/activity,Al Shabaab,,2,,,0,20,,706,Eastern Africa,Somalia,Bakool,Xudur,,Hudur,4.1237,43.8915,2,REDACTED IN SAMPLE,REDACTED IN SAMPLE,"Movement of forces: On 24 March 2026, Al Shabaab fighters were seen patrolling major roads near Hudur (Xudur, Bakool).",0,,1774983109
SOM56093,24-March-2026,2026,1,Political violence,Battles,Armed clash,Al Shabaab,,2,AUSSOM: Africa Union Support and Stabilisation Mission in Somalia (2025-) (Uganda),,8,28,,706,Eastern Africa,Somalia,Lower Shabelle,Marka,,Janaale,1.8,44.7,1,REDACTED IN SAMPLE,REDACTED IN SAMPLE,"On 24 March 2026, overnight, Al Shabaab clashed with AUSSOM UPDF troops at a base in Janaale town (Marka, Lower Shabelle). There were no casualties. Al Shabaab claimed responsibility.",0,,1774983109
SOM56098,24-March-2026,2026,1,Political violence,Battles,Armed clash,Military Forces of Somalia (2022-) Special Forces,,1,Al Shabaab,,2,12,,706,Eastern Africa,Somalia,Middle Juba,Jilib,,Kunyo Barrow,0.8014,43.3837,2,REDACTED IN SAMPLE,REDACTED IN SAMPLE,"On 24 March 2026, government security forces (Danab) ambushed Al Shabaab checkpoint in Cali Farxaan area near Kunyo Barrow village (Jilib, Middle Juba). 1 senior militant and an unspecified number of fighters were killed (unspecified fatalities coded as 3). Fatalities coded as 4 (1 senior militant + 3 unspecified number of fighters).",4,,1774983109
SOM56101,24-March-2026,2026,1,Political violence,Explosions/Remote violence,Remote explosive/landmine/IED,Al Shabaab,,2,,,0,20,,706,Eastern Africa,Somalia,Hiraan,Bulo Burto,,Maxaas,4.3934,46.0882,2,REDACTED IN SAMPLE,REDACTED IN SAMPLE,"On 24 March 2026, a roadside IED planted by suspected Al Shabaab exploded at a rural settlement between Suuba Gadud and Maxaas town (Bulo Burto, Hiraan). There were no casualties.",0,,1774983109
SOM56104,24-March-2026,2026,1,Demonstrations,Protests,Peaceful protest,Protesters (Somalia),Labor Group (Somalia),6,,,0,60,,706,Eastern Africa,Somalia,Banadir,Banadir,,Mogadishu - Hawl Wadaag,2.048,45.32,1,REDACTED IN SAMPLE,REDACTED IN SAMPLE,"On 24 March 2026, business owners and traders protested in the Suuqa Bakaraha neighborhood in Mogadishu - Hawl Wadaag (Banadir) against land evictions by local administrations.",0,crowd size=no report,1774908916
SOM56110,24-March-2026,2026,1,Political violence,Battles,Armed clash,Al Shabaab,,2,AUSSOM: Africa Union Support and Stabilisation Mission in Somalia (2025-) (Uganda),,8,28,,706,Eastern Africa,Somalia,Lower Shabelle,Qoryooley,,Mubaarak,1.9167,44.7733,1,REDACTED IN SAMPLE,REDACTED IN SAMPLE,"On 24 March 2026, overnight, Al Shabaab clashed with AUSSOM UPDF troops at a base in Mubaarak village (Qoryooley, Lower Shabelle). There were no casualties. Al Shabaab claimed responsibility.",0,,1774983109
SOM56121,24-March-2026,2026,1,Political violence,Battles,Armed clash,Al Shabaab,,2,AUSSOM: Africa Union Support and Stabilisation Mission in Somalia (2025-) (Uganda),,8,28,,706,Eastern Africa,Somalia,Lower Shabelle,Qoryooley,,Qoryooley,1.7878,44.53,1,REDACTED IN SAMPLE,REDACTED IN SAMPLE,"On 24 March 2026, overnight, Al Shabaab clashed with AUSSOM UPDF troops at a base in Qoryooley town (Qoryooley, Lower Shabelle). There were no casualties. Al Shabaab claimed responsibility.",0,,1774983109
SOM56128,24-March-2026,2026,1,Political violence,Explosions/Remote violence,Shelling/artillery/missile attack,Islamic State Somalia Province,,2,Military Forces of Somalia (2022-) Puntland Dervish Force,,1,12,,706,Eastern Africa,Somalia,Bari,Qandala,,Sheebaab,11.081,49.908,1,REDACTED IN SAMPLE,REDACTED IN SAMPLE,"On 24 March 2026, Islamic State Somalia Province fired several mortar shells targeting the Puntland Dervish Force at a base in Sheebaab village (Qandala, Bari). Some of the mortars landed inside the bases and another damaged the Golis telecommunication mast. There were no casualties.",0,,1774922350
SOM56140,24-March-2026,2026,1,Strategic developments,Strategic developments,Change to group/activity,Police Forces of Somalia (2022-) Southwest Special Police Forces,,1,,,0,10,,706,Eastern Africa,Somalia,Bakool,Waajid,,Waajid,3.8096,43.2463,1,REDACTED IN SAMPLE,REDACTED IN SAMPLE,"Movement of forces: On 24 March 2026, several Southwest Special Police Forces (SWSPF) were deployed to Waajid town (Waajid, Bakool) amid fears of defection to the federal government.",0,,1774983109
SOM56151,24-March-2026,2026,1,Political violence,Battles,Armed clash,Hawiye-Hawadle Sub-Clan Militia (Somalia),,4,Al Shabaab,,2,24,,706,Eastern Africa,Somalia,Hiraan,Bulo Burto,,Yasooman,4.0556,45.749,1,REDACTED IN SAMPLE,REDACTED IN SAMPLE,"On 24 March 2026, Hawiye-Hawadle sub-clan militia ambushed Al Shabaab on the outskirts of Yasooman village (Bulo Burto, Hiraan). There were no casualties.",0,,1774983109
SOM56052,25-March-2026,2026,1,Political violence,Battles,Armed clash,Al Shabaab,,2,Military Forces of Somalia (2022-),,1,12,,706,Eastern Africa,Somalia,Lower Shabelle,Afgooye,,Awdheegle,1.9833,44.8333,2,REDACTED IN SAMPLE,REDACTED IN SAMPLE,"On 25 March 2026, an IED planted by Al Shabaab exploded, targeting government security forces (SNA) convoy between Mubaarak and Awdheegle village (Afgooye, Lower Shabelle). Al Shabaab claimed to have killed 1 soldier and injured another.",1,,1774983109
SOM56057,25-March-2026,2026,1,Political violence,Explosions/Remote violence,Remote explosive/landmine/IED,Al Shabaab,,2,Civilians (Somalia),Government of Somalia (2022-),7,27,Civilian targeting,706,Eastern Africa,Somalia,Bay,Baydhaba,,Baidoa,3.1172,43.6469,1,REDACTED IN SAMPLE,REDACTED IN SAMPLE,"On 25 March 2026, overnight, an IED planted by exploded at the gate of the house of a member of Federal Government of Somalia (FGS) in Hawlwadag neighborhood in Baidoa town (Baydhaba, Bay). The IED explosion resulted into damage of the gate. There were no casualties. Al Shabaab claimed responsibility.",0,,1774983109
SOM56058,25-March-2026,2026,1,Demonstrations,Protests,Peaceful protest,Protesters (Somalia),Government of Somalia (2022-) Southwest Administration,6,,,0,60,,706,Eastern Africa,Somalia,Bay,Baydhaba,,Baidoa,3.1172,43.6469,1,REDACTED IN SAMPLE,REDACTED IN SAMPLE,"On 25 March 2026, local authority organized a protest in Baidoa town (Baydhaba, Bay) against the Federal Government of Somalia (FGS). The protesters chanted slogans directed at the FGS, and both local authority members and Southwest State ministers attended protest.",0,crowd size=no report,1774983109
SOM56064,25-March-2026,2026,1,Strategic developments,Strategic developments,Looting/property destruction,Islamic State Somalia Province,,2,Civilians (Somalia),Pastoralists (Somalia),7,27,,706,Eastern Africa,Somalia,Bari,Qandala,,Buuraha Cali Miskat,10.8548,49.7434,1,REDACTED IN SAMPLE,REDACTED IN SAMPLE,"Looting: On 25 March 2026, Islamic State Somalia Province looted goats from civilian pastoralists in Buuraha Cali Miskat (Qandala, Bari). The pastoralists were in search of pasture and water.",0,,1776191110
SOM56074,25-March-2026,2026,1,Political violence,Battles,Armed clash,Al Shabaab,,2,Military Forces of Somalia (2022-),,1,12,,706,Eastern Africa,Somalia,Lower Shabelle,Qoryooley,,Daarasalaam,1.9221,44.7871,1,REDACTED IN SAMPLE,REDACTED IN SAMPLE,"On 25 March 2026, Al Shabaab clashed with government security forces (SNA) in Daarasalaam village (Qoryooley, Lower Shabelle). There were no casualties.",0,,1774983109
SOM56075,25-March-2026,2026,1,Political violence,Battles,Armed clash,Al Shabaab,,2,AUSSOM: Africa Union Support and Stabilisation Mission in Somalia (2025-) (Uganda),,8,28,,706,Eastern Africa,Somalia,Lower Shabelle,Qoryooley,,Daarasalaam,1.9221,44.7871,1,REDACTED IN SAMPLE,REDACTED IN SAMPLE,"On 25 March 2026, Al Shabaab clashed with AUSSOM UPDF in Daarasalaam village (Qoryooley, Lower Shabelle). There were no casualties.",0,,1774983109
SOM56094,25-March-2026,2026,1,Political violence,Battles,Armed clash,Al Shabaab,,2,Military Forces of Somalia (2022-),,1,12,,706,Eastern Africa,Somalia,Lower Shabelle,Marka,,Janaale,1.8,44.7,2,REDACTED IN SAMPLE,REDACTED IN SAMPLE,"On 25 March 2026, Al Shabaab clashed with government security forces (SNA) traveling between Bulo-Dhurow and Janaale town (Marka, Lower Shabelle). Casualties unknown.",0,,1774983109
SOM56102,25-March-2026,2026,1,Political violence,Violence against civilians,Abduction/forced disappearance,Pirates (Somalia),,3,Civilians (International),Labor Group (International),7,37,Civilian targeting,706,Eastern Africa,Somalia,,,,Northwestern Indian Ocean,11.609,62.227,2,REDACTED IN SAMPLE,REDACTED IN SAMPLE,"On 25 March 2026, Somali pirates hijacked an Iranian-flagged vessel, an ALWASEEMI 786, passing at around 400 nautical miles east of Mogadishu, in the Northwestern Indian Ocean.",0,,1774908916
SOM56105,25-March-2026,2026,1,Demonstrations,Protests,Peaceful protest,Protesters (Somalia),Labor Group (Somalia),6,,,0,60,,706,Eastern Africa,Somalia,Banadir,Banadir,,Mogadishu - Hawl Wadaag,2.048,45.32,1,REDACTED IN SAMPLE,REDACTED IN SAMPLE,"On 25 March 2026, hundreds of traders at Bakaara Market protested in Mogadishu - Hawl Wadaag (Banadir), accusing the government of attempting to transfer their land to wealthy businessmen linked to officials. The traders blocked the roads (means unspecified) leading to the market, expressing their anger over the decision.",0,crowd size=hundreds,1774908916
SOM56111,25-March-2026,2026,1,Political violence,Explosions/Remote violence,Shelling/artillery/missile attack,Al Shabaab,,2,AUSSOM: Africa Union Support and Stabilisation Mission in Somalia (2025-) (Uganda),,8,28,,706,Eastern Africa,Somalia,Lower Shabelle,Qoryooley,,Mubaarak,1.9167,44.7733,1,REDACTED IN SAMPLE,REDACTED IN SAMPLE,"On 25 March 2026, Al Shabaab fired seven mortar rounds at an AUSSOM UPDF at defensive base in Mubaarak village (Qoryooley, Lower Shabelle). At least five of the mortar shells landed in and around the base. Al Shabaab claimed to have killed 7 soldiers and injured 14 others.",7,,1774983109
SOM56116,25-March-2026,2026,1,Strategic developments,Strategic developments,Looting/property destruction,Islamic State Somalia Province,,2,Civilians (Somalia),,7,27,,706,Eastern Africa,Somalia,Bari,Qandala,,Qandala,11.471,49.8726,2,REDACTED IN SAMPLE,REDACTED IN SAMPLE,"Looting: On 25 March 2026, Islamic State Somalia Province stole animals from civilians on the outskirts of Danyo village near Qandala town (Qandala, Bari).",0,,1774983109
SOM56122,25-March-2026,2026,1,Political violence,Battles,Armed clash,Al Shabaab,,2,Military Forces of Somalia (2022-),,1,12,,706,Eastern Africa,Somalia,Lower Shabelle,Qoryooley,,Qoryooley,1.7878,44.53,1,REDACTED IN SAMPLE,REDACTED IN SAMPLE,"On 25 March 2026, Al Shabaab clashed with government security forces (SNA) on the outskirts of Qoryooley town (Qoryooley, Lower Shabelle). There were no casualties.",0,,1774983109
SOM56126,25-March-2026,2026,1,Political violence,Battles,Armed clash,Al Shabaab,,2,Military Forces of Somalia (2022-),,1,12,,706,Eastern Africa,Somalia,Lower Shabelle,Marka,,Shalaambood,1.7087,44.6961,1,REDACTED IN SAMPLE,REDACTED IN SAMPLE,"On 25 March 2026, Al Shabaab clashed with government security forces (SNA) at a base in Shalaambood village (Marka, Lower Shabelle). There were no casualties.",0,,1774983109
SOM56133,25-March-2026,2026,1,Political violence,Violence against civilians,Attack,Islamic State Somalia Province,,2,Civilians (Somalia),Pastoralists (Somalia),7,27,Civilian targeting,706,Eastern Africa,Somalia,Bari,Qandala,,Sixna,11.061,50.2123,2,REDACTED IN SAMPLE,REDACTED IN SAMPLE,"On 25 March 2026, Islamic State Somalia Province attacked and injured a civilian pastoralist near Sixna village (Qandala, Bari).",0,,1774983109
SOM56050,26-March-2026,2026,1,Political violence,Battles,Armed clash,Al Shabaab,,2,Military Forces of Somalia (2022-),,1,12,,706,Eastern Africa,Somalia,Lower Shabelle,Afgooye,,Awbocow,1.985,45.0018,1,REDACTED IN SAMPLE,REDACTED IN SAMPLE,"On 26 March 2026, Al Shabaab clashed with government security forces (SNA) in Awbocow village (Afgooye, Lower Shabelle). There were no casualties.",0,,1774983109
SOM56053,26-March-2026,2026,1,Political violence,Battles,Armed clash,Military Forces of Somalia (2022-),,1,Al Shabaab,,2,12,,706,Eastern Africa,Somalia,Lower Shabelle,Afgooye,,Awdheegle,1.9833,44.8333,2,REDACTED IN SAMPLE,REDACTED IN SAMPLE,"On 26 March 2026, government security forces (SNA) clashed with Al Shabaab near Awdheegle village (Afgooye, Lower Shabelle). 3 fighters were killed.",3,,1774983109
SOM56086,26-March-2026,2026,1,Political violence,Explosions/Remote violence,Air/drone strike,Unidentified Military Forces,,8,Al Shabaab,,2,28,,706,Eastern Africa,Somalia,Lower Shabelle,Qoryooley,,Doon Buraale,1.7276,44.4434,1,REDACTED IN SAMPLE,REDACTED IN SAMPLE,"On 26 March 2026, international forces (coded as Unidentified Military Forces) conducted an airstrike targeting Al Shabaab in Doon Buraale village (Qoryooley, Lower Shabelle). Casualties unknown.",0,,1774922350
SOM56099,26-March-2026,2026,1,Political violence,Battles,Armed clash,Al Shabaab,,2,Military Forces of Somalia (2022-),,1,12,,706,Eastern Africa,Somalia,Lower Shabelle,Afgooye,,Lafoole,2.0833,45.1667,1,REDACTED IN SAMPLE,REDACTED IN SAMPLE,"On 26 March 2026, Al Shabaab clashed with government security forces (SNA) in Lafoole village (Afgooye, Lower Shabelle). There were no casualties.",0,,1774922350
SOM56106,26-March-2026,2026,1,Demonstrations,Protests,Peaceful protest,Protesters (Somalia),Labor Group (Somalia),6,,,0,60,,706,Eastern Africa,Somalia,Banadir,Banadir,,Mogadishu - Hawl Wadaag,2.048,45.32,1,REDACTED IN SAMPLE,REDACTED IN SAMPLE,"On 26 March 2026, business owners and traders protested in the Suuqa Bakaraha neighborhood in Mogadishu - Hawl Wadaag (Banadir) against land evictions by local administrations.",0,crowd size=no report,1774908916
SOM56108,26-March-2026,2026,1,Political violence,Battles,Armed clash,Military Forces of Somalia (2022-),,1,Military Forces of Somalia (2022-),,1,11,,706,Eastern Africa,Somalia,Banadir,Banadir,,Mogadishu - Karan,2.0652,45.39,1,REDACTED IN SAMPLE,REDACTED IN SAMPLE,"On 26 March 2026, two government soldiers (SNA) engaged in an exchange of heavy gunfire in Mogadishu - Karan (Banadir) over an unknown dispute, and 2 soldiers were killed.",2,,1774983109
SOM56112,26-March-2026,2026,1,Political violence,Battles,Armed clash,Military Forces of Somalia (2022-),AUSSOM: Africa Union Support and Stabilisation Mission in Somalia (2025-) (Uganda),1,Al Shabaab,,2,12,,706,Eastern Africa,Somalia,Lower Shabelle,Qoryooley,,Mubaarak,1.9167,44.7733,1,REDACTED IN SAMPLE,REDACTED IN SAMPLE,"On 26 March 2026, government security forces (SNA) and AUSSOM UPDF troops clashed with Al Shabaab in the vicinity of Mubaarak village (Qoryooley, Lower Shabelle). More than 40 Al Shabaab militants were killed and others wounded.",40,,1774983109
SOM56123,26-March-2026,2026,1,Political violence,Battles,Armed clash,Hawiye-Abgal Sub-Clan Militia (Somalia),,4,Al Shabaab,,2,24,,706,Eastern Africa,Somalia,Middle Shabelle,Balcad,,Raga Ceel,2.6557,46.0091,1,REDACTED IN SAMPLE,REDACTED IN SAMPLE,"On 26 March 2026, Hawiye-Abgal sub-clan militia clashed with Al Shabaab in Raga Ceel village (Balcad, Middle Shabelle). There were no casualties.",0,,1774922350
SOM56130,26-March-2026,2026,1,Political violence,Violence against civilians,Attack,Military Forces of Somaliland (2024-),,1,Civilians (Somalia),Darod-Warsangeli Sub-Clan Group (Somalia),7,17,Civilian targeting,706,Eastern Africa,Somalia,Sanaag,Ceerigaabo,,Shidan,11.0831,47.8221,2,REDACTED IN SAMPLE,REDACTED IN SAMPLE,"On 26 March 2026, Somaliland security forces attacked civilians from the Darod-Warsangeli sub-clan near Shidan village (Ceerigaabo, Sanaag). 2 youths were injured.",0,,1774983109
SOM56131,26-March-2026,2026,1,Demonstrations,Protests,Peaceful protest,Protesters (Somalia),,6,,,0,60,,706,Eastern Africa,Somalia,Sanaag,Ceerigaabo,,Shidan,11.0831,47.8221,1,REDACTED IN SAMPLE,REDACTED IN SAMPLE,"On 26 March 2026, residents of Shidan village (Ceerigaabo, Sanaag) protested against the Somaliland military and demanded justice. The protest began after Somaliland security forces attacked civilians on the same day (coded separately).",0,crowd size=no report,1774983109
SOM56134,26-March-2026,2026,1,Political violence,Battles,Armed clash,Hawiye-Abgal Sub-Clan Militia (Somalia),,4,Al Shabaab,,2,24,,706,Eastern Africa,Somalia,Middle Shabelle,Cadale,,Sumadaale,2.9194,46.0998,1,REDACTED IN SAMPLE,REDACTED IN SAMPLE,"On 26 March 2026, Hawiye-Abgal sub-clan militia clashed with Al Shabaab in Sumadaale village (Cadale, Middle Shabelle). There were no casualties.",0,,1774983109
SOM56137,26-March-2026,2026,1,Political violence,Violence against civilians,Attack,Al Shabaab,,2,Civilians (Somalia),Labor Group (Somalia),7,27,Civilian targeting,706,Eastern Africa,Somalia,Bakool,Tayeeglow,,Tayeeglow,4.0182,44.5127,2,REDACTED IN SAMPLE,REDACTED IN SAMPLE,"On 26 March 2026, Al Shabaab attacked a civilian trader near Tayeeglow town (Tayeeglow, Bakool). Extent of injuries unknown.",0,,1774983109
SOM56157,26-March-2026,2026,1,Political violence,Battles,Armed clash,Al Shabaab,,2,AUSSOM: Africa Union Support and Stabilisation Mission in Somalia (2025-) (Uganda),,8,28,,706,Eastern Africa,Somalia,Lower Shabelle,Marka,,Bulo Mareer,1.6298,44.5196,1,REDACTED IN SAMPLE,REDACTED IN SAMPLE,"On 26 March 2026, Al Shabaab clashed with AUSSOM UPDF troops at a base in Bulo Mareer town (Marka, Lower Shabelle). There were no casualties.",0,,1775609918
SOM56158,26-March-2026,2026,1,Political violence,Battles,Armed clash,Al Shabaab,,2,Military Forces of Somalia (2022-),,1,12,,706,Eastern Africa,Somalia,Lower Shabelle,Marka,,Bulo Mareer,1.6298,44.5196,1,REDACTED IN SAMPLE,REDACTED IN SAMPLE,"On 26 March 2026, overnight, Al Shabaab clashed with government security forces (SNA) at a base in Bulo Mareer town (Marka, Lower Shabelle). There were no casualties.",0,,1775609918
SOM56164,26-March-2026,2026,1,Political violence,Battles,Armed clash,Al Shabaab,,2,AUSSOM: Africa Union Support and Stabilisation Mission in Somalia (2025-) (Uganda),,8,28,,706,Eastern Africa,Somalia,Lower Shabelle,Marka,,Golweyn,1.6584,44.58,1,REDACTED IN SAMPLE,REDACTED IN SAMPLE,"On 26 March 2026, overnight, Al Shabaab clashed with AUSSOM UPDF troops at a base in Golweyn village (Marka, Lower Shabelle). The clash was initiated with RPGs. There were no casualties. Al Shabaab claimed responsibility.",0,,1775609918
SOM56165,26-March-2026,2026,1,Political violence,Battles,Armed clash,Al Shabaab,,2,Military Forces of Somalia (2022-),,1,12,,706,Eastern Africa,Somalia,Lower Shabelle,Marka,,Janaale,1.8,44.7,1,REDACTED IN SAMPLE,REDACTED IN SAMPLE,"On 26 March 2026, overnight, Al Shabaab clashed with government security forces (SNA) at a base in Janaale town (Marka, Lower Shabelle). The clash was initiated with RPGs. There were no casualties. Al Shabaab claimed responsibility.",0,,1775609918
SOM56077,27-March-2026,2026,1,Political violence,Battles,Armed clash,Al Shabaab,,2,Hawiye-Hawadle Sub-Clan Militia (Somalia),,4,24,,706,Eastern Africa,Somalia,Hiraan,Bulo Burto,,Dabayoodle,4.05,45.4666,1,REDACTED IN SAMPLE,REDACTED IN SAMPLE,"On 27 March 2026, Al Shabaab ambushed Hawiye-Hawadle sub-clan militia in Dabayoodle village (Bulo Burto, Hiraan). There were no casualties.",0,,1774983109
SOM56080,27-March-2026,2026,1,Political violence,Explosions/Remote violence,Shelling/artillery/missile attack,Islamic State Somalia Province,,2,Military Forces of Somalia (2022-) Puntland Dervish Force,,1,12,,706,Eastern Africa,Somalia,Bari,Qandala,,Dasaan,11.1703,49.8239,2,REDACTED IN SAMPLE,REDACTED IN SAMPLE,"On 27 March 2026, Islamic State Somalia Province launched mortar shellings against Puntland dervish forces near Dasaan village (Qandala, Bari), resulting in an unspecified material damages. Casualties unknown.",0,,1774983109
SOM56083,27-March-2026,2026,1,Political violence,Explosions/Remote violence,Shelling/artillery/missile attack,Islamic State Somalia Province,,2,Military Forces of Somalia (2022-) Puntland Dervish Force,,1,12,,706,Eastern Africa,Somalia,Bari,Qandala,,Dhaadaar,11.128,49.8755,2,REDACTED IN SAMPLE,REDACTED IN SAMPLE,"On 27 March 2026, Islamic State Somalia Province launched mortar shellings against Puntland dervish forces near Dhaadaar village (Qandala, Bari), resulting in an unspecified material damages. Casualties unknown.",0,,1774983109
SOM56084,27-March-2026,2026,1,Strategic developments,Strategic developments,Change to group/activity,Al Shabaab,,2,,,0,20,,706,Eastern Africa,Somalia,Galgaduud,Dhuusamarreeb,,Dhaban-Dhulkuheys,5.2647,46.3977,1,REDACTED IN SAMPLE,REDACTED IN SAMPLE,"Movement of forces: On 27 March 2026, Al Shabaab militants were seen arriving and patrolling along the main road in Dhaban-Dhulkuheys village (Dhuusamarreeb, Galgaduud).",0,,1776191110
SOM56091,27-March-2026,2026,1,Political violence,Explosions/Remote violence,Shelling/artillery/missile attack,Military Forces of Somalia (2022-),Military Forces of Somalia (2022-) Jubaland Security Force,1,Al Shabaab,,2,12,,706,Eastern Africa,Somalia,Lower Juba,Jamaame,,Jamaame,0.0692,42.7382,1,REDACTED IN SAMPLE,REDACTED IN SAMPLE,"On 27 March 2026, government security forces (SNA) and Jubaland security forces fired mortar shells at Al Shabaab positions in Jamaame town (Jamaame, Lower Juba). Casualties unknown.",0,,1774922350
SOM56096,27-March-2026,2026,1,Political violence,Battles,Armed clash,Military Forces of Somalia (2022-),Military Forces of Somalia (2022-) Jubaland Security Force,1,Al Shabaab,,2,12,,706,Eastern Africa,Somalia,Lower Juba,Jamaame,,Kobon,0.0356,42.7091,2,REDACTED IN SAMPLE,REDACTED IN SAMPLE,"On 27 March 2026, government security forces (Danab) and Jubaland security forces clashed with Al Shabaab near Kobon village (Jamaame, Lower Juba). There were no casualties.",0,,1774983109
SOM56107,27-March-2026,2026,1,Demonstrations,Protests,Peaceful protest,Protesters (Somalia),Labor Group (Somalia),6,,,0,60,,706,Eastern Africa,Somalia,Banadir,Banadir,,Mogadishu - Hawl Wadaag,2.048,45.32,1,REDACTED IN SAMPLE,REDACTED IN SAMPLE,"On 27 March 2026, business owners and traders protested in the Suuqa Bakaraha neighborhood in Mogadishu - Hawl Wadaag (Banadir) against land evictions by local administrations.",0,crowd size=no report,1774908916
SOM56132,27-March-2026,2026,1,Political violence,Battles,Armed clash,Darod-Warsangeli-Nuux Cumar Sub-Clan Militia (Somalia),,4,Isaaq-Habar Jeclo Sub-Clan Militia (Somalia),,4,44,,706,Eastern Africa,Somalia,Sanaag,Ceerigaabo,,Shidan,11.0831,47.8221,1,REDACTED IN SAMPLE,REDACTED IN SAMPLE,"On 27 March 2026, Darod-Warsangeli-Nuux Cumar sub-clan militias clashed with the Isaaq-Habar Jeclo sub-clan militia in Shidan village (Ceerigaabo, Sanaag) over a land dispute. Casualties unknown.",0,,1774983109
SOM56135,27-March-2026,2026,1,Political violence,Explosions/Remote violence,Shelling/artillery/missile attack,Islamic State Somalia Province,,2,Military Forces of Somalia (2022-) Puntland Dervish Force,,1,12,,706,Eastern Africa,Somalia,Bari,Qandala,,Talal,10.9921,50.0566,2,REDACTED IN SAMPLE,REDACTED IN SAMPLE,"On 27 March 2026, Islamic State Somalia Province launched mortar shellings against Puntland dervish forces near Talal village (Qandala, Bari), resulting in an unspecified material damages. Casualties unknown.",0,,1774922350
SOM56144,27-March-2026,2026,1,Political violence,Battles,Armed clash,Darod-Warsangeli-Nuux Cumar Sub-Clan Militia (Somalia),,4,Isaaq-Habar Jeclo Sub-Clan Militia (Somalia),,4,44,,706,Eastern Africa,Somalia,Sanaag,Ceerigaabo,,Waqdariya,11.1179,47.7935,1,REDACTED IN SAMPLE,REDACTED IN SAMPLE,"On 27 March 2026, Darod Warsangeli Nuuh Cumar clan militia clashed with Isaaq-Habar Jeclo sub-clan militia in Gubata village in Waqdariya village (Ceerigaabo, Sanaag). The clash was linked to a land dispute. Casualties unknown.",0,,1774983109
SOM56159,27-March-2026,2026,1,Political violence,Battles,Armed clash,Al Shabaab,,2,Military Forces of Somalia (2022-),,1,12,,706,Eastern Africa,Somalia,Bay,Buur Hakaba,,Buulo Amiin,2.8297,44.1108,1,REDACTED IN SAMPLE,REDACTED IN SAMPLE,"On 27 March 2026, Al Shabaab ambushed government security forces (SNA) convoy in the vicinity of Buulo Amiin village (Buur Hakaba, Bay). The armed clash was initiated with RPG fire exchanged between Al Shabaab and SNA soldiers. There were no casualties.",0,,1775609918
SOM56160,27-March-2026,2026,1,Political violence,Battles,Armed clash,Al Shabaab,,2,AUSSOM: Africa Union Support and Stabilisation Mission in Somalia (2025-) (Uganda),,8,28,,706,Eastern Africa,Somalia,Lower Shabelle,Marka,,Buulo Nagaad,1.8494,44.8461,1,REDACTED IN SAMPLE,REDACTED IN SAMPLE,"On 27 March 2026, overnight, Al Shabaab clashed with AUSSOM UPDF troops at a base in Buulo Nagaad village (Marka, Lower Shabelle). The clash was initiated with RPGs. There were no casualties. Al Shabaab claimed responsibility.",0,,1775609918
SOM56161,27-March-2026,2026,1,Strategic developments,Strategic developments,Change to group/activity,Military Forces of Somalia (2022-) Special Forces,Police Forces of Somalia (2022-) Special Forces,1,,,0,10,,706,Eastern Africa,Somalia,Bay,Buur Hakaba,,Buur Xakaba,2.8049,44.0821,1,REDACTED IN SAMPLE,REDACTED IN SAMPLE,"Movement of forces: On 27 March 2026, government security forces (Gorgor) and police forces (Harmacad) were deployed in Buur Xakaba town (Buur Hakaba, Bay). The move came amid escalating tensions between the Federal Government and the Southwest State.",0,,1775609918
SOM56167,27-March-2026,2026,1,Political violence,Battles,Armed clash,Al Shabaab,,2,Military Forces of Somalia (2022-),,1,12,,706,Eastern Africa,Somalia,Bay,Buur Hakaba,,Leego,2.7144,44.509,1,REDACTED IN SAMPLE,REDACTED IN SAMPLE,"On 27 March 2026, Al Shabaab ambushed government security forces (SNA) from Wanlaweyne district and the route to Buur Hakaba, at Leego village (Buur Hakaba, Bay). There were no casualties.",0,,1775609918
SOM56175,27-March-2026,2026,1,Political violence,Battles,Armed clash,Al Shabaab,,2,Military Forces of Somalia (2022-),,1,12,,706,Eastern Africa,Somalia,Lower Shabelle,Afgooye,,Xaawo-Cabdi,2.0905,45.1766,1,REDACTED IN SAMPLE,REDACTED IN SAMPLE,"On 27 March 2026, overnight, Al Shabaab clashed with government security forces (SNA) at a checkpoint in Xaawo-Cabdi village (Afgooye, Lower Shabelle), after the militants threw a hand grenade. Al Shabaab claimed to have injured 6 soldiers.",0,,1775609918
SOM56266,27-March-2026,2026,1,Political violence,Explosions/Remote violence,Air/drone strike,Military Forces of the United States (2025-),,8,Al Shabaab,,2,28,,706,Eastern Africa,Somalia,Middle Juba,Jilib,,Mareerey,0.4279,42.7188,2,REDACTED IN SAMPLE,REDACTED IN SAMPLE,"On 27 March 2026, US forces conducted airstrikes targeting Al Shabaab position near Mareerey town (Jilib, Middle Juba). Casualties unknown.",0,,1775609918
SOM56152,28-March-2026,2026,1,Political violence,Battles,Armed clash,Al Shabaab,,2,Military Forces of Somalia (2022-),,1,12,,706,Eastern Africa,Somalia,Lower Shabelle,Afgooye,,Afgooye,2.15,45.116,1,REDACTED IN SAMPLE,REDACTED IN SAMPLE,"On 28 March 2026, Al Shabaab shot and killed 1 government soldier (SNA) (on duty) in Afgooye town (Afgooye, Lower Shabelle). Al Shabaab claimed responsibility.",1,,1775609918
SOM56168,28-March-2026,2026,1,Political violence,Explosions/Remote violence,Remote explosive/landmine/IED,Al Shabaab,,2,Police Forces of Somalia (2022-) Southwest Special Police Forces,,1,12,,706,Eastern Africa,Somalia,Bay,Buur Hakaba,,Lug-Habar,2.918,43.9315,2,REDACTED IN SAMPLE,REDACTED IN SAMPLE,"On 28 March 2026, an IED planted by Al Shabaab exploded, targeting armed oppositions defected from the Southwest State Special Police Forces (SWSPF) allied with the federal government traveling on a rickshaw (tuk-tuk) near Lug-Habar village (Buur Hakaba, Bay). Casualties unknown.",0,,1775609918
SOM56173,28-March-2026,2026,1,Political violence,Battles,Armed clash,Dir-Issa Sub-Clan Militia (Somalia),,4,Dir-Gadabuursi Sub-Clan Militia (Somalia),,4,44,,706,Eastern Africa,Somalia,Awdal,Baki,,Sheed-Dheer,10.3018,43.5233,2,REDACTED IN SAMPLE,REDACTED IN SAMPLE,"On 28 March 2026, Issa and Gadabguursi sub-clan militias, both from the Dir clan, clashed in the Beeyo-dhaadheer area near Sheed-Dheer village (Baki, Awdal). There were no casualties.",0,,1775604500
SOM56261,28-March-2026,2026,1,Political violence,Battles,Armed clash,Military Forces of Somalia (2022-),Police Forces of Somalia (2022-) Southwest Special Police Forces,1,Police Forces of Somalia (2022-) Southwest Special Police Forces,,1,11,,706,Eastern Africa,Somalia,Bay,Diinsoor,,Diinsoor,2.4074,42.9766,1,REDACTED IN SAMPLE,REDACTED IN SAMPLE,"On 28 March 2026, government security forces (SNA) and armed opposition defected from the Southwest State Special Police Forces (SWSPF) allied with the federal government clashed with Southwest State Special Police Forces (SWSPF) allied with the local administration in Diinsoor town (Diinsoor, Bay). There were no casualties.",0,,1775609918
SOM56262,28-March-2026,2026,1,Political violence,Violence against civilians,Attack,Al Shabaab,,2,Civilians (Somalia),Taxi Drivers (Somalia),7,27,Civilian targeting,706,Eastern Africa,Somalia,Middle Juba,Saakow,,Dudundher,1.3178,41.4609,1,REDACTED IN SAMPLE,REDACTED IN SAMPLE,"On 28 March 2026, Al Shabaab assaulted a probox driver in Dudundher village (Saakow, Middle Juba), for failing to stop at an Al Shabaab checkpoint. Extent of injuries unknown.",0,,1776191110
SOM56263,28-March-2026,2026,1,Political violence,Violence against civilians,Attack,Al Shabaab,,2,Civilians (Somalia),Taxi Drivers (Somalia),7,27,Civilian targeting,706,Eastern Africa,Somalia,Middle Juba,Jilib,,Dhey Tubaako,0.4782,42.927,1,REDACTED IN SAMPLE,REDACTED IN SAMPLE,"On 28 March 2026, Al Shabaab beat and injured a taxi driver in Dhey Tubaako village (Jilib, Middle Shabelle). Extent of injuries unknown.",0,,1775609918
SOM56264,28-March-2026,2026,1,Political violence,Battles,Armed clash,Islamic State Somalia Province,,2,Military Forces of Somalia (2022-) Puntland Dervish Force,,1,12,,706,Eastern Africa,Somalia,Bari,Qandala,,Dhaadaar,11.128,49.8755,1,REDACTED IN SAMPLE,REDACTED IN SAMPLE,"On 28 March 2026, Islamic State Somalia Province clashed with Puntland Dervish Force in Dhaadaar village (Qandala, Bari). There were no casualties.",0,,1775609918
SOM56265,28-March-2026,2026,1,Political violence,Explosions/Remote violence,Shelling/artillery/missile attack,Islamic State Somalia Province,,2,Military Forces of Somalia (2022-) Puntland Dervish Force,,1,12,,706,Eastern Africa,Somalia,Bari,Qandala,,Sheebaab,11.081,49.908,1,REDACTED IN SAMPLE,REDACTED IN SAMPLE,"On 28 March 2026, Islamic State Somalia Province fired mortar shells targeting Puntland Dervish Force in Sheebaab village (Qandala, Bari). There were no casualties.",0,,1775609918
SOM56162,29-March-2026,2026,1,Political violence,Explosions/Remote violence,Remote explosive/landmine/IED,Al Shabaab,,2,Military Forces of Somalia (2022-),,1,12,,706,Eastern Africa,Somalia,Bay,Buur Hakaba,,Buur Xakaba,2.8049,44.0821,2,REDACTED IN SAMPLE,REDACTED IN SAMPLE,"On 29 March 2026, an IED planted by Al Shabaab exploded, targeting government security forces (SNA) convoy traveling to Mooda-Mooda and Daynuunay near Buur Xakaba town (Buur Hakaba, Bay). Al Shabaab claimed to have killed 15 soldiers and injured 23 others.",15,,1775609918
SOM56163,29-March-2026,2026,1,Political violence,Battles,Armed clash,Military Forces of Somalia (2022-),Police Forces of Somalia (2022-) Southwest Special Police Forces,1,Police Forces of Somalia (2022-) Southwest Special Police Forces,,1,11,,706,Eastern Africa,Somalia,Bay,Baydhaba,,Daynuunay,3.0399,43.7969,1,REDACTED IN SAMPLE,REDACTED IN SAMPLE,"On 29 March 2026, government security forces (SNA) and armed opposition defected from the Southwest State Special Police Forces (SWSPF) clashed with Southwest State Special Police Forces (SWSPF) allied with the local administration in Daynuunay village (Baydhaba, Bay). The federal government's forces took control of the village and killed 21 soldiers.",21,,1775609918
SOM56169,29-March-2026,2026,1,Political violence,Battles,Armed clash,Military Forces of Somalia (2022-),,1,Military Forces of Somalia (2022-),,1,11,,706,Eastern Africa,Somalia,Banadir,Banadir,,Mogadishu - Heliwa,2.0844,45.39,1,REDACTED IN SAMPLE,REDACTED IN SAMPLE,"On 29 March 2026, 2 groups of government security forces (stabilization forces, part of SNA) clashed at the Dermooley Security Checkpoint in Mogadishu - Heliwa (Banadir). The motive was due a checkpoint dispute. 1 soldier was killed, 2 soldiers, and 1 civilian bystander were injured.",1,,1775604500
SOM56170,29-March-2026,2026,1,Political violence,Explosions/Remote violence,Remote explosive/landmine/IED,Al Shabaab,,2,,,0,20,,706,Eastern Africa,Somalia,Bay,Baydhaba,,Mooda Mooda,3.007,43.8494,2,REDACTED IN SAMPLE,REDACTED IN SAMPLE,"On 29 March 2026, an IED planted by an unknown armed group (likely Al Shabaab due to similar attacks by the group) exploded near Mooda Mooda village (Baydhaba, Bay). The explosion was triggered by a herd of camels passing by on the road. There were no casualties.",0,,1775609918
SOM56172,29-March-2026,2026,1,Political violence,Battles,Armed clash,Al Shabaab,,2,Military Forces of Somalia (2022-),,1,12,,706,Eastern Africa,Somalia,Lower Shabelle,Qoryooley,,Qoryooley,1.7878,44.53,1,REDACTED IN SAMPLE,REDACTED IN SAMPLE,"On 29 March 2026, overnight, Al Shabaab clashed with government security forces (SNA) in Qoryooley town (Qoryooley, Lower Shabelle), after the militants threw a hand grenade. There were no casualties. Al Shabaab claimed responsibility.",0,,1775609918
SOM56174,29-March-2026,2026,1,Political violence,Battles,Armed clash,Military Forces of Somalia (2022-) Special Forces,,1,Al Shabaab,,2,12,,706,Eastern Africa,Somalia,Lower Shabelle,Afgooye,,Warmahan,2.3963,45.0159,1,REDACTED IN SAMPLE,REDACTED IN SAMPLE,"On 29 March 2026, government security forces (Danab) raided Al Shabaab position in Warmahan village (Afgooye, Lower Shabelle). 2 people were killed. Al Shabaab claimed the Danab forces killed 2 clan elders.",2,,1775609918
SOM56249,29-March-2026,2026,1,Political violence,Violence against civilians,Attack,Police Forces of Somalia (2022-) Jubaland Police Force,,1,Civilians (Somalia),,7,17,Civilian targeting,706,Eastern Africa,Somalia,Lower Juba,Afmadow,,Afmadow,0.5172,42.071,1,REDACTED IN SAMPLE,REDACTED IN SAMPLE,"On 29 March 2026, Jubaland security forces attacked and assaulted a civilian during Jubaland Government food aid distribution in Afmadow town (Afmadow, Lower Juba). Extent of injuries unknown.",0,,1775609918
SOM56250,29-March-2026,2026,1,Political violence,Explosions/Remote violence,Air/drone strike,Unidentified Military Forces,,8,Al Shabaab,,2,28,,706,Eastern Africa,Somalia,Middle Shabelle,Adan Yabaal,,Adan Yabaal,3.7742,46.2499,2,REDACTED IN SAMPLE,REDACTED IN SAMPLE,"On 29 March 2026, international forces (coded as unidentified military forces) launched an airstrike in the vicinity of Ceelka Noor Gabow village near Adan Yabaal town (Adan Yabaal, Middle Shabelle), 1 senior member and 23 militants were killed.",24,,1775609918
SOM56251,29-March-2026,2026,1,Political violence,Violence against civilians,Attack,Al Shabaab,,2,Civilians (Somalia),,7,27,Civilian targeting,706,Eastern Africa,Somalia,Hiraan,Belet Weyne,,Ceel Gaal,4.8476,45.2398,1,REDACTED IN SAMPLE,REDACTED IN SAMPLE,"On 29 March 2026, Al Shabaab assaulted an elderly man in Ceel Gaal village (Belet Weyne, Hiraan). Extent of injuries unknown.",0,,1775609918
SOM56252,29-March-2026,2026,1,Political violence,Explosions/Remote violence,Air/drone strike,Unidentified Military Forces,,8,Al Shabaab,,2,28,,706,Eastern Africa,Somalia,Middle Shabelle,Cadale,,Lamagaras,3.0969,46.1304,1,REDACTED IN SAMPLE,REDACTED IN SAMPLE,"On 29 March 2026, international forces (coded as unidentified military forces) launched an airstrike against Al Shabaab position in Lamagaras village (Cadale, Middle Shabelle). Casualties unknown.",0,,1775609918
SOM56253,29-March-2026,2026,1,Political violence,Battles,Armed clash,Police Forces of Somalia (2022-) Southwest Special Police Forces,,1,Military Forces of Somalia (2022-),Police Forces of Somalia (2022-) Southwest Special Police Forces,1,11,,706,Eastern Africa,Somalia,Bay,Baydhaba,,Mooda Mooda,3.007,43.8494,1,REDACTED IN SAMPLE,REDACTED IN SAMPLE,"On 29 March 2026, Southwest State Special Police Forces (SWSPF) allied with the local administration ambushed government security forces (SNA) and armed opposition defected from the Southwest State Special Police Forces (SWSPF) allied with the federal government convoy on the outskirts of Mooda Mooda village (Baydhaba, Bay). An unknown number of soldiers were injured from both sides.",0,,1775604470
SOM56254,29-March-2026,2026,1,Strategic developments,Strategic developments,Change to group/activity,Al Shabaab,,2,,,0,20,,706,Eastern Africa,Somalia,Bay,Buur Hakaba,,Rooble Shiikh,2.9439,43.9162,1,REDACTED IN SAMPLE,REDACTED IN SAMPLE,"Movement of forces: On 29 March 2026, Al Shabaab fighters were observed regrouping in Rooble Shiikh village (Buur Hakaba, Bay). The fighters arrived from the Idaale village.",0,,1775609918
SOM56255,29-March-2026,2026,1,Strategic developments,Strategic developments,Change to group/activity,Al Shabaab,,2,,,0,20,,706,Eastern Africa,Somalia,Bay,Buur Hakaba,,Qadiidle,2.9646,43.8949,1,REDACTED IN SAMPLE,REDACTED IN SAMPLE,"Movement of forces: On 29 March 2026, Al Shabaab fighters were observed regrouping in Qadiidle village (Buur Hakaba, Bay). The fighters arrived from the Idaale village.",0,,1775609918
SOM56256,29-March-2026,2026,1,Political violence,Violence against civilians,Attack,Al Shabaab,,2,Civilians (Somalia),Military Forces of Somalia (2022-),7,27,Civilian targeting,706,Eastern Africa,Somalia,Bay,Baydhaba,,Idaale,2.7139,43.3436,1,REDACTED IN SAMPLE,REDACTED IN SAMPLE,"On 29 March 2026, Al Shabaab assaulted a civilian in the Idaale village (Baydhaba, Bay). Al Shabaab accused the civilian of spying for the federal forces who are conducting an operation in the Baidoa district. Extent of injuries unknown.",0,,1775609918
SOM56257,29-March-2026,2026,1,Strategic developments,Strategic developments,Change to group/activity,Al Shabaab,,2,,,0,20,,706,Eastern Africa,Somalia,Bay,Buur Hakaba,,Buur Kuulow,2.8097,44.3963,1,REDACTED IN SAMPLE,REDACTED IN SAMPLE,"Movement of forces: On 29 March 2026, Al Shabaab fighters were observed regrouping in Buur Kuulow village (Buur Hakaba, Bay). The fighters have been patrolling the main road between Buur Hakaba and Leego villages.",0,,1775609918
SOM56258,29-March-2026,2026,1,Political violence,Battles,Armed clash,Al Shabaab,,2,Military Forces of Somalia (2022-),,1,12,,706,Eastern Africa,Somalia,Lower Shabelle,Marka,,Marka,1.7131,44.7639,1,REDACTED IN SAMPLE,REDACTED IN SAMPLE,"On 29 March 2026, Al Shabaab ambushed government soldiers (SNA) in the vicinity of Marka town (Marka, Lower Shabelle). There were no casualties.",0,,1775609918
SOM56259,29-March-2026,2026,1,Political violence,Battles,Armed clash,Military Forces of Somalia (2022-),Police Forces of Somalia (2022-) Southwest Special Police Forces,1,Police Forces of Somalia (2022-) Southwest Special Police Forces,,1,11,,706,Eastern Africa,Somalia,Lower Shabelle,Marka,,Marka,1.7131,44.7639,2,REDACTED IN SAMPLE,REDACTED IN SAMPLE,"On 29 March 2026, government security forces (SNA) and armed opposition defected from the Southwest State Special Police Forces (SWSPF) allied with the federal government clashed with Southwest State Special Police Forces (SWSPF) allied with the local administration near Marka town (Marka, Lower Shabelle). There were no casualties.",0,,1775604470
SOM56260,29-March-2026,2026,1,Political violence,Battles,Armed clash,Al Shabaab,,2,Military Forces of Somalia (2022-),,1,12,,706,Eastern Africa,Somalia,Lower Shabelle,Afgooye,,Ceelasha Biyaha,2.0823,45.2102,2,REDACTED IN SAMPLE,REDACTED IN SAMPLE,"On 29 March 2026, Al Shabaab clashed with government security forces (SNA) near Ceelasha Biyaha village (Afgooye, Lower Shabelle). There were no casualties.",0,,1775609918
SOM56153,30-March-2026,2026,1,Political violence,Battles,Armed clash,Military Forces of Somalia (2022-),Police Forces of Somalia (2022-) Southwest Special Police Forces,1,Police Forces of Somalia (2022-) Southwest Special Police Forces,,1,11,,706,Eastern Africa,Somalia,Bay,Baydhaba,,Baidoa,3.1172,43.6469,1,REDACTED IN SAMPLE,REDACTED IN SAMPLE,"On 30 March 2026, government security forces (SNA) and armed opposition defected from the Southwest State Special Police Forces (SWSPF) allied with the federal government clashed with Southwest State Special Police Forces (SWSPF) allied with the local administration in Baidoa village (Baydhaba, Bay). The federal government targeted multiple locations. The FGS and opposition forces overpowered the Southwest State Forces and took control of the town. An unknown number of militants were killed and wounded. Unspecified number of fatalities coded as 3.",3,,1775609918
SOM56154,30-March-2026,2026,1,Political violence,Violence against civilians,Attack,Darod-Marehan Sub-Clan Militia (Somalia),,4,Civilians (Somalia),Hawiye-Habar Gedir-Ayr Sub-Clan Militia (Somalia); Pastoralists (Somalia),7,47,Civilian targeting,706,Eastern Africa,Somalia,Galgaduud,Cabudwaaq,,Balanbale,5.689,45.9693,2,REDACTED IN SAMPLE,REDACTED IN SAMPLE,"On 30 March 2026, Darod-Marehan sub-clan militia shot and killed 1 pastoralist from Hawiye-Habar Gedir-Ayr sub-clan on the outskirts of Xirsi-Lugay village near Balanbale village (Cabudwaaq, Galgaduud). The motive was due to clan revenge.",1,,1775604500
SOM56155,30-March-2026,2026,1,Political violence,Explosions/Remote violence,Remote explosive/landmine/IED,Al Shabaab,,2,Civilians (Somalia),,7,27,Civilian targeting,706,Eastern Africa,Somalia,Hiraan,Belet Weyne,,Belet Weyne,4.736,45.2043,1,REDACTED IN SAMPLE,REDACTED IN SAMPLE,"On 30 March 2026, an IED planted by an unknown armed group (likely Al Shabaab due to similar attacks by the group) exploded under a table at a teashop in Abdicon area in Bundaweyne neighborhood in Belet Weyne town (Belet Weyne, Hiraan). The explosion caused unspecified damage. There were no casualties.",0,,1775609918
SOM56166,30-March-2026,2026,1,Political violence,Explosions/Remote violence,Air/drone strike,Unidentified Military Forces,,8,Al Shabaab,,2,28,,706,Eastern Africa,Somalia,Bay,Baydhaba,,Korow-Rooge,3.0603,43.7723,1,REDACTED IN SAMPLE,REDACTED IN SAMPLE,"On 30 March 2026, international forces (coded as Unidentified Military Forces) launched an airstrike against Al Shabaab in Korow-Rooge village (Baydhaba, Bay). Casualties unknown.",0,,1775609918
SOM56171,30-March-2026,2026,1,Political violence,Battles,Armed clash,Al Shabaab,,2,AUSSOM: Africa Union Support and Stabilisation Mission in Somalia (2025-) (Uganda),,8,28,,706,Eastern Africa,Somalia,Lower Shabelle,Qoryooley,,Mubaarak,1.9167,44.7733,1,REDACTED IN SAMPLE,REDACTED IN SAMPLE,"On 30 March 2026, Al Shabaab attacked AUSSOM UPDF troops at a base in Mubaarak village (Qoryooley, Lower Shabelle). The clash was initiated with RPGs. Al Shabaab claimed to have killed 4 soldiers, injured 7 and seized weapons.",4,,1775609918
SOM56228,30-March-2026,2026,1,Political violence,Battles,Armed clash,Al Shabaab,,2,Military Forces of Somalia (2022-),,1,12,,706,Eastern Africa,Somalia,Lower Shabelle,Qoryooley,,Mubaarak,1.9167,44.7733,1,REDACTED IN SAMPLE,REDACTED IN SAMPLE,"On 30 March 2026, Al Shabaab attacked government security forces (SNA) at a base in Mubaarak village (Qoryooley, Lower Shabelle). The clash was initiated with RPGs. 5 militants were killed.",5,,1775609918
SOM56229,30-March-2026,2026,1,Political violence,Explosions/Remote violence,Air/drone strike,Unidentified Military Forces,Military Forces of Somalia (2022-),8,Al Shabaab,,2,28,,706,Eastern Africa,Somalia,Lower Shabelle,Afgooye,,Awdheegle,1.9833,44.8333,2,REDACTED IN SAMPLE,REDACTED IN SAMPLE,"On 30 March 2026, international forces (coded as Unidentified Military Forces) and government security forces (SNA) launched an airstrike against Al Shabaab in Adey-Yuure village near Awdheegle village (Afgooye, Lower Shabelle). 3 Al Shabaab were killed and several others were injured.",3,,1775609918
SOM56230,30-March-2026,2026,1,Political violence,Violence against civilians,Attack,Military Forces of Somalia (2022-),,1,Civilians (Somalia),,7,17,Civilian targeting,706,Eastern Africa,Somalia,Banadir,Banadir,,Mogadishu - Garasbaaley,2.0611,45.2589,1,REDACTED IN SAMPLE,REDACTED IN SAMPLE,"On 30 March 2026, an unidentified armed individual wearing military-style uniforms (coded as military) shot and injured a motorcycle rider in Macaane neighborhood in Mogadishu - Garasbaaley (Banadir). The soldier looted the civilian.",0,,1775609918
SOM56231,30-March-2026,2026,1,Political violence,Violence against civilians,Attack,Police Forces of Somalia (2022-),,1,Civilians (Somalia),Taxi Drivers (Somalia),7,17,Civilian targeting,706,Eastern Africa,Somalia,Banadir,Banadir,,Mogadishu - Garasbaaley,2.0611,45.2589,1,REDACTED IN SAMPLE,REDACTED IN SAMPLE,"On 30 March 2026, a police officer shot and injured a civilian tuk-tuk driver in Tabelaha Sheikh Ibrahim neighborhood in Mogadishu - Garasbaaley (Banadir). The motive was due to unknown dispute.",0,,1775609918
SOM56232,30-March-2026,2026,1,Political violence,Violence against civilians,Attack,Hawiye-Habar Gedir Sub-Clan Militia (Somalia),,4,Civilians (Somalia),Hawiye-Habar Gedir-Duduble Sub-Clan Group (Somalia),7,47,Civilian targeting,706,Eastern Africa,Somalia,Galgaduud,Dhuusamarreeb,,Dhuusamarreeb,5.5376,46.3867,2,REDACTED IN SAMPLE,REDACTED IN SAMPLE,"On 30 March 2026, Hawiye-Habar Gedir Ayr sub-clan militia shot and killed 2 civilians from Hawiye-Habar Gedir-Duduble sub-clan on the outskirts of Orshe village near Dhuusamarreeb town (Dhuusamarreeb, Galgaduud). The motive was due to clan revenge.",2,,1775609918
SOM56233,30-March-2026,2026,1,Political violence,Battles,Armed clash,Darod-Marehan Sub-Clan Militia (Somalia),,4,Hawiye-Habar Gedir-Saleban Sub-Clan Militia (Somalia),,4,44,,706,Eastern Africa,Somalia,Galgaduud,Cabudwaaq,,Dalsan,6.2706,46.3236,2,REDACTED IN SAMPLE,REDACTED IN SAMPLE,"On 30 March 2026, Hawiye-Habar Gedir-Saleban sub-clan militia clashed with Darod-Marehan-Cili sub-clan militia in the vicinity of Baraag-Sadex area, on the outskirts of Ruun-Cadde village near Dalsan village (Cabudwaaq, Galgaduud). The motive was due to clan revenge. More than 13 people were killed.",13,,1775604470
SOM56235,30-March-2026,2026,1,Political violence,Battles,Armed clash,Unidentified Clan Militia (Somalia),,4,Unidentified Clan Militia (Somalia),,4,44,,706,Eastern Africa,Somalia,Middle Shabelle,Jowhar,,Ceel Baraf,3.2072,45.7593,1,REDACTED IN SAMPLE,REDACTED IN SAMPLE,"On 30 March 2026, 2 unidentified clan militias clashed in the vicinity of Ceel Baraf village (Jowhar, Middle Shabelle). The motive was due the retaliation of a killing of a woman in Noor- Mallin village (coded separately). 3 people were injured.",0,,1775604470
SOM56236,30-March-2026,2026,1,Political violence,Explosions/Remote violence,Air/drone strike,Unidentified Military Forces,,8,Al Shabaab,,2,28,,706,Eastern Africa,Somalia,Middle Shabelle,Cadale,,Sumadaale,2.9194,46.0998,1,REDACTED IN SAMPLE,REDACTED IN SAMPLE,"On 30 March 2026, international forces (coded as unidentified military forces) launched an airstrike against Al Shabaab position in Sumadaale village (Cadale, Middle Shabelle). Casualties unknown.",0,,1775609918
SOM56237,30-March-2026,2026,1,Political violence,Explosions/Remote violence,Air/drone strike,Unidentified Military Forces,,8,Al Shabaab,,2,28,,706,Eastern Africa,Somalia,Middle Shabelle,Cadale,,Masjid Cali Gaduud,3.1808,46.4354,1,REDACTED IN SAMPLE,REDACTED IN SAMPLE,"On 30 March 2026, international forces (coded as unidentified military forces) launched an airstrike against Al Shabaab position in the vicinity of Masjid Cali Gaduud village (Cadale, Middle Shabelle). Casualties unknown.",0,,1775609918
SOM56238,30-March-2026,2026,1,Political violence,Battles,Armed clash,Military Forces of Somalia (2022-),Police Forces of Somalia (2022-) Southwest Special Police Forces,1,Police Forces of Somalia (2022-) Southwest Special Police Forces,,1,11,,706,Eastern Africa,Somalia,Bay,Baydhaba,,Carah Guduud,3.1138,43.5853,1,REDACTED IN SAMPLE,REDACTED IN SAMPLE,"On 30 March 2026, government security forces (SNA) and armed opposition defected from the Southwest State Special Police Forces (SWSPF) allied with the federal government clashed with Southwest State Special Police Forces (SWSPF) allied with the local administration in Carah Guduud village (Baydhaba, Bay). There were no casualties.",0,,1775604470
SOM56239,30-March-2026,2026,1,Political violence,Battles,Armed clash,Military Forces of Somalia (2022-),Police Forces of Somalia (2022-) Southwest Special Police Forces,1,Police Forces of Somalia (2022-) Southwest Special Police Forces,,1,11,,706,Eastern Africa,Somalia,Bay,Baydhaba,,Haween,3.2513,43.5443,1,REDACTED IN SAMPLE,REDACTED IN SAMPLE,"On 30 March 2026, government security forces (SNA) and armed opposition defected from the Southwest State Special Police Forces (SWSPF) allied with the federal government clashed with Southwest State Special Police Forces (SWSPF) allied with the local administration in Haween village (Baydhaba, Bay). There were no casualties.",0,,1775604470
SOM56240,30-March-2026,2026,1,Political violence,Battles,Armed clash,Military Forces of Somalia (2022-),Police Forces of Somalia (2022-) Southwest Special Police Forces,1,Police Forces of Somalia (2022-) Southwest Special Police Forces,,1,11,,706,Eastern Africa,Somalia,Bay,Baydhaba,,Danbalka,3.0451,43.7916,1,REDACTED IN SAMPLE,REDACTED IN SAMPLE,"On 30 March 2026, government security forces (SNA) and armed opposition defected from the Southwest State Special Police Forces (SWSPF) allied with the federal government clashed with Southwest State Special Police Forces (SWSPF) allied with the local administration in Danbalka village (Baydhaba, Bay). There were no casualties.",0,,1775604470
SOM56241,30-March-2026,2026,1,Political violence,Battles,Armed clash,Military Forces of Somalia (2022-),Police Forces of Somalia (2022-) Southwest Special Police Forces,1,Police Forces of Somalia (2022-) Southwest Special Police Forces,,1,11,,706,Eastern Africa,Somalia,Bay,Baydhaba,,Korow-Rooge,3.0603,43.7723,1,REDACTED IN SAMPLE,REDACTED IN SAMPLE,"On 30 March 2026, government security forces (SNA) and armed opposition defected from the Southwest State Special Police Forces (SWSPF) allied with the federal government clashed with Southwest State Special Police Forces (SWSPF) allied with the local administration in Korow-Rooge village (Baydhaba, Bay). There were no casualties.",0,,1775604470
SOM56242,30-March-2026,2026,1,Political violence,Battles,Armed clash,Al Shabaab,,2,Military Forces of Somalia (2022-),Police Forces of Somalia (2022-) Southwest Special Police Forces,1,12,,706,Eastern Africa,Somalia,Bay,Baydhaba,,Gasarta,3.1005,43.7234,2,REDACTED IN SAMPLE,REDACTED IN SAMPLE,"On 30 March 2026, Al Shabaab ambushed government security forces (SNA) and armed opposition forces defected from the Southwest State Special Police Forces (SWSPF) allied with the federal government convoy near Gasarta village (Baydhaba, Bay). There were no casualties.",0,,1775609918
SOM56243,30-March-2026,2026,1,Political violence,Violence against civilians,Attack,Al Shabaab,,2,Civilians (Somalia),,7,27,Civilian targeting,706,Eastern Africa,Somalia,Lower Juba,Jamaame,,Nattaa Quur,-0.0269,42.7536,1,REDACTED IN SAMPLE,REDACTED IN SAMPLE,"On 30 March 2026, Al Shabaab killed a civilian in Nattaa Quur village (Jamaame, Lower Juba).",1,,1775609918
SOM56244,30-March-2026,2026,1,Political violence,Battles,Armed clash,Al Shabaab,,2,Military Forces of Somalia (2022-),,1,12,,706,Eastern Africa,Somalia,Lower Juba,Jamaame,,Bar-Sanguun,-0.0416,42.5945,1,REDACTED IN SAMPLE,REDACTED IN SAMPLE,"On 30 March 2026, Al Shabaab clashed with government security forces (SNA) at a base in Bar-Sanguun village (Jamaame, Lower Juba). There were no casualties.",0,,1775609918
SOM56245,30-March-2026,2026,1,Political violence,Explosions/Remote violence,Shelling/artillery/missile attack,Islamic State Somalia Province,,2,Military Forces of Somalia (2022-) Puntland Dervish Force,,1,12,,706,Eastern Africa,Somalia,Bari,Qandala,,Dasaan,11.1703,49.8239,2,REDACTED IN SAMPLE,REDACTED IN SAMPLE,"On 30 March 2026, Islamic State Somalia Province fired mortar shells targeting Puntland Dervish Force near Dasaan village (Qandala, Bari). There were no casualties.",0,,1775609918
SOM56246,30-March-2026,2026,1,Political violence,Battles,Armed clash,Islamic State Somalia Province,,2,Military Forces of Somalia (2022-) Puntland Dervish Force,,1,12,,706,Eastern Africa,Somalia,Bari,Bossaso,,Bosaso,11.2842,49.1816,2,REDACTED IN SAMPLE,REDACTED IN SAMPLE,"On 30 March 2026, Puntland Dervish Force clashed with Islamic State Somalia Province, including foreign fighters, at the Ceel Saabdow village near Bosaso town (Bossaso, Bari). There were no casualties.",0,,1775609918
SOM56247,30-March-2026,2026,1,Demonstrations,Protests,Peaceful protest,Protesters (Somalia),Women (Somalia),6,,,0,60,,706,Eastern Africa,Somalia,Woqooyi Galbeed,Hargeysa,,Hargeysa,9.5598,44.0668,1,REDACTED IN SAMPLE,REDACTED IN SAMPLE,"On 30 March 2026, a group of women protested outside the Public Transport Association office in Hargeysa town (Hargeysa, Woqooyi Galbeed) in response to the rise in fuel prices, which had risen twice within a two-week period. Police dispersed the group through dialogue.",0,crowd size=no report,1775609918
SOM56248,30-March-2026,2026,1,Political violence,Violence against civilians,Attack,Unidentified Clan Militia (Somalia),,4,Civilians (Somalia),Labor Group (Somalia); Unidentified Clan Group (Somalia),7,47,Civilian targeting,706,Eastern Africa,Somalia,Awdal,Borama,,Xariirad,10.3254,42.8374,2,REDACTED IN SAMPLE,REDACTED IN SAMPLE,"On 30 March 2026, unidentified clan militia opened fire and punctured the tires of a truck carrying food supplies from Djibouti near Xariirad town (Borama, Awdal), mistaking it for a vehicle belonging to their rivals. After realizing the passengers were from a different clan, they released the driver. No mention of injuries.",0,,1775604470
SOM56270,30-March-2026,2026,1,Political violence,Violence against civilians,Attack,Unidentified Clan Militia (Somalia),,4,Civilians (Somalia),Women (Somalia); Unidentified Clan Group (Somalia),7,47,Civilian targeting,706,Eastern Africa,Somalia,Middle Shabelle,Jowhar,,Ceel Baraf,3.2072,45.7593,2,REDACTED IN SAMPLE,REDACTED IN SAMPLE,"On 30 March 2026, an unidentified clan militia attacked a civilian from an unspecified clan in Noor-Mallin village near Ceel Baraf village (Jowhar, Middle Shabelle). The motive was due to clan revenge. 1 woman was killed and another person was injured.",1,,1775604470
SOM56218,31-March-2026,2026,1,Political violence,Explosions/Remote violence,Shelling/artillery/missile attack,Al Shabaab,,2,Military Forces of Somalia (2022-),,1,12,,706,Eastern Africa,Somalia,Bay,Buur Hakaba,,Buur Xakaba,2.8049,44.0821,1,REDACTED IN SAMPLE,REDACTED IN SAMPLE,"On 31 March 2026, Al Shabaab fired mortar shells targeting government security forces (SNA) at a the airport base in Buur Xakaba town (Buur Hakaba, Bay). There were no casualties. Al Shabaab claimed responsibility.",0,,1775609918
SOM56219,31-March-2026,2026,1,Political violence,Battles,Armed clash,Al Shabaab,,2,Military Forces of Somalia (2022-),,1,12,,706,Eastern Africa,Somalia,Hiraan,Belet Weyne,,Belet Weyne,4.736,45.2043,1,REDACTED IN SAMPLE,REDACTED IN SAMPLE,"On 31 March 2026, Al Shabaab clashed with government security forces (SNA) at a base in Belet Weyne town (Belet Weyne, Hiraan). Al Shabaab claimed to have injured unknown number of soldiers.",0,,1775609918
SOM56220,31-March-2026,2026,1,Political violence,Explosions/Remote violence,Air/drone strike,Unidentified Military Forces,Military Forces of Somalia (2022-) National Intelligence and Security Agency,8,Al Shabaab,,2,28,,706,Eastern Africa,Somalia,Middle Juba,Jilib,,Kunyo Barrow,0.8014,43.3837,1,REDACTED IN SAMPLE,REDACTED IN SAMPLE,"On 31 March 2026, international forces (coded as unidentified military forces) and government security forces (NISA) launched an airstrike against Al Shabaab positions in Kunyo Barrow town (Jilib, Middle Juba). A senior member and 6 militants were killed. The airstrike continued the following day (coded separately).",7,,1775609918
SOM56221,31-March-2026,2026,1,Political violence,Explosions/Remote violence,Air/drone strike,Unidentified Military Forces,Military Forces of Somalia (2022-) National Intelligence and Security Agency,8,Al Shabaab,,2,28,,706,Eastern Africa,Somalia,Middle Shabelle,Cadale,,Lamagaras,3.0969,46.1304,1,REDACTED IN SAMPLE,REDACTED IN SAMPLE,"On 31 March 2026, international forces (coded as unidentified military forces) and government security forces (NISA) launched an airstrike against Al Shabaab position in Lamagaras village (Cadale, Middle Shabelle). 12 Al Shabaab were killed.",12,,1775609918
SOM56222,31-March-2026,2026,1,Political violence,Battles,Armed clash,Islamic State Somalia Province,,2,Military Forces of Somalia (2022-) Puntland Dervish Force,,1,12,,706,Eastern Africa,Somalia,Bari,Bossaso,,Bosaso,11.2842,49.1816,2,REDACTED IN SAMPLE,REDACTED IN SAMPLE,"On 31 March 2026, Puntland Dervish Force clashed with Islamic State Somalia Province at the Ceelka Shakaalo area near Bosaso town (Bossaso, Bari). There were no casualties.",0,,1775609918
SOM56223,31-March-2026,2026,1,Political violence,Battles,Armed clash,Islamic State Somalia Province,,2,Military Forces of Somalia (2022-) Puntland Dervish Force,,1,12,,706,Eastern Africa,Somalia,Bari,Bossaso,,Yalho,10.9176,49.2525,2,REDACTED IN SAMPLE,REDACTED IN SAMPLE,"On 31 March 2026, Puntland Dervish Force clashed with Islamic State Somalia Province near Yalho village (Bossaso, Bari), resulting in an unknown number of injuries.",0,,1775609918
SOM56224,31-March-2026,2026,1,Political violence,Violence against civilians,Attack,Military Forces of Somalia (2022-),,1,Civilians (Somalia),Unidentified Clan Group (Somalia),7,17,Civilian targeting,706,Eastern Africa,Somalia,Lower Shabelle,Afgooye,,Lambar 50,1.99,44.9859,2,REDACTED IN SAMPLE,REDACTED IN SAMPLE,"On 31 March 2026, 6 government soldiers (SNA) shot and killed a clan elder in Fadimuuse area near Lambar 50 village (Afgooye, Lower Juba). The motive of the attack is unknown.",1,,1775609918
SOM56225,31-March-2026,2026,1,Political violence,Battles,Armed clash,Military Forces of Somalia (2022-),,1,Military Forces of Somalia (2022-),,1,11,,706,Eastern Africa,Somalia,Lower Shabelle,Marka,,Dhanaane,1.8739,45.0276,1,REDACTED IN SAMPLE,REDACTED IN SAMPLE,"On 31 March 2026, government security forces (SNA) clashed with another group of government soldiers (SNA) in the vicinity of Dhanaane village (Marka, Lower Shabelle). The security forces launched an operation to arrest SNA soldiers who killed a civilian in the Fadimuuse area (coded separately). 1 soldier was killed, and 2 others were arrested.",1,,1775609918
SOM56226,31-March-2026,2026,1,Political violence,Battles,Armed clash,Hawiye-Habar Gedir-Ayr Sub-Clan Militia (Somalia),,4,Darod-Marehan Sub-Clan Militia (Somalia),,4,44,,706,Eastern Africa,Somalia,Galgaduud,Cabudwaaq,,Balanbale,5.689,45.9693,2,REDACTED IN SAMPLE,REDACTED IN SAMPLE,"On 31 March 2026, Hawiye-Habar Gedir-Ayr sub-clan militia and Darod-Marehan sub-clan militia exchanged gunfire in Bali Haraale area on the outskirts of Xirsi Lugay village near Balanbale village (Cabudwaaq, Galgaduud). The motive was due to clan revenge and land dispute. 2 people were killed and 2 others were injured.",2,,1775604470
SOM56227,31-March-2026,2026,1,Political violence,Explosions/Remote violence,Air/drone strike,Unidentified Military Forces,Military Forces of Somalia (2022-) National Intelligence and Security Agency,8,Al Shabaab,,2,28,,706,Eastern Africa,Somalia,Lower Shabelle,Qoryooley,,Qoryooley,1.7878,44.53,2,REDACTED IN SAMPLE,REDACTED IN SAMPLE,"On 31 March 2026, international forces (coded as unidentified military forces) and government security forces (NISA) launched an airstrike against Al Shabaab position in Laba Garas village near Qoryooley town (Qoryooley, Lower Shabelle), followed by another airstrike between Labagaras and Qoryooley (coded separately). More than 10 militants, including several commanders were killed.",10,,1775609918
