{"type":"FeatureCollection","features":[{"type":"Feature","id":1,"properties":{"_id":"6778d3f8a0370cd8fcc25847","createdBy":"eBT9qSrxquPVguazo7MwJzzaf2p1","createdAt":"2025-01-04T06:23:52.628Z","updatedBy":"eBT9qSrxquPVguazo7MwJzzaf2p1","updatedAt":"2025-01-04T06:25:08.846Z","name":"ELDORET CTR","dataIngestion":true,"type":4,"icaoClass":3,"activity":0,"onDemand":false,"onRequest":false,"byNotam":false,"specialAgreement":false,"requestCompliance":false,"country":"KE","upperLimit":{"value":10000,"unit":1,"referenceDatum":0},"lowerLimit":{"value":0,"unit":1,"referenceDatum":0},"hoursOfOperation":{"operatingHours":[{"dayOfWeek":0,"startTime":"00:00","endTime":"00:00","byNotam":false,"sunrise":false,"sunset":false,"publicHolidaysExcluded":false},{"dayOfWeek":1,"startTime":"00:00","endTime":"00:00","byNotam":false,"sunrise":false,"sunset":false,"publicHolidaysExcluded":false},{"dayOfWeek":2,"startTime":"00:00","endTime":"00:00","byNotam":false,"sunrise":false,"sunset":false,"publicHolidaysExcluded":false},{"dayOfWeek":3,"startTime":"00:00","endTime":"00:00","byNotam":false,"sunrise":false,"sunset":false,"publicHolidaysExcluded":false},{"dayOfWeek":4,"startTime":"00:00","endTime":"00:00","byNotam":false,"sunrise":false,"sunset":false,"publicHolidaysExcluded":false},{"dayOfWeek":5,"startTime":"00:00","endTime":"00:00","byNotam":false,"sunrise":false,"sunset":false,"publicHolidaysExcluded":false},{"dayOfWeek":6,"startTime":"00:00","endTime":"00:00","byNotam":false,"sunrise":false,"sunset":false,"publicHolidaysExcluded":false}]},"deletable":true},"geometry":{"type":"Polygon","coordinates":[[[35.23669,0.65383],[35.22885,0.65371],[35.22101,0.65334],[35.21318,0.65272],[35.20538,0.65186],[35.19761,0.65076],[35.18988,0.64941],[35.18219,0.64781],[35.17456,0.64598],[35.16699,0.64391],[35.15949,0.6416],[35.15206,0.63906],[35.14472,0.63629],[35.13747,0.63328],[35.13032,0.63005],[35.12327,0.6266],[35.11633,0.62293],[35.10951,0.61904],[35.10282,0.61494],[35.09626,0.61063],[35.08984,0.60612],[35.08356,0.6014],[35.07744,0.5965],[35.07147,0.5914],[35.06566,0.58612],[35.06003,0.58066],[35.05457,0.57502],[35.04928,0.56921],[35.04419,0.56325],[35.03928,0.55712],[35.03457,0.55084],[35.03005,0.54442],[35.02575,0.53786],[35.02165,0.53117],[35.01776,0.52435],[35.01408,0.51742],[35.01063,0.51037],[35.0074,0.50322],[35.0044,0.49597],[35.00162,0.48862],[34.99908,0.4812],[34.99677,0.4737],[34.9947,0.46613],[34.99287,0.4585],[34.99128,0.45081],[34.98993,0.44308],[34.98883,0.43531],[34.98797,0.42751],[34.98735,0.41968],[34.98698,0.41184],[34.98686,0.404],[34.98698,0.39615],[34.98735,0.38831],[34.98797,0.38049],[34.98883,0.37268],[34.98993,0.36491],[34.99128,0.35718],[34.99288,0.3495],[34.99471,0.34187],[34.99678,0.3343],[34.99909,0.32679],[35.00163,0.31937],[35.0044,0.31203],[35.00741,0.30478],[35.01064,0.29762],[35.01409,0.29058],[35.01776,0.28364],[35.02165,0.27682],[35.02575,0.27013],[35.03006,0.26357],[35.03457,0.25715],[35.03929,0.25087],[35.04419,0.24475],[35.04929,0.23878],[35.05457,0.23298],[35.06004,0.22734],[35.06567,0.22188],[35.07148,0.2166],[35.07745,0.2115],[35.08357,0.20659],[35.08985,0.20188],[35.09627,0.19737],[35.10283,0.19306],[35.10952,0.18896],[35.11634,0.18507],[35.12327,0.1814],[35.13032,0.17795],[35.13747,0.17472],[35.14473,0.17171],[35.15207,0.16894],[35.15949,0.1664],[35.16699,0.16409],[35.17456,0.16202],[35.1822,0.16019],[35.18988,0.15859],[35.19761,0.15724],[35.20538,0.15614],[35.21318,0.15528],[35.22101,0.15466],[35.22885,0.15429],[35.23669,0.15417],[35.24454,0.15429],[35.25238,0.15466],[35.26021,0.15528],[35.26801,0.15614],[35.27578,0.15724],[35.28351,0.15859],[35.29119,0.16019],[35.29883,0.16202],[35.3064,0.16409],[35.3139,0.1664],[35.32132,0.16894],[35.32866,0.17171],[35.33591,0.17472],[35.34307,0.17795],[35.35012,0.1814],[35.35705,0.18507],[35.36387,0.18896],[35.37056,0.19306],[35.37712,0.19737],[35.38354,0.20188],[35.38982,0.20659],[35.39594,0.2115],[35.40191,0.2166],[35.40772,0.22188],[35.41335,0.22734],[35.41881,0.23298],[35.4241,0.23878],[35.42919,0.24475],[35.4341,0.25087],[35.43881,0.25715],[35.44333,0.26357],[35.44764,0.27013],[35.45174,0.27682],[35.45563,0.28364],[35.4593,0.29058],[35.46275,0.29762],[35.46598,0.30478],[35.46898,0.31203],[35.47176,0.31937],[35.4743,0.32679],[35.47661,0.3343],[35.47868,0.34187],[35.48051,0.3495],[35.48211,0.35718],[35.48345,0.36491],[35.48456,0.37268],[35.48542,0.38049],[35.48604,0.38831],[35.48641,0.39615],[35.48653,0.404],[35.48641,0.41184],[35.48604,0.41968],[35.48542,0.42751],[35.48456,0.43531],[35.48346,0.44308],[35.48211,0.45081],[35.48052,0.4585],[35.47868,0.46613],[35.47661,0.4737],[35.47431,0.4812],[35.47176,0.48862],[35.46899,0.49597],[35.46599,0.50322],[35.46276,0.51037],[35.4593,0.51742],[35.45563,0.52435],[35.45174,0.53117],[35.44764,0.53786],[35.44333,0.54442],[35.43882,0.55084],[35.43411,0.55712],[35.4292,0.56325],[35.4241,0.56921],[35.41882,0.57502],[35.41336,0.58066],[35.40772,0.58612],[35.40192,0.5914],[35.39595,0.5965],[35.38983,0.6014],[35.38355,0.60612],[35.37713,0.61063],[35.37057,0.61494],[35.36388,0.61904],[35.35706,0.62293],[35.35012,0.6266],[35.34307,0.63005],[35.33592,0.63328],[35.32867,0.63629],[35.32133,0.63906],[35.3139,0.6416],[35.3064,0.64391],[35.29883,0.64598],[35.2912,0.64781],[35.28351,0.64941],[35.27578,0.65076],[35.26801,0.65186],[35.26021,0.65272],[35.25238,0.65334],[35.24454,0.65371],[35.23669,0.65383]]]}},{"type":"Feature","id":2,"properties":{"_id":"6778d3f8a0370cd8fcc2584a","createdBy":"eBT9qSrxquPVguazo7MwJzzaf2p1","createdAt":"2025-01-04T06:23:52.688Z","updatedBy":"eBT9qSrxquPVguazo7MwJzzaf2p1","updatedAt":"2025-01-04T06:25:09.552Z","name":"ELDORET TMA","dataIngestion":true,"type":7,"icaoClass":4,"activity":0,"onDemand":false,"onRequest":false,"byNotam":false,"specialAgreement":false,"requestCompliance":false,"country":"KE","upperLimit":{"value":145,"unit":6,"referenceDatum":2},"lowerLimit":{"value":1500,"unit":1,"referenceDatum":0},"hoursOfOperation":{"operatingHours":[{"dayOfWeek":0,"startTime":"00:00","endTime":"00:00","byNotam":false,"sunrise":false,"sunset":false,"publicHolidaysExcluded":false},{"dayOfWeek":1,"startTime":"00:00","endTime":"00:00","byNotam":false,"sunrise":false,"sunset":false,"publicHolidaysExcluded":false},{"dayOfWeek":2,"startTime":"00:00","endTime":"00:00","byNotam":false,"sunrise":false,"sunset":false,"publicHolidaysExcluded":false},{"dayOfWeek":3,"startTime":"00:00","endTime":"00:00","byNotam":false,"sunrise":false,"sunset":false,"publicHolidaysExcluded":false},{"dayOfWeek":4,"startTime":"00:00","endTime":"00:00","byNotam":false,"sunrise":false,"sunset":false,"publicHolidaysExcluded":false},{"dayOfWeek":5,"startTime":"00:00","endTime":"00:00","byNotam":false,"sunrise":false,"sunset":false,"publicHolidaysExcluded":false},{"dayOfWeek":6,"startTime":"00:00","endTime":"00:00","byNotam":false,"sunrise":false,"sunset":false,"publicHolidaysExcluded":false}]},"deletable":true},"geometry":{"type":"Polygon","coordinates":[[[34.79232,1.22556],[33.96743,-0.43599],[35.23278,-0.43279],[35.25878,-0.43109],[35.28508,-0.4298],[35.31132,-0.42769],[35.33749,-0.42476],[35.36355,-0.42101],[35.38949,-0.41644],[35.41526,-0.41106],[35.44086,-0.40487],[35.46624,-0.39788],[35.4914,-0.39009],[35.5163,-0.38152],[35.54091,-0.37217],[35.56522,-0.36206],[35.5892,-0.35118],[35.61283,-0.33956],[35.63608,-0.3272],[35.65893,-0.31412],[35.68136,-0.30032],[35.70334,-0.28583],[35.72486,-0.27065],[35.74589,-0.25481],[35.76641,-0.23831],[35.78641,-0.22118],[35.80585,-0.20343],[35.82473,-0.18507],[35.84303,-0.16613],[35.86071,-0.14663],[35.87778,-0.12658],[35.89421,-0.106],[35.90999,-0.08492],[35.92509,-0.06335],[35.93951,-0.04132],[35.95324,-0.01885],[35.96624,0.00404],[35.97853,0.02733],[35.99007,0.051],[36.00087,0.07501],[36.01091,0.09936],[36.02018,0.124],[36.02867,0.14893],[36.03637,0.17411],[36.04328,0.19951],[36.04938,0.22513],[36.05468,0.25092],[36.05917,0.27687],[36.06284,0.30294],[36.06569,0.32912],[36.06771,0.35537],[36.06891,0.38167],[36.06928,0.408],[36.06883,0.43433],[36.06755,0.46063],[36.06544,0.48687],[36.06251,0.51304],[36.05876,0.5391],[36.05419,0.56504],[36.04881,0.59081],[36.04263,0.6164],[36.03564,0.64179],[36.02786,0.66695],[36.01929,0.69184],[36.00995,0.71646],[35.99983,0.74077],[35.98896,0.76475],[35.97734,0.78838],[35.96498,0.81163],[35.9519,0.83449],[35.9381,0.85692],[35.92361,0.8789],[35.90844,0.90042],[35.89259,0.92145],[35.8761,0.94198],[35.85896,0.96197],[35.84121,0.98142],[35.82286,1.0003],[35.80392,1.0186],[35.78441,1.03629],[35.76436,1.05336],[35.74378,1.06979],[35.7227,1.08557],[35.70113,1.10067],[35.67909,1.1151],[35.65662,1.12882],[35.63372,1.14183],[35.61042,1.15411],[35.58676,1.16566],[35.56274,1.17646],[35.53839,1.1865],[35.51374,1.19576],[35.48881,1.20425],[35.46362,1.21196],[35.43821,1.21886],[35.41259,1.22497],[35.38679,1.23027],[35.36084,1.23475],[35.33476,1.23842],[35.30858,1.24127],[35.28232,1.24329],[35.25601,1.24449],[35.22967,1.24486],[34.79232,1.22556]]]}},{"type":"Feature","id":3,"properties":{"_id":"6778d3f8a0370cd8fcc2584d","createdBy":"eBT9qSrxquPVguazo7MwJzzaf2p1","createdAt":"2025-01-04T06:23:52.710Z","updatedBy":"eBT9qSrxquPVguazo7MwJzzaf2p1","updatedAt":"2025-01-04T06:25:09.694Z","name":"EMBU CTR","dataIngestion":true,"type":4,"icaoClass":3,"activity":0,"onDemand":false,"onRequest":false,"byNotam":false,"specialAgreement":false,"requestCompliance":false,"country":"KE","upperLimit":{"value":9000,"unit":1,"referenceDatum":0},"lowerLimit":{"value":0,"unit":1,"referenceDatum":0},"hoursOfOperation":{"operatingHours":[{"dayOfWeek":0,"startTime":"00:00","endTime":"00:00","byNotam":false,"sunrise":false,"sunset":false,"publicHolidaysExcluded":false},{"dayOfWeek":1,"startTime":"00:00","endTime":"00:00","byNotam":false,"sunrise":false,"sunset":false,"publicHolidaysExcluded":false},{"dayOfWeek":2,"startTime":"00:00","endTime":"00:00","byNotam":false,"sunrise":false,"sunset":false,"publicHolidaysExcluded":false},{"dayOfWeek":3,"startTime":"00:00","endTime":"00:00","byNotam":false,"sunrise":false,"sunset":false,"publicHolidaysExcluded":false},{"dayOfWeek":4,"startTime":"00:00","endTime":"00:00","byNotam":false,"sunrise":false,"sunset":false,"publicHolidaysExcluded":false},{"dayOfWeek":5,"startTime":"00:00","endTime":"00:00","byNotam":false,"sunrise":false,"sunset":false,"publicHolidaysExcluded":false},{"dayOfWeek":6,"startTime":"00:00","endTime":"00:00","byNotam":false,"sunrise":false,"sunset":false,"publicHolidaysExcluded":false}]},"deletable":true},"geometry":{"type":"Polygon","coordinates":[[[37.49484,-0.32251],[37.48699,-0.32263],[37.47915,-0.323],[37.47133,-0.32362],[37.46353,-0.32448],[37.45576,-0.32558],[37.44802,-0.32693],[37.44034,-0.32852],[37.43271,-0.33036],[37.42514,-0.33243],[37.41764,-0.33473],[37.41021,-0.33728],[37.40287,-0.34005],[37.39562,-0.34305],[37.38846,-0.34628],[37.38142,-0.34974],[37.37448,-0.35341],[37.36766,-0.3573],[37.36097,-0.3614],[37.35441,-0.36571],[37.34799,-0.37022],[37.34171,-0.37493],[37.33559,-0.37984],[37.32962,-0.38494],[37.32381,-0.39022],[37.31818,-0.39568],[37.31272,-0.40132],[37.30743,-0.40712],[37.30234,-0.41309],[37.29743,-0.41921],[37.29272,-0.42549],[37.2882,-0.43191],[37.28389,-0.43847],[37.27979,-0.44516],[37.2759,-0.45198],[37.27223,-0.45891],[37.26878,-0.46596],[37.26555,-0.47311],[37.26254,-0.48037],[37.25977,-0.48771],[37.25723,-0.49513],[37.25492,-0.50263],[37.25285,-0.5102],[37.25101,-0.51783],[37.24942,-0.52552],[37.24807,-0.53325],[37.24697,-0.54102],[37.24611,-0.54882],[37.24549,-0.55665],[37.24512,-0.56449],[37.245,-0.57233],[37.24512,-0.58018],[37.24549,-0.58802],[37.2461,-0.59584],[37.24696,-0.60365],[37.24807,-0.61142],[37.24942,-0.61915],[37.25101,-0.62683],[37.25284,-0.63446],[37.25491,-0.64203],[37.25722,-0.64954],[37.25976,-0.65696],[37.26254,-0.6643],[37.26554,-0.67155],[37.26877,-0.67871],[37.27222,-0.68576],[37.27589,-0.69269],[37.27978,-0.69951],[37.28388,-0.7062],[37.28819,-0.71276],[37.29271,-0.71918],[37.29742,-0.72546],[37.30233,-0.73158],[37.30742,-0.73755],[37.3127,-0.74336],[37.31817,-0.74899],[37.3238,-0.75446],[37.32961,-0.75974],[37.33558,-0.76483],[37.3417,-0.76974],[37.34798,-0.77445],[37.3544,-0.77897],[37.36096,-0.78328],[37.36765,-0.78738],[37.37447,-0.79127],[37.38141,-0.79494],[37.38846,-0.79839],[37.39561,-0.80162],[37.40286,-0.80463],[37.4102,-0.8074],[37.41763,-0.80994],[37.42513,-0.81225],[37.4327,-0.81432],[37.44033,-0.81615],[37.44802,-0.81774],[37.45575,-0.81909],[37.46352,-0.8202],[37.47133,-0.82106],[37.47915,-0.82168],[37.48699,-0.82205],[37.49484,-0.82217],[37.50269,-0.82205],[37.51053,-0.82168],[37.51835,-0.82106],[37.52615,-0.8202],[37.53392,-0.81909],[37.54166,-0.81774],[37.54934,-0.81615],[37.55698,-0.81432],[37.56455,-0.81225],[37.57205,-0.80994],[37.57947,-0.8074],[37.58682,-0.80463],[37.59407,-0.80162],[37.60122,-0.79839],[37.60827,-0.79494],[37.61521,-0.79127],[37.62203,-0.78738],[37.62872,-0.78328],[37.63528,-0.77897],[37.6417,-0.77445],[37.64798,-0.76974],[37.6541,-0.76483],[37.66007,-0.75974],[37.66587,-0.75446],[37.67151,-0.74899],[37.67697,-0.74336],[37.68226,-0.73755],[37.68735,-0.73158],[37.69226,-0.72546],[37.69697,-0.71918],[37.70149,-0.71276],[37.70579,-0.7062],[37.70989,-0.69951],[37.71378,-0.69269],[37.71746,-0.68576],[37.72091,-0.67871],[37.72414,-0.67155],[37.72714,-0.6643],[37.72992,-0.65696],[37.73246,-0.64954],[37.73477,-0.64203],[37.73684,-0.63446],[37.73867,-0.62683],[37.74026,-0.61915],[37.74161,-0.61142],[37.74271,-0.60365],[37.74357,-0.59584],[37.74419,-0.58802],[37.74456,-0.58018],[37.74468,-0.57233],[37.74456,-0.56449],[37.74419,-0.55665],[37.74357,-0.54882],[37.74271,-0.54102],[37.7416,-0.53325],[37.74026,-0.52552],[37.73866,-0.51783],[37.73683,-0.5102],[37.73476,-0.50263],[37.73245,-0.49513],[37.72991,-0.48771],[37.72713,-0.48037],[37.72413,-0.47311],[37.7209,-0.46596],[37.71745,-0.45891],[37.71377,-0.45198],[37.70989,-0.44516],[37.70578,-0.43847],[37.70148,-0.43191],[37.69696,-0.42549],[37.69225,-0.41921],[37.68734,-0.41309],[37.68224,-0.40712],[37.67696,-0.40132],[37.6715,-0.39568],[37.66586,-0.39022],[37.66006,-0.38494],[37.65409,-0.37984],[37.64797,-0.37493],[37.64169,-0.37022],[37.63527,-0.36571],[37.62871,-0.3614],[37.62202,-0.3573],[37.6152,-0.35341],[37.60826,-0.34974],[37.60121,-0.34628],[37.59406,-0.34305],[37.58681,-0.34005],[37.57947,-0.33728],[37.57204,-0.33473],[37.56454,-0.33243],[37.55697,-0.33036],[37.54934,-0.32852],[37.54165,-0.32693],[37.53392,-0.32558],[37.52615,-0.32448],[37.51835,-0.32362],[37.51053,-0.323],[37.50269,-0.32263],[37.49484,-0.32251]]]}},{"type":"Feature","id":4,"properties":{"_id":"6778d3f8a0370cd8fcc25850","createdBy":"eBT9qSrxquPVguazo7MwJzzaf2p1","createdAt":"2025-01-04T06:23:52.731Z","updatedBy":"eBT9qSrxquPVguazo7MwJzzaf2p1","updatedAt":"2025-01-04T06:25:09.850Z","name":"HKD13","dataIngestion":true,"type":2,"icaoClass":8,"activity":0,"onDemand":false,"onRequest":false,"byNotam":false,"specialAgreement":false,"requestCompliance":false,"country":"KE","upperLimit":{"value":9000,"unit":1,"referenceDatum":0},"lowerLimit":{"value":0,"unit":1,"referenceDatum":0},"frequencies":[{"value":"124.300","primary":true,"unit":2,"name":"EASTLEIGH TWR","_id":"6778d3f8a0370cd8fcc25851"}],"hoursOfOperation":{"operatingHours":[{"dayOfWeek":0,"startTime":"00:00","endTime":"00:00","byNotam":false,"sunrise":false,"sunset":false,"publicHolidaysExcluded":false},{"dayOfWeek":1,"startTime":"00:00","endTime":"00:00","byNotam":false,"sunrise":false,"sunset":false,"publicHolidaysExcluded":false},{"dayOfWeek":2,"startTime":"00:00","endTime":"00:00","byNotam":false,"sunrise":false,"sunset":false,"publicHolidaysExcluded":false},{"dayOfWeek":3,"startTime":"00:00","endTime":"00:00","byNotam":false,"sunrise":false,"sunset":false,"publicHolidaysExcluded":false},{"dayOfWeek":4,"startTime":"00:00","endTime":"00:00","byNotam":false,"sunrise":false,"sunset":false,"publicHolidaysExcluded":false},{"dayOfWeek":5,"startTime":"00:00","endTime":"00:00","byNotam":false,"sunrise":false,"sunset":false,"publicHolidaysExcluded":false},{"dayOfWeek":6,"startTime":"00:00","endTime":"00:00","byNotam":false,"sunrise":false,"sunset":false,"publicHolidaysExcluded":false}]},"deletable":true},"geometry":{"type":"Polygon","coordinates":[[[36.86792,-1.26503],[37.20086,-1.01931],[37.16753,-0.75264],[36.81725,-1.05261],[36.86792,-1.26503]]]}},{"type":"Feature","id":5,"properties":{"_id":"6778d3f8a0370cd8fcc25854","createdBy":"eBT9qSrxquPVguazo7MwJzzaf2p1","createdAt":"2025-01-04T06:23:52.748Z","updatedBy":"eBT9qSrxquPVguazo7MwJzzaf2p1","updatedAt":"2025-01-04T06:25:09.968Z","name":"HKP24","dataIngestion":true,"type":3,"icaoClass":8,"activity":0,"onDemand":false,"onRequest":false,"byNotam":false,"specialAgreement":false,"requestCompliance":false,"country":"KE","upperLimit":{"value":20000,"unit":1,"referenceDatum":0},"lowerLimit":{"value":0,"unit":1,"referenceDatum":0},"hoursOfOperation":{"operatingHours":[{"dayOfWeek":0,"startTime":"00:00","endTime":"00:00","byNotam":false,"sunrise":false,"sunset":false,"publicHolidaysExcluded":false},{"dayOfWeek":1,"startTime":"00:00","endTime":"00:00","byNotam":false,"sunrise":false,"sunset":false,"publicHolidaysExcluded":false},{"dayOfWeek":2,"startTime":"00:00","endTime":"00:00","byNotam":false,"sunrise":false,"sunset":false,"publicHolidaysExcluded":false},{"dayOfWeek":3,"startTime":"00:00","endTime":"00:00","byNotam":false,"sunrise":false,"sunset":false,"publicHolidaysExcluded":false},{"dayOfWeek":4,"startTime":"00:00","endTime":"00:00","byNotam":false,"sunrise":false,"sunset":false,"publicHolidaysExcluded":false},{"dayOfWeek":5,"startTime":"00:00","endTime":"00:00","byNotam":false,"sunrise":false,"sunset":false,"publicHolidaysExcluded":false},{"dayOfWeek":6,"startTime":"00:00","endTime":"00:00","byNotam":false,"sunrise":false,"sunset":false,"publicHolidaysExcluded":false}]},"deletable":true},"geometry":{"type":"Polygon","coordinates":[[[36.61725,-1.15261],[36.78417,-1.33594],[36.95058,-1.11928],[36.71725,-1.03594],[36.61725,-1.15261]]]}},{"type":"Feature","id":6,"properties":{"_id":"6778d3f8a0370cd8fcc25857","createdBy":"eBT9qSrxquPVguazo7MwJzzaf2p1","createdAt":"2025-01-04T06:23:52.763Z","updatedBy":"eBT9qSrxquPVguazo7MwJzzaf2p1","updatedAt":"2025-01-04T06:25:10.111Z","name":"HKP3","dataIngestion":true,"type":3,"icaoClass":8,"activity":0,"onDemand":false,"onRequest":false,"byNotam":false,"specialAgreement":false,"requestCompliance":false,"country":"KE","upperLimit":{"value":9000,"unit":1,"referenceDatum":0},"lowerLimit":{"value":0,"unit":1,"referenceDatum":0},"hoursOfOperation":{"operatingHours":[{"dayOfWeek":0,"startTime":"00:00","endTime":"00:00","byNotam":false,"sunrise":false,"sunset":false,"publicHolidaysExcluded":false},{"dayOfWeek":1,"startTime":"00:00","endTime":"00:00","byNotam":false,"sunrise":false,"sunset":false,"publicHolidaysExcluded":false},{"dayOfWeek":2,"startTime":"00:00","endTime":"00:00","byNotam":false,"sunrise":false,"sunset":false,"publicHolidaysExcluded":false},{"dayOfWeek":3,"startTime":"00:00","endTime":"00:00","byNotam":false,"sunrise":false,"sunset":false,"publicHolidaysExcluded":false},{"dayOfWeek":4,"startTime":"00:00","endTime":"00:00","byNotam":false,"sunrise":false,"sunset":false,"publicHolidaysExcluded":false},{"dayOfWeek":5,"startTime":"00:00","endTime":"00:00","byNotam":false,"sunrise":false,"sunset":false,"publicHolidaysExcluded":false},{"dayOfWeek":6,"startTime":"00:00","endTime":"00:00","byNotam":false,"sunrise":false,"sunset":false,"publicHolidaysExcluded":false}]},"deletable":true},"geometry":{"type":"Polygon","coordinates":[[[36.80058,-1.25262],[36.79954,-1.25266],[36.7985,-1.25275],[36.79746,-1.25292],[36.79695,-1.25302],[36.79594,-1.25328],[36.79544,-1.25344],[36.79445,-1.25379],[36.79397,-1.25399],[36.79302,-1.25444],[36.79256,-1.25468],[36.79166,-1.25522],[36.79122,-1.2555],[36.79037,-1.25612],[36.78996,-1.25644],[36.78918,-1.25714],[36.7888,-1.2575],[36.78809,-1.25826],[36.78742,-1.25907],[36.7868,-1.25992],[36.78652,-1.26035],[36.78598,-1.26125],[36.78574,-1.26172],[36.78529,-1.26266],[36.78509,-1.26315],[36.78474,-1.26413],[36.78459,-1.26463],[36.78433,-1.26564],[36.78422,-1.26616],[36.78406,-1.26719],[36.784,-1.26771],[36.78393,-1.26875],[36.78392,-1.26928],[36.78396,-1.27032],[36.78406,-1.27137],[36.78422,-1.2724],[36.78433,-1.27291],[36.78459,-1.27392],[36.78474,-1.27442],[36.78509,-1.27541],[36.78529,-1.27589],[36.78574,-1.27684],[36.78598,-1.2773],[36.78652,-1.2782],[36.7868,-1.27864],[36.78742,-1.27949],[36.78775,-1.27989],[36.78844,-1.28068],[36.7888,-1.28105],[36.78957,-1.28177],[36.79037,-1.28244],[36.79122,-1.28305],[36.79166,-1.28334],[36.79256,-1.28387],[36.79302,-1.28412],[36.79397,-1.28456],[36.79445,-1.28476],[36.79544,-1.28512],[36.79594,-1.28527],[36.79695,-1.28553],[36.79746,-1.28564],[36.7985,-1.2858],[36.79902,-1.28586],[36.80006,-1.28592],[36.80058,-1.28593],[36.80111,-1.28592],[36.80215,-1.28586],[36.80267,-1.2858],[36.80371,-1.28564],[36.80422,-1.28553],[36.80523,-1.28527],[36.80573,-1.28512],[36.80672,-1.28476],[36.8072,-1.28456],[36.80815,-1.28412],[36.80861,-1.28387],[36.80951,-1.28334],[36.80995,-1.28305],[36.81079,-1.28244],[36.8116,-1.28177],[36.81236,-1.28105],[36.81273,-1.28068],[36.81342,-1.27989],[36.81375,-1.27949],[36.81436,-1.27864],[36.81465,-1.2782],[36.81518,-1.2773],[36.81543,-1.27684],[36.81587,-1.27589],[36.81607,-1.27541],[36.81643,-1.27442],[36.81658,-1.27392],[36.81684,-1.27291],[36.81695,-1.2724],[36.81711,-1.27137],[36.81721,-1.27032],[36.81724,-1.26928],[36.81723,-1.26875],[36.81717,-1.26771],[36.81711,-1.26719],[36.81695,-1.26616],[36.81684,-1.26564],[36.81658,-1.26463],[36.81643,-1.26413],[36.81607,-1.26315],[36.81587,-1.26266],[36.81543,-1.26172],[36.81518,-1.26125],[36.81465,-1.26035],[36.81436,-1.25992],[36.81375,-1.25907],[36.81308,-1.25826],[36.81236,-1.2575],[36.81199,-1.25714],[36.8112,-1.25644],[36.81079,-1.25612],[36.80995,-1.2555],[36.80951,-1.25522],[36.80861,-1.25468],[36.80815,-1.25444],[36.8072,-1.25399],[36.80672,-1.25379],[36.80573,-1.25344],[36.80523,-1.25328],[36.80422,-1.25302],[36.8037,-1.25292],[36.80267,-1.25275],[36.80163,-1.25266],[36.80058,-1.25262]]]}},{"type":"Feature","id":7,"properties":{"_id":"6778d3f8a0370cd8fcc2585a","createdBy":"eBT9qSrxquPVguazo7MwJzzaf2p1","createdAt":"2025-01-04T06:23:52.800Z","updatedBy":"eBT9qSrxquPVguazo7MwJzzaf2p1","updatedAt":"2025-01-04T06:25:10.366Z","name":"KISUMU CTR","dataIngestion":true,"type":4,"icaoClass":3,"activity":0,"onDemand":false,"onRequest":false,"byNotam":false,"specialAgreement":false,"requestCompliance":false,"country":"KE","upperLimit":{"value":9000,"unit":1,"referenceDatum":0},"lowerLimit":{"value":0,"unit":1,"referenceDatum":0},"hoursOfOperation":{"operatingHours":[{"dayOfWeek":0,"startTime":"00:00","endTime":"00:00","byNotam":false,"sunrise":false,"sunset":false,"publicHolidaysExcluded":false},{"dayOfWeek":1,"startTime":"00:00","endTime":"00:00","byNotam":false,"sunrise":false,"sunset":false,"publicHolidaysExcluded":false},{"dayOfWeek":2,"startTime":"00:00","endTime":"00:00","byNotam":false,"sunrise":false,"sunset":false,"publicHolidaysExcluded":false},{"dayOfWeek":3,"startTime":"00:00","endTime":"00:00","byNotam":false,"sunrise":false,"sunset":false,"publicHolidaysExcluded":false},{"dayOfWeek":4,"startTime":"00:00","endTime":"00:00","byNotam":false,"sunrise":false,"sunset":false,"publicHolidaysExcluded":false},{"dayOfWeek":5,"startTime":"00:00","endTime":"00:00","byNotam":false,"sunrise":false,"sunset":false,"publicHolidaysExcluded":false},{"dayOfWeek":6,"startTime":"00:00","endTime":"00:00","byNotam":false,"sunrise":false,"sunset":false,"publicHolidaysExcluded":false}]},"deletable":true},"geometry":{"type":"Polygon","coordinates":[[[34.73911,0.15547],[34.73126,0.15535],[34.72342,0.15498],[34.7156,0.15436],[34.7078,0.1535],[34.70003,0.15239],[34.6923,0.15104],[34.68461,0.14945],[34.67698,0.14762],[34.66941,0.14555],[34.66191,0.14324],[34.65448,0.1407],[34.64714,0.13793],[34.63989,0.13492],[34.63274,0.13169],[34.62569,0.12824],[34.61875,0.12457],[34.61194,0.12068],[34.60524,0.11658],[34.59869,0.11227],[34.59226,0.10776],[34.58599,0.10304],[34.57986,0.09814],[34.57389,0.09304],[34.56809,0.08776],[34.56245,0.0823],[34.55699,0.07666],[34.55171,0.07086],[34.54661,0.06489],[34.54171,0.05876],[34.53699,0.05249],[34.53248,0.04607],[34.52817,0.03951],[34.52407,0.03281],[34.52018,0.026],[34.51651,0.01906],[34.51306,0.01201],[34.50983,0.00486],[34.50682,-0.00239],[34.50405,-0.00973],[34.50151,-0.01716],[34.4992,-0.02466],[34.49713,-0.03223],[34.4953,-0.03986],[34.49371,-0.04755],[34.49236,-0.05528],[34.49125,-0.06305],[34.49039,-0.07085],[34.48977,-0.07867],[34.4894,-0.08651],[34.48928,-0.09436],[34.4894,-0.10221],[34.48977,-0.11005],[34.49039,-0.11787],[34.49125,-0.12567],[34.49236,-0.13344],[34.4937,-0.14117],[34.4953,-0.14886],[34.49713,-0.15649],[34.4992,-0.16406],[34.50151,-0.17156],[34.50405,-0.17899],[34.50682,-0.18633],[34.50983,-0.19358],[34.51306,-0.20073],[34.51651,-0.20778],[34.52018,-0.21472],[34.52407,-0.22153],[34.52817,-0.22823],[34.53248,-0.23479],[34.53699,-0.24121],[34.5417,-0.24748],[34.54661,-0.25361],[34.55171,-0.25958],[34.55699,-0.26538],[34.56245,-0.27102],[34.56809,-0.27648],[34.57389,-0.28176],[34.57986,-0.28686],[34.58599,-0.29177],[34.59226,-0.29648],[34.59868,-0.30099],[34.60524,-0.3053],[34.61194,-0.3094],[34.61875,-0.31329],[34.62569,-0.31696],[34.63274,-0.32041],[34.63989,-0.32364],[34.64714,-0.32665],[34.65448,-0.32942],[34.66191,-0.33196],[34.66941,-0.33427],[34.67698,-0.33634],[34.68461,-0.33818],[34.6923,-0.33977],[34.70003,-0.34112],[34.7078,-0.34222],[34.7156,-0.34308],[34.72342,-0.3437],[34.73126,-0.34407],[34.73911,-0.34419],[34.74696,-0.34407],[34.7548,-0.3437],[34.76262,-0.34308],[34.77042,-0.34222],[34.77819,-0.34112],[34.78593,-0.33977],[34.79361,-0.33818],[34.80124,-0.33634],[34.80881,-0.33427],[34.81631,-0.33196],[34.82374,-0.32942],[34.83108,-0.32665],[34.83833,-0.32364],[34.84549,-0.32041],[34.85253,-0.31696],[34.85947,-0.31329],[34.86629,-0.3094],[34.87298,-0.3053],[34.87954,-0.30099],[34.88596,-0.29648],[34.89224,-0.29177],[34.89836,-0.28686],[34.90433,-0.28176],[34.91013,-0.27648],[34.91577,-0.27102],[34.92123,-0.26538],[34.92651,-0.25958],[34.93161,-0.25361],[34.93652,-0.24748],[34.94123,-0.24121],[34.94574,-0.23479],[34.95005,-0.22823],[34.95415,-0.22153],[34.95804,-0.21472],[34.96171,-0.20778],[34.96517,-0.20073],[34.9684,-0.19358],[34.9714,-0.18633],[34.97417,-0.17899],[34.97672,-0.17156],[34.97902,-0.16406],[34.98109,-0.15649],[34.98293,-0.14886],[34.98452,-0.14117],[34.98587,-0.13344],[34.98697,-0.12567],[34.98783,-0.11787],[34.98845,-0.11005],[34.98882,-0.10221],[34.98894,-0.09436],[34.98882,-0.08651],[34.98845,-0.07867],[34.98783,-0.07085],[34.98697,-0.06305],[34.98587,-0.05528],[34.98452,-0.04755],[34.98293,-0.03986],[34.98109,-0.03223],[34.97902,-0.02466],[34.97671,-0.01716],[34.97417,-0.00973],[34.9714,-0.00239],[34.96839,0.00486],[34.96517,0.01201],[34.96171,0.01906],[34.95804,0.026],[34.95415,0.03281],[34.95005,0.03951],[34.94574,0.04607],[34.94123,0.05249],[34.93652,0.05876],[34.93161,0.06489],[34.92651,0.07086],[34.92123,0.07666],[34.91577,0.0823],[34.91013,0.08776],[34.90433,0.09304],[34.89836,0.09814],[34.89223,0.10304],[34.88596,0.10776],[34.87954,0.11227],[34.87298,0.11658],[34.86629,0.12068],[34.85947,0.12457],[34.85253,0.12824],[34.84548,0.13169],[34.83833,0.13492],[34.83108,0.13793],[34.82374,0.1407],[34.81631,0.14324],[34.80881,0.14555],[34.80124,0.14762],[34.79361,0.14945],[34.78592,0.15104],[34.77819,0.15239],[34.77042,0.1535],[34.76262,0.15436],[34.7548,0.15498],[34.74696,0.15535],[34.73911,0.15547]]]}},{"type":"Feature","id":8,"properties":{"_id":"6778d3f8a0370cd8fcc2585d","createdBy":"eBT9qSrxquPVguazo7MwJzzaf2p1","createdAt":"2025-01-04T06:23:52.852Z","updatedBy":"eBT9qSrxquPVguazo7MwJzzaf2p1","updatedAt":"2025-01-04T06:25:10.542Z","name":"LOKICHOGGIO CTR","dataIngestion":true,"type":4,"icaoClass":3,"activity":0,"onDemand":false,"onRequest":false,"byNotam":false,"specialAgreement":false,"requestCompliance":false,"country":"KE","upperLimit":{"value":10500,"unit":1,"referenceDatum":1},"lowerLimit":{"value":0,"unit":1,"referenceDatum":0},"hoursOfOperation":{"operatingHours":[{"dayOfWeek":0,"startTime":"00:00","endTime":"00:00","byNotam":false,"sunrise":false,"sunset":false,"publicHolidaysExcluded":false},{"dayOfWeek":1,"startTime":"00:00","endTime":"00:00","byNotam":false,"sunrise":false,"sunset":false,"publicHolidaysExcluded":false},{"dayOfWeek":2,"startTime":"00:00","endTime":"00:00","byNotam":false,"sunrise":false,"sunset":false,"publicHolidaysExcluded":false},{"dayOfWeek":3,"startTime":"00:00","endTime":"00:00","byNotam":false,"sunrise":false,"sunset":false,"publicHolidaysExcluded":false},{"dayOfWeek":4,"startTime":"00:00","endTime":"00:00","byNotam":false,"sunrise":false,"sunset":false,"publicHolidaysExcluded":false},{"dayOfWeek":5,"startTime":"00:00","endTime":"00:00","byNotam":false,"sunrise":false,"sunset":false,"publicHolidaysExcluded":false},{"dayOfWeek":6,"startTime":"00:00","endTime":"00:00","byNotam":false,"sunrise":false,"sunset":false,"publicHolidaysExcluded":false}]},"deletable":true},"geometry":{"type":"Polygon","coordinates":[[[34.20996,4.42811],[34.13582,3.92567],[34.62947,3.92567],[34.63738,3.9258],[34.64528,3.92617],[34.65317,3.92679],[34.66103,3.92765],[34.66886,3.92876],[34.67665,3.93012],[34.6844,3.93172],[34.69209,3.93356],[34.69972,3.93564],[34.70728,3.93796],[34.71477,3.94052],[34.72217,3.94331],[34.72948,3.94633],[34.73669,3.94957],[34.74379,3.95304],[34.75078,3.95674],[34.75766,3.96065],[34.7644,3.96477],[34.77102,3.9691],[34.77749,3.97364],[34.78382,3.97837],[34.78999,3.98331],[34.79601,3.98843],[34.80186,3.99374],[34.80754,3.99923],[34.81305,4.0049],[34.81837,4.01073],[34.82351,4.01673],[34.82846,4.02289],[34.83321,4.0292],[34.83776,4.03566],[34.84211,4.04225],[34.84625,4.04898],[34.85017,4.05583],[34.85387,4.06281],[34.85735,4.06989],[34.86061,4.07709],[34.86364,4.08438],[34.86644,4.09176],[34.86901,4.09922],[34.87134,4.10677],[34.87343,4.11438],[34.87527,4.12205],[34.87688,4.12978],[34.87824,4.13755],[34.87936,4.14537],[34.88023,4.15321],[34.88086,4.16108],[34.88123,4.16896],[34.88136,4.17685],[34.88124,4.18474],[34.88087,4.19263],[34.88025,4.20049],[34.87938,4.20834],[34.87827,4.21615],[34.87691,4.22393],[34.87531,4.23165],[34.87346,4.23933],[34.87138,4.24694],[34.86905,4.25449],[34.86649,4.26195],[34.8637,4.26934],[34.86067,4.27663],[34.85742,4.28382],[34.85394,4.29091],[34.85024,4.29789],[34.84632,4.30474],[34.84218,4.31147],[34.83784,4.31807],[34.83329,4.32453],[34.82854,4.33084],[34.82359,4.337],[34.81845,4.343],[34.81313,4.34884],[34.80762,4.35451],[34.80194,4.36],[34.79609,4.36532],[34.79007,4.37044],[34.78389,4.37538],[34.77756,4.38012],[34.77109,4.38466],[34.76448,4.38899],[34.75773,4.39312],[34.75085,4.39703],[34.74386,4.40072],[34.73675,4.40419],[34.72954,4.40744],[34.72222,4.41046],[34.71482,4.41325],[34.70733,4.41581],[34.69977,4.41813],[34.69213,4.42022],[34.68443,4.42206],[34.67668,4.42366],[34.66889,4.42502],[34.66105,4.42613],[34.65318,4.427],[34.64529,4.42761],[34.63738,4.42799],[34.62947,4.42811],[34.20996,4.42811]]]}},{"type":"Feature","id":9,"properties":{"_id":"6778d3f8a0370cd8fcc25860","createdBy":"eBT9qSrxquPVguazo7MwJzzaf2p1","createdAt":"2025-01-04T06:23:52.952Z","updatedBy":"eBT9qSrxquPVguazo7MwJzzaf2p1","updatedAt":"2025-01-04T06:25:10.664Z","name":"MALINDI CTR","dataIngestion":true,"type":4,"icaoClass":3,"activity":0,"onDemand":false,"onRequest":false,"byNotam":false,"specialAgreement":false,"requestCompliance":false,"country":"KE","upperLimit":{"value":3500,"unit":1,"referenceDatum":1},"lowerLimit":{"value":0,"unit":1,"referenceDatum":0},"hoursOfOperation":{"operatingHours":[{"dayOfWeek":0,"startTime":"00:00","endTime":"00:00","byNotam":false,"sunrise":false,"sunset":false,"publicHolidaysExcluded":false},{"dayOfWeek":1,"startTime":"00:00","endTime":"00:00","byNotam":false,"sunrise":false,"sunset":false,"publicHolidaysExcluded":false},{"dayOfWeek":2,"startTime":"00:00","endTime":"00:00","byNotam":false,"sunrise":false,"sunset":false,"publicHolidaysExcluded":false},{"dayOfWeek":3,"startTime":"00:00","endTime":"00:00","byNotam":false,"sunrise":false,"sunset":false,"publicHolidaysExcluded":false},{"dayOfWeek":4,"startTime":"00:00","endTime":"00:00","byNotam":false,"sunrise":false,"sunset":false,"publicHolidaysExcluded":false},{"dayOfWeek":5,"startTime":"00:00","endTime":"00:00","byNotam":false,"sunrise":false,"sunset":false,"publicHolidaysExcluded":false},{"dayOfWeek":6,"startTime":"00:00","endTime":"00:00","byNotam":false,"sunrise":false,"sunset":false,"publicHolidaysExcluded":false}]},"deletable":true},"geometry":{"type":"Polygon","coordinates":[[[40.10049,-2.97322],[40.09263,-2.97334],[40.08478,-2.97371],[40.07695,-2.97433],[40.06914,-2.97519],[40.06136,-2.97629],[40.05361,-2.97764],[40.04592,-2.97923],[40.03828,-2.98107],[40.0307,-2.98314],[40.02318,-2.98544],[40.01575,-2.98799],[40.0084,-2.99076],[40.00114,-2.99376],[39.99397,-2.99699],[39.98692,-3.00044],[39.97997,-3.00411],[39.97314,-3.008],[39.96644,-3.0121],[39.95987,-3.01641],[39.95344,-3.02092],[39.94715,-3.02563],[39.94102,-3.03054],[39.93504,-3.03564],[39.92923,-3.04092],[39.92358,-3.04638],[39.91811,-3.05201],[39.91282,-3.05782],[39.90772,-3.06378],[39.9028,-3.06991],[39.89808,-3.07618],[39.89356,-3.0826],[39.88925,-3.08916],[39.88514,-3.09585],[39.88124,-3.10267],[39.87756,-3.1096],[39.8741,-3.11665],[39.87087,-3.1238],[39.86786,-3.13105],[39.86508,-3.1384],[39.86253,-3.14582],[39.86022,-3.15332],[39.85814,-3.16089],[39.8563,-3.16852],[39.85471,-3.17621],[39.85335,-3.18394],[39.85225,-3.19171],[39.85138,-3.19951],[39.85076,-3.20733],[39.85039,-3.21517],[39.85026,-3.22302],[39.85039,-3.23087],[39.85075,-3.23871],[39.85137,-3.24653],[39.85223,-3.25433],[39.85334,-3.2621],[39.85469,-3.26983],[39.85628,-3.27752],[39.85811,-3.28515],[39.86018,-3.29272],[39.86249,-3.30022],[39.86504,-3.30765],[39.86782,-3.31499],[39.87082,-3.32224],[39.87406,-3.3294],[39.87751,-3.33645],[39.88119,-3.34338],[39.88508,-3.3502],[39.88919,-3.35689],[39.8935,-3.36345],[39.89802,-3.36988],[39.90274,-3.37615],[39.90766,-3.38228],[39.91276,-3.38825],[39.91805,-3.39405],[39.92352,-3.39969],[39.92917,-3.40515],[39.93498,-3.41044],[39.94096,-3.41554],[39.9471,-3.42044],[39.95338,-3.42516],[39.95981,-3.42967],[39.96638,-3.43398],[39.97309,-3.43808],[39.97992,-3.44197],[39.98687,-3.44564],[39.99393,-3.4491],[40.00109,-3.45233],[40.00836,-3.45533],[40.01571,-3.45811],[40.02315,-3.46065],[40.03066,-3.46296],[40.03825,-3.46503],[40.04589,-3.46686],[40.05359,-3.46845],[40.06134,-3.4698],[40.06912,-3.47091],[40.07694,-3.47177],[40.08478,-3.47239],[40.09263,-3.47276],[40.10049,-3.47288],[40.10835,-3.47276],[40.11621,-3.47239],[40.12405,-3.47177],[40.13186,-3.47091],[40.13965,-3.4698],[40.14739,-3.46845],[40.15509,-3.46686],[40.16274,-3.46503],[40.17032,-3.46296],[40.17783,-3.46065],[40.18527,-3.45811],[40.19263,-3.45533],[40.19989,-3.45233],[40.20706,-3.4491],[40.21412,-3.44564],[40.22107,-3.44197],[40.2279,-3.43808],[40.2346,-3.43398],[40.24117,-3.42967],[40.2476,-3.42516],[40.25389,-3.42044],[40.26002,-3.41554],[40.266,-3.41044],[40.27182,-3.40515],[40.27746,-3.39969],[40.28293,-3.39405],[40.28822,-3.38825],[40.29333,-3.38228],[40.29824,-3.37615],[40.30296,-3.36988],[40.30748,-3.36345],[40.31179,-3.35689],[40.3159,-3.3502],[40.31979,-3.34338],[40.32347,-3.33645],[40.32693,-3.3294],[40.33016,-3.32224],[40.33317,-3.31499],[40.33595,-3.30765],[40.33849,-3.30022],[40.3408,-3.29272],[40.34287,-3.28515],[40.34471,-3.27752],[40.3463,-3.26983],[40.34765,-3.2621],[40.34875,-3.25433],[40.34961,-3.24653],[40.35023,-3.23871],[40.3506,-3.23087],[40.35072,-3.22302],[40.35059,-3.21517],[40.35022,-3.20733],[40.3496,-3.19951],[40.34874,-3.19171],[40.34763,-3.18394],[40.34628,-3.17621],[40.34468,-3.16852],[40.34284,-3.16089],[40.34077,-3.15332],[40.33845,-3.14582],[40.33591,-3.1384],[40.33313,-3.13105],[40.33012,-3.1238],[40.32688,-3.11665],[40.32342,-3.1096],[40.31974,-3.10267],[40.31585,-3.09585],[40.31174,-3.08916],[40.30742,-3.0826],[40.3029,-3.07618],[40.29818,-3.06991],[40.29327,-3.06378],[40.28816,-3.05782],[40.28287,-3.05201],[40.2774,-3.04638],[40.27175,-3.04092],[40.26594,-3.03564],[40.25996,-3.03054],[40.25383,-3.02563],[40.24754,-3.02092],[40.24111,-3.01641],[40.23454,-3.0121],[40.22784,-3.008],[40.22101,-3.00411],[40.21407,-3.00044],[40.20701,-2.99699],[40.19985,-2.99376],[40.19259,-2.99076],[40.18523,-2.98799],[40.1778,-2.98544],[40.17029,-2.98314],[40.16271,-2.98107],[40.15506,-2.97923],[40.14737,-2.97764],[40.13963,-2.97629],[40.13185,-2.97519],[40.12403,-2.97433],[40.1162,-2.97371],[40.10835,-2.97334],[40.10049,-2.97322]]]}},{"type":"Feature","id":10,"properties":{"_id":"6778d3f9a0370cd8fcc25863","createdBy":"eBT9qSrxquPVguazo7MwJzzaf2p1","createdAt":"2025-01-04T06:23:53.249Z","updatedBy":"eBT9qSrxquPVguazo7MwJzzaf2p1","updatedAt":"2025-01-04T06:25:10.783Z","name":"MOMBASA CTR","dataIngestion":true,"type":4,"icaoClass":3,"activity":0,"onDemand":false,"onRequest":false,"byNotam":false,"specialAgreement":false,"requestCompliance":false,"country":"KE","upperLimit":{"value":3500,"unit":1,"referenceDatum":1},"lowerLimit":{"value":0,"unit":1,"referenceDatum":0},"hoursOfOperation":{"operatingHours":[{"dayOfWeek":0,"startTime":"00:00","endTime":"00:00","byNotam":false,"sunrise":false,"sunset":false,"publicHolidaysExcluded":false},{"dayOfWeek":1,"startTime":"00:00","endTime":"00:00","byNotam":false,"sunrise":false,"sunset":false,"publicHolidaysExcluded":false},{"dayOfWeek":2,"startTime":"00:00","endTime":"00:00","byNotam":false,"sunrise":false,"sunset":false,"publicHolidaysExcluded":false},{"dayOfWeek":3,"startTime":"00:00","endTime":"00:00","byNotam":false,"sunrise":false,"sunset":false,"publicHolidaysExcluded":false},{"dayOfWeek":4,"startTime":"00:00","endTime":"00:00","byNotam":false,"sunrise":false,"sunset":false,"publicHolidaysExcluded":false},{"dayOfWeek":5,"startTime":"00:00","endTime":"00:00","byNotam":false,"sunrise":false,"sunset":false,"publicHolidaysExcluded":false},{"dayOfWeek":6,"startTime":"00:00","endTime":"00:00","byNotam":false,"sunrise":false,"sunset":false,"publicHolidaysExcluded":false}]},"deletable":true},"geometry":{"type":"Polygon","coordinates":[[[39.39303,-3.94678],[39.31767,-4.3018],[39.32455,-4.30761],[39.32511,-4.31533],[39.32592,-4.32303],[39.32696,-4.33069],[39.32825,-4.33833],[39.32978,-4.34592],[39.33155,-4.35346],[39.33355,-4.36093],[39.33579,-4.36835],[39.33826,-4.37568],[39.34096,-4.38294],[39.34388,-4.39011],[39.34704,-4.39718],[39.35041,-4.40416],[39.354,-4.41102],[39.35781,-4.41777],[39.36182,-4.42439],[39.36604,-4.43089],[39.37047,-4.43725],[39.37509,-4.44346],[39.37991,-4.44953],[39.38492,-4.45545],[39.39011,-4.46121],[39.39548,-4.4668],[39.40102,-4.47222],[39.40673,-4.47746],[39.41261,-4.48252],[39.41864,-4.4874],[39.42482,-4.49208],[39.43115,-4.49657],[39.43761,-4.50086],[39.44421,-4.50494],[39.45093,-4.50882],[39.45777,-4.51248],[39.46472,-4.51593],[39.47178,-4.51915],[39.47893,-4.52216],[39.48618,-4.52494],[39.49351,-4.52749],[39.50092,-4.52981],[39.5084,-4.53189],[39.51594,-4.53374],[39.52353,-4.53536],[39.53117,-4.53673],[39.53885,-4.53787],[39.54657,-4.53876],[39.55431,-4.53941],[39.56206,-4.53982],[39.56982,-4.53999],[39.57759,-4.53991],[39.58535,-4.53959],[39.59309,-4.53903],[39.60081,-4.53822],[39.60851,-4.53718],[39.61616,-4.53589],[39.62378,-4.53436],[39.63134,-4.5326],[39.63884,-4.5306],[39.64627,-4.52837],[39.65363,-4.5259],[39.66091,-4.5232],[39.6681,-4.52028],[39.6752,-4.51714],[39.68219,-4.51377],[39.68907,-4.51019],[39.69584,-4.50639],[39.70248,-4.50238],[39.70899,-4.49817],[39.71537,-4.49375],[39.72161,-4.48914],[39.72769,-4.48433],[39.73362,-4.47934],[39.7394,-4.47416],[39.745,-4.46881],[39.75043,-4.46328],[39.75569,-4.45758],[39.76077,-4.45172],[39.76565,-4.44571],[39.77035,-4.43954],[39.77485,-4.43324],[39.77915,-4.42679],[39.78324,-4.42021],[39.78712,-4.41351],[39.79079,-4.40669],[39.79425,-4.39976],[39.79748,-4.39272],[39.80049,-4.38558],[39.80327,-4.37836],[39.80583,-4.37105],[39.80815,-4.36366],[39.81024,-4.35621],[39.81209,-4.34869],[39.81371,-4.34112],[39.81509,-4.3335],[39.81622,-4.32584],[39.81712,-4.31815],[39.81777,-4.31044],[39.81818,-4.30271],[39.89422,-3.9486],[39.89239,-3.94239],[39.89207,-3.93457],[39.8915,-3.92676],[39.89069,-3.91898],[39.88964,-3.91122],[39.88834,-3.9035],[39.8868,-3.89583],[39.88502,-3.88821],[39.883,-3.88065],[39.88075,-3.87315],[39.87825,-3.86573],[39.87553,-3.85839],[39.87258,-3.85114],[39.8694,-3.84399],[39.86599,-3.83694],[39.86237,-3.83],[39.85853,-3.82317],[39.85447,-3.81647],[39.85021,-3.8099],[39.84574,-3.80347],[39.84108,-3.79718],[39.83621,-3.79104],[39.83116,-3.78506],[39.82592,-3.77923],[39.8205,-3.77358],[39.8149,-3.76809],[39.80914,-3.76279],[39.80321,-3.75766],[39.79712,-3.75273],[39.79088,-3.74799],[39.78449,-3.74345],[39.77797,-3.73911],[39.77131,-3.73497],[39.76452,-3.73105],[39.75762,-3.72734],[39.7506,-3.72385],[39.74347,-3.72058],[39.73625,-3.71754],[39.72893,-3.71472],[39.72153,-3.71213],[39.71405,-3.70978],[39.7065,-3.70767],[39.69888,-3.70579],[39.69121,-3.70415],[39.6835,-3.70275],[39.67574,-3.70159],[39.66795,-3.70068],[39.66014,-3.70001],[39.65231,-3.69959],[39.64447,-3.69941],[39.63662,-3.69948],[39.62879,-3.6998],[39.62097,-3.70036],[39.61316,-3.70116],[39.60539,-3.70221],[39.59766,-3.7035],[39.58997,-3.70504],[39.58233,-3.70681],[39.57475,-3.70882],[39.56724,-3.71107],[39.5598,-3.71356],[39.55245,-3.71627],[39.54518,-3.71922],[39.53801,-3.72239],[39.53094,-3.72578],[39.52398,-3.72939],[39.51715,-3.73322],[39.51043,-3.73726],[39.50384,-3.74151],[39.4974,-3.74597],[39.49109,-3.75062],[39.48494,-3.75547],[39.47894,-3.76051],[39.4731,-3.76574],[39.46743,-3.77115],[39.46193,-3.77673],[39.45661,-3.78248],[39.45147,-3.78839],[39.44653,-3.79447],[39.44177,-3.80069],[39.43722,-3.80706],[39.43286,-3.81357],[39.42872,-3.82022],[39.42478,-3.82699],[39.42106,-3.83388],[39.41756,-3.84088],[39.41428,-3.84799],[39.41123,-3.8552],[39.4084,-3.8625],[39.40581,-3.86988],[39.40345,-3.87735],[39.40132,-3.88488],[39.39944,-3.89248],[39.39779,-3.90013],[39.39639,-3.90783],[39.39523,-3.91557],[39.39431,-3.92334],[39.39364,-3.93114],[39.39321,-3.93895],[39.39303,-3.94678]]]}},{"type":"Feature","id":11,"properties":{"_id":"6778d3f9a0370cd8fcc25866","createdBy":"eBT9qSrxquPVguazo7MwJzzaf2p1","createdAt":"2025-01-04T06:23:53.391Z","updatedBy":"eBT9qSrxquPVguazo7MwJzzaf2p1","updatedAt":"2025-01-04T06:25:10.923Z","name":"MOMBASA TMA","dataIngestion":true,"type":7,"icaoClass":4,"activity":0,"onDemand":false,"onRequest":false,"byNotam":false,"specialAgreement":false,"requestCompliance":false,"country":"KE","upperLimit":{"value":145,"unit":6,"referenceDatum":2},"lowerLimit":{"value":1500,"unit":1,"referenceDatum":1},"hoursOfOperation":{"operatingHours":[{"dayOfWeek":0,"startTime":"00:00","endTime":"00:00","byNotam":false,"sunrise":false,"sunset":false,"publicHolidaysExcluded":false},{"dayOfWeek":1,"startTime":"00:00","endTime":"00:00","byNotam":false,"sunrise":false,"sunset":false,"publicHolidaysExcluded":false},{"dayOfWeek":2,"startTime":"00:00","endTime":"00:00","byNotam":false,"sunrise":false,"sunset":false,"publicHolidaysExcluded":false},{"dayOfWeek":3,"startTime":"00:00","endTime":"00:00","byNotam":false,"sunrise":false,"sunset":false,"publicHolidaysExcluded":false},{"dayOfWeek":4,"startTime":"00:00","endTime":"00:00","byNotam":false,"sunrise":false,"sunset":false,"publicHolidaysExcluded":false},{"dayOfWeek":5,"startTime":"00:00","endTime":"00:00","byNotam":false,"sunrise":false,"sunset":false,"publicHolidaysExcluded":false},{"dayOfWeek":6,"startTime":"00:00","endTime":"00:00","byNotam":false,"sunrise":false,"sunset":false,"publicHolidaysExcluded":false}]},"deletable":true},"geometry":{"type":"Polygon","coordinates":[[[38.29308,-4.04174],[39.23422,-4.70233],[40.47312,-4.66781],[40.81408,-3.23924],[40.80793,-3.22075],[40.80717,-3.19864],[40.80572,-3.17656],[40.80357,-3.15454],[40.80074,-3.1326],[40.79721,-3.11075],[40.793,-3.08903],[40.7881,-3.06745],[40.78253,-3.04604],[40.77629,-3.02481],[40.76939,-3.00378],[40.76183,-2.98299],[40.75362,-2.96244],[40.74476,-2.94215],[40.73528,-2.92216],[40.72516,-2.90247],[40.71444,-2.88311],[40.70311,-2.8641],[40.69119,-2.84545],[40.67869,-2.82718],[40.66563,-2.80932],[40.652,-2.79187],[40.63784,-2.77486],[40.62315,-2.7583],[40.60794,-2.74221],[40.59224,-2.72661],[40.57605,-2.7115],[40.5594,-2.69691],[40.5423,-2.68285],[40.52476,-2.66933],[40.50681,-2.65637],[40.48846,-2.64398],[40.46973,-2.63217],[40.45064,-2.62095],[40.43121,-2.61034],[40.41145,-2.60034],[40.39139,-2.59097],[40.37104,-2.58223],[40.35043,-2.57413],[40.32957,-2.56669],[40.30849,-2.5599],[40.28721,-2.55377],[40.26575,-2.54832],[40.24412,-2.54354],[40.22236,-2.53944],[40.20048,-2.53603],[40.1785,-2.53331],[40.15645,-2.53127],[40.13434,-2.52993],[40.1122,-2.52928],[40.09006,-2.52933],[40.06792,-2.53007],[40.04582,-2.5315],[40.02378,-2.53363],[40.00181,-2.53645],[39.97994,-2.53995],[39.95819,-2.54414],[39.93659,-2.54901],[39.91515,-2.55455],[39.89389,-2.56077],[39.87284,-2.56764],[39.85202,-2.57518],[39.83144,-2.58336],[39.81113,-2.59219],[39.79111,-2.60164],[39.77139,-2.61172],[39.752,-2.62242],[39.73296,-2.63371],[39.71428,-2.6456],[39.69598,-2.65807],[39.67808,-2.67111],[39.66061,-2.6847],[39.64356,-2.69883],[39.62697,-2.71349],[39.61085,-2.72866],[39.59521,-2.74433],[39.58008,-2.76049],[39.56545,-2.77711],[39.55136,-2.79418],[39.53781,-2.81168],[39.52482,-2.8296],[39.5124,-2.84792],[39.50056,-2.86662],[38.29308,-4.04174]]]}},{"type":"Feature","id":12,"properties":{"_id":"6778d3f9a0370cd8fcc25869","createdBy":"eBT9qSrxquPVguazo7MwJzzaf2p1","createdAt":"2025-01-04T06:23:53.410Z","updatedBy":"eBT9qSrxquPVguazo7MwJzzaf2p1","updatedAt":"2025-01-04T06:25:11.028Z","name":"NAIROBI CTR","dataIngestion":true,"type":4,"icaoClass":2,"activity":0,"onDemand":false,"onRequest":false,"byNotam":false,"specialAgreement":false,"requestCompliance":false,"country":"KE","upperLimit":{"value":9000,"unit":1,"referenceDatum":0},"lowerLimit":{"value":0,"unit":1,"referenceDatum":0},"hoursOfOperation":{"operatingHours":[{"dayOfWeek":0,"startTime":"00:00","endTime":"00:00","byNotam":false,"sunrise":false,"sunset":false,"publicHolidaysExcluded":false},{"dayOfWeek":1,"startTime":"00:00","endTime":"00:00","byNotam":false,"sunrise":false,"sunset":false,"publicHolidaysExcluded":false},{"dayOfWeek":2,"startTime":"00:00","endTime":"00:00","byNotam":false,"sunrise":false,"sunset":false,"publicHolidaysExcluded":false},{"dayOfWeek":3,"startTime":"00:00","endTime":"00:00","byNotam":false,"sunrise":false,"sunset":false,"publicHolidaysExcluded":false},{"dayOfWeek":4,"startTime":"00:00","endTime":"00:00","byNotam":false,"sunrise":false,"sunset":false,"publicHolidaysExcluded":false},{"dayOfWeek":5,"startTime":"00:00","endTime":"00:00","byNotam":false,"sunrise":false,"sunset":false,"publicHolidaysExcluded":false},{"dayOfWeek":6,"startTime":"00:00","endTime":"00:00","byNotam":false,"sunrise":false,"sunset":false,"publicHolidaysExcluded":false}]},"deletable":true},"geometry":{"type":"Polygon","coordinates":[[[36.87475,-1.06945],[36.8669,-1.06957],[36.85906,-1.06994],[36.85123,-1.07056],[36.84343,-1.07142],[36.83566,-1.07252],[36.82793,-1.07387],[36.82024,-1.07546],[36.81261,-1.07729],[36.80504,-1.07937],[36.79753,-1.08167],[36.79011,-1.08422],[36.78276,-1.08699],[36.77551,-1.08999],[36.76836,-1.09322],[36.76131,-1.09667],[36.75437,-1.10035],[36.74755,-1.10423],[36.74086,-1.10833],[36.7343,-1.11264],[36.72788,-1.11716],[36.7216,-1.12187],[36.71547,-1.12677],[36.7095,-1.13187],[36.7037,-1.13715],[36.69806,-1.14261],[36.69259,-1.14825],[36.68731,-1.15405],[36.68221,-1.16002],[36.6773,-1.16615],[36.67259,-1.17242],[36.66808,-1.17884],[36.66377,-1.1854],[36.65966,-1.19209],[36.65577,-1.19891],[36.6521,-1.20585],[36.64865,-1.21289],[36.64541,-1.22005],[36.64241,-1.2273],[36.63963,-1.23464],[36.63709,-1.24206],[36.63478,-1.24957],[36.63271,-1.25714],[36.63088,-1.26477],[36.62928,-1.27245],[36.62793,-1.28018],[36.62683,-1.28795],[36.62596,-1.29575],[36.62535,-1.30358],[36.62498,-1.31142],[36.62485,-1.31927],[36.62498,-1.32711],[36.62534,-1.33495],[36.62596,-1.34278],[36.62682,-1.35058],[36.62793,-1.35835],[36.62927,-1.36608],[36.63087,-1.37376],[36.6327,-1.3814],[36.63477,-1.38897],[36.63708,-1.39647],[36.63962,-1.40389],[36.64239,-1.41124],[36.6454,-1.41849],[36.64863,-1.42564],[36.65208,-1.43269],[36.65575,-1.43962],[36.65964,-1.44644],[36.66374,-1.45313],[36.66805,-1.45969],[36.67257,-1.46612],[36.67728,-1.47239],[36.68219,-1.47852],[36.68729,-1.48449],[36.69257,-1.49029],[36.69803,-1.49593],[36.70367,-1.50139],[36.70948,-1.50667],[36.71545,-1.51177],[36.72157,-1.51668],[36.72785,-1.52139],[36.73427,-1.5259],[36.74084,-1.53021],[36.74753,-1.53431],[36.75435,-1.5382],[36.76129,-1.54188],[36.76834,-1.54533],[36.77549,-1.54856],[36.78275,-1.55156],[36.79009,-1.55434],[36.79752,-1.55688],[36.80502,-1.55919],[36.8126,-1.56126],[36.82023,-1.56309],[36.82792,-1.56468],[36.83565,-1.56603],[36.84343,-1.56714],[36.85123,-1.568],[36.85906,-1.56862],[36.8669,-1.56899],[36.87475,-1.56911],[36.8826,-1.56899],[36.89044,-1.56862],[36.89827,-1.568],[36.90607,-1.56714],[36.91385,-1.56603],[36.92158,-1.56468],[36.92927,-1.56309],[36.9369,-1.56126],[36.94448,-1.55919],[36.95198,-1.55688],[36.95941,-1.55434],[36.96675,-1.55156],[36.97401,-1.54856],[36.98116,-1.54533],[36.98821,-1.54188],[36.99515,-1.5382],[37.00197,-1.53431],[37.00866,-1.53021],[37.01523,-1.5259],[37.02165,-1.52139],[37.02793,-1.51668],[37.03405,-1.51177],[37.04002,-1.50667],[37.04583,-1.50139],[37.05147,-1.49593],[37.05693,-1.49029],[37.06221,-1.48449],[37.06731,-1.47852],[37.07222,-1.47239],[37.07693,-1.46612],[37.08145,-1.45969],[37.08576,-1.45313],[37.08986,-1.44644],[37.09375,-1.43962],[37.09742,-1.43269],[37.10087,-1.42564],[37.1041,-1.41849],[37.10711,-1.41124],[37.10988,-1.40389],[37.11242,-1.39647],[37.11473,-1.38897],[37.1168,-1.3814],[37.11863,-1.37376],[37.12023,-1.36608],[37.12157,-1.35835],[37.12268,-1.35058],[37.12354,-1.34278],[37.12416,-1.33495],[37.12452,-1.32711],[37.12465,-1.31927],[37.12452,-1.31142],[37.12415,-1.30358],[37.12354,-1.29575],[37.12267,-1.28795],[37.12157,-1.28018],[37.12022,-1.27245],[37.11862,-1.26477],[37.11679,-1.25714],[37.11472,-1.24957],[37.11241,-1.24206],[37.10987,-1.23464],[37.10709,-1.2273],[37.10409,-1.22005],[37.10085,-1.21289],[37.0974,-1.20585],[37.09373,-1.19891],[37.08984,-1.19209],[37.08573,-1.1854],[37.08142,-1.17884],[37.07691,-1.17242],[37.0722,-1.16615],[37.06729,-1.16002],[37.06219,-1.15405],[37.05691,-1.14825],[37.05144,-1.14261],[37.0458,-1.13715],[37.04,-1.13187],[37.03403,-1.12677],[37.0279,-1.12187],[37.02162,-1.11716],[37.0152,-1.11264],[37.00864,-1.10833],[37.00195,-1.10423],[36.99513,-1.10035],[36.98819,-1.09667],[36.98114,-1.09322],[36.97399,-1.08999],[36.96674,-1.08699],[36.95939,-1.08422],[36.95197,-1.08167],[36.94446,-1.07937],[36.93689,-1.07729],[36.92926,-1.07546],[36.92157,-1.07387],[36.91384,-1.07252],[36.90607,-1.07142],[36.89827,-1.07056],[36.89044,-1.06994],[36.8826,-1.06957],[36.87475,-1.06945]]]}},{"type":"Feature","id":13,"properties":{"_id":"6778d3f9a0370cd8fcc2586c","createdBy":"eBT9qSrxquPVguazo7MwJzzaf2p1","createdAt":"2025-01-04T06:23:53.488Z","updatedBy":"eBT9qSrxquPVguazo7MwJzzaf2p1","updatedAt":"2025-01-04T06:25:11.142Z","name":"NAIROBI FIR ZONE A","dataIngestion":true,"type":10,"icaoClass":8,"activity":0,"onDemand":false,"onRequest":false,"byNotam":false,"specialAgreement":false,"requestCompliance":false,"country":"KE","upperLimit":{"value":999,"unit":6,"referenceDatum":2},"lowerLimit":{"value":0,"unit":1,"referenceDatum":0},"hoursOfOperation":{"operatingHours":[{"dayOfWeek":0,"startTime":"00:00","endTime":"00:00","byNotam":false,"sunrise":false,"sunset":false,"publicHolidaysExcluded":false},{"dayOfWeek":1,"startTime":"00:00","endTime":"00:00","byNotam":false,"sunrise":false,"sunset":false,"publicHolidaysExcluded":false},{"dayOfWeek":2,"startTime":"00:00","endTime":"00:00","byNotam":false,"sunrise":false,"sunset":false,"publicHolidaysExcluded":false},{"dayOfWeek":3,"startTime":"00:00","endTime":"00:00","byNotam":false,"sunrise":false,"sunset":false,"publicHolidaysExcluded":false},{"dayOfWeek":4,"startTime":"00:00","endTime":"00:00","byNotam":false,"sunrise":false,"sunset":false,"publicHolidaysExcluded":false},{"dayOfWeek":5,"startTime":"00:00","endTime":"00:00","byNotam":false,"sunrise":false,"sunset":false,"publicHolidaysExcluded":false},{"dayOfWeek":6,"startTime":"00:00","endTime":"00:00","byNotam":false,"sunrise":false,"sunset":false,"publicHolidaysExcluded":false}]},"deletable":true},"geometry":{"type":"Polygon","coordinates":[[[34.08414,4],[34.08414,3.997],[33.92111,-1.00194],[39.20303,-4.66962],[39.23422,-4.70233],[44.00106,-4.70233],[44.00106,-2.00256],[42.001,-2.00256],[41.66764,-1.75258],[41.55816,-1.67487],[41.90517,3.98032],[34.08414,4]]]}},{"type":"Feature","id":14,"properties":{"_id":"6778d3f9a0370cd8fcc2586f","createdBy":"eBT9qSrxquPVguazo7MwJzzaf2p1","createdAt":"2025-01-04T06:23:53.503Z","updatedBy":"eBT9qSrxquPVguazo7MwJzzaf2p1","updatedAt":"2025-01-04T06:25:11.305Z","name":"NAIROBI FIR ZONE B","dataIngestion":true,"type":10,"icaoClass":8,"activity":0,"onDemand":false,"onRequest":false,"byNotam":false,"specialAgreement":false,"requestCompliance":false,"country":"KE","upperLimit":{"value":999,"unit":6,"referenceDatum":2},"lowerLimit":{"value":245,"unit":6,"referenceDatum":2},"hoursOfOperation":{"operatingHours":[{"dayOfWeek":0,"startTime":"00:00","endTime":"00:00","byNotam":false,"sunrise":false,"sunset":false,"publicHolidaysExcluded":false},{"dayOfWeek":1,"startTime":"00:00","endTime":"00:00","byNotam":false,"sunrise":false,"sunset":false,"publicHolidaysExcluded":false},{"dayOfWeek":2,"startTime":"00:00","endTime":"00:00","byNotam":false,"sunrise":false,"sunset":false,"publicHolidaysExcluded":false},{"dayOfWeek":3,"startTime":"00:00","endTime":"00:00","byNotam":false,"sunrise":false,"sunset":false,"publicHolidaysExcluded":false},{"dayOfWeek":4,"startTime":"00:00","endTime":"00:00","byNotam":false,"sunrise":false,"sunset":false,"publicHolidaysExcluded":false},{"dayOfWeek":5,"startTime":"00:00","endTime":"00:00","byNotam":false,"sunrise":false,"sunset":false,"publicHolidaysExcluded":false},{"dayOfWeek":6,"startTime":"00:00","endTime":"00:00","byNotam":false,"sunrise":false,"sunset":false,"publicHolidaysExcluded":false}]},"deletable":true},"geometry":{"type":"Polygon","coordinates":[[[39.93536,-4.70233],[44.00106,-8.50203],[44.00106,-4.70233],[39.93536,-4.70233]]]}},{"type":"Feature","id":15,"properties":{"_id":"6778d3f9a0370cd8fcc25872","createdBy":"eBT9qSrxquPVguazo7MwJzzaf2p1","createdAt":"2025-01-04T06:23:53.517Z","updatedBy":"eBT9qSrxquPVguazo7MwJzzaf2p1","updatedAt":"2025-01-04T06:25:11.415Z","name":"NAIROBI TMA","dataIngestion":true,"type":7,"icaoClass":6,"activity":0,"onDemand":false,"onRequest":false,"byNotam":false,"specialAgreement":false,"requestCompliance":false,"country":"KE","upperLimit":{"value":145,"unit":6,"referenceDatum":2},"lowerLimit":{"value":1500,"unit":1,"referenceDatum":0},"hoursOfOperation":{"operatingHours":[{"dayOfWeek":0,"startTime":"00:00","endTime":"00:00","byNotam":false,"sunrise":false,"sunset":false,"publicHolidaysExcluded":false},{"dayOfWeek":1,"startTime":"00:00","endTime":"00:00","byNotam":false,"sunrise":false,"sunset":false,"publicHolidaysExcluded":false},{"dayOfWeek":2,"startTime":"00:00","endTime":"00:00","byNotam":false,"sunrise":false,"sunset":false,"publicHolidaysExcluded":false},{"dayOfWeek":3,"startTime":"00:00","endTime":"00:00","byNotam":false,"sunrise":false,"sunset":false,"publicHolidaysExcluded":false},{"dayOfWeek":4,"startTime":"00:00","endTime":"00:00","byNotam":false,"sunrise":false,"sunset":false,"publicHolidaysExcluded":false},{"dayOfWeek":5,"startTime":"00:00","endTime":"00:00","byNotam":false,"sunrise":false,"sunset":false,"publicHolidaysExcluded":false},{"dayOfWeek":6,"startTime":"00:00","endTime":"00:00","byNotam":false,"sunrise":false,"sunset":false,"publicHolidaysExcluded":false}]},"deletable":true},"geometry":{"type":"Polygon","coordinates":[[[36.95422,-0.46712],[36.92806,-0.46753],[36.90193,-0.46876],[36.87585,-0.47081],[36.84985,-0.47368],[36.82395,-0.47737],[36.79818,-0.48187],[36.77256,-0.48717],[36.74712,-0.49327],[36.72189,-0.50018],[36.69688,-0.50787],[36.67213,-0.51634],[36.64766,-0.52558],[36.62348,-0.53559],[36.59964,-0.54636],[36.57614,-0.55786],[36.55302,-0.5701],[36.5303,-0.58306],[36.50799,-0.59673],[36.48612,-0.61108],[36.46471,-0.62612],[36.44379,-0.64183],[36.42337,-0.65818],[36.40347,-0.67517],[36.38412,-0.69277],[36.36533,-0.71097],[36.34712,-0.72976],[36.32951,-0.7491],[36.31251,-0.76899],[36.29615,-0.7894],[36.28044,-0.81032],[36.26539,-0.83172],[36.25102,-0.85358],[36.23734,-0.87588],[36.22438,-0.8986],[36.21213,-0.92172],[36.20061,-0.94521],[36.18984,-0.96905],[36.17982,-0.99322],[36.17056,-1.01769],[36.16208,-1.04243],[36.15438,-1.06743],[36.14747,-1.09267],[36.14135,-1.1181],[36.13604,-1.14372],[36.13153,-1.16949],[36.12784,-1.19538],[36.12496,-1.22138],[36.1229,-1.24746],[36.12166,-1.27359],[36.12124,-1.29975],[36.12164,-1.32591],[36.12286,-1.35204],[36.12491,-1.37812],[36.12777,-1.40412],[36.13145,-1.43002],[36.13594,-1.4558],[36.14124,-1.48142],[36.14734,-1.50685],[36.15423,-1.53209],[36.16192,-1.5571],[36.17039,-1.58185],[36.17963,-1.60632],[36.18964,-1.6305],[36.2004,-1.65434],[36.21191,-1.67784],[36.22414,-1.70096],[36.2371,-1.72369],[36.25077,-1.746],[36.26513,-1.76787],[36.28018,-1.78928],[36.29588,-1.8102],[36.31224,-1.83062],[36.32924,-1.85052],[36.34685,-1.86988],[36.36505,-1.88867],[36.38385,-1.90688],[36.4032,-1.92449],[36.4231,-1.94148],[36.44352,-1.95785],[36.46445,-1.97356],[36.48586,-1.98861],[36.50774,-2.00297],[36.53006,-2.01665],[36.55279,-2.02961],[36.57592,-2.04186],[36.59943,-2.05337],[36.62328,-2.06414],[36.64747,-2.07416],[36.67195,-2.08341],[36.69672,-2.09189],[36.72174,-2.09958],[36.74699,-2.10649],[36.77244,-2.1126],[36.79808,-2.1179],[36.82386,-2.1224],[36.84978,-2.12609],[36.8758,-2.12896],[36.9019,-2.13102],[36.92805,-2.13225],[36.95422,-2.13266],[36.9804,-2.13225],[37.00655,-2.13102],[37.03264,-2.12896],[37.05866,-2.12609],[37.08458,-2.1224],[37.11037,-2.1179],[37.136,-2.1126],[37.16146,-2.10649],[37.18671,-2.09958],[37.21173,-2.09189],[37.23649,-2.08341],[37.26098,-2.07416],[37.28516,-2.06414],[37.30902,-2.05337],[37.33252,-2.04186],[37.35565,-2.02961],[37.37839,-2.01665],[37.4007,-2.00297],[37.42258,-1.98861],[37.44399,-1.97356],[37.46492,-1.95785],[37.48534,-1.94148],[37.50524,-1.92449],[37.5246,-1.90688],[37.54339,-1.88867],[37.5616,-1.86988],[37.57921,-1.85052],[37.5962,-1.83062],[37.61256,-1.8102],[37.62827,-1.78928],[37.64331,-1.76787],[37.65767,-1.746],[37.67134,-1.72369],[37.6843,-1.70096],[37.69654,-1.67784],[37.70805,-1.65434],[37.71881,-1.6305],[37.72881,-1.60632],[37.73806,-1.58185],[37.74652,-1.5571],[37.75421,-1.53209],[37.76111,-1.50685],[37.76721,-1.48142],[37.77251,-1.4558],[37.777,-1.43002],[37.78067,-1.40412],[37.78354,-1.37812],[37.78558,-1.35204],[37.7868,-1.32591],[37.78721,-1.29975],[37.78679,-1.27359],[37.78555,-1.24746],[37.78349,-1.22138],[37.78061,-1.19538],[37.77691,-1.16949],[37.7724,-1.14372],[37.76709,-1.1181],[37.76097,-1.09267],[37.75406,-1.06743],[37.74636,-1.04243],[37.73788,-1.01769],[37.72863,-0.99322],[37.71861,-0.96905],[37.70783,-0.94521],[37.69632,-0.92172],[37.68407,-0.8986],[37.6711,-0.87588],[37.65742,-0.85358],[37.64306,-0.83172],[37.62801,-0.81032],[37.61229,-0.7894],[37.59593,-0.76899],[37.57894,-0.7491],[37.56133,-0.72976],[37.54311,-0.71097],[37.52432,-0.69277],[37.50497,-0.67517],[37.48507,-0.65818],[37.46465,-0.64183],[37.44373,-0.62612],[37.42232,-0.61108],[37.40046,-0.59673],[37.37815,-0.58306],[37.35542,-0.5701],[37.3323,-0.55786],[37.3088,-0.54636],[37.28496,-0.53559],[37.26079,-0.52558],[37.23632,-0.51634],[37.21156,-0.50787],[37.18656,-0.50018],[37.16132,-0.49327],[37.13589,-0.48717],[37.11027,-0.48187],[37.0845,-0.47737],[37.0586,-0.47368],[37.03259,-0.47081],[37.00651,-0.46876],[36.98038,-0.46753],[36.95422,-0.46712]]]}},{"type":"Feature","id":16,"properties":{"_id":"6778d3f9a0370cd8fcc25875","createdBy":"eBT9qSrxquPVguazo7MwJzzaf2p1","createdAt":"2025-01-04T06:23:53.540Z","updatedBy":"eBT9qSrxquPVguazo7MwJzzaf2p1","updatedAt":"2025-01-04T06:25:11.605Z","name":"NAIROBI TMA","dataIngestion":true,"type":7,"icaoClass":0,"activity":0,"onDemand":false,"onRequest":false,"byNotam":false,"specialAgreement":false,"requestCompliance":false,"country":"KE","upperLimit":{"value":195,"unit":6,"referenceDatum":2},"lowerLimit":{"value":145,"unit":6,"referenceDatum":2},"hoursOfOperation":{"operatingHours":[{"dayOfWeek":0,"startTime":"00:00","endTime":"00:00","byNotam":false,"sunrise":false,"sunset":false,"publicHolidaysExcluded":false},{"dayOfWeek":1,"startTime":"00:00","endTime":"00:00","byNotam":false,"sunrise":false,"sunset":false,"publicHolidaysExcluded":false},{"dayOfWeek":2,"startTime":"00:00","endTime":"00:00","byNotam":false,"sunrise":false,"sunset":false,"publicHolidaysExcluded":false},{"dayOfWeek":3,"startTime":"00:00","endTime":"00:00","byNotam":false,"sunrise":false,"sunset":false,"publicHolidaysExcluded":false},{"dayOfWeek":4,"startTime":"00:00","endTime":"00:00","byNotam":false,"sunrise":false,"sunset":false,"publicHolidaysExcluded":false},{"dayOfWeek":5,"startTime":"00:00","endTime":"00:00","byNotam":false,"sunrise":false,"sunset":false,"publicHolidaysExcluded":false},{"dayOfWeek":6,"startTime":"00:00","endTime":"00:00","byNotam":false,"sunrise":false,"sunset":false,"publicHolidaysExcluded":false}]},"deletable":true},"geometry":{"type":"Polygon","coordinates":[[[36.95422,-0.46712],[36.92806,-0.46753],[36.90193,-0.46876],[36.87585,-0.47081],[36.84985,-0.47368],[36.82395,-0.47737],[36.79818,-0.48187],[36.77256,-0.48717],[36.74712,-0.49327],[36.72189,-0.50018],[36.69688,-0.50787],[36.67213,-0.51634],[36.64766,-0.52558],[36.62348,-0.53559],[36.59964,-0.54636],[36.57614,-0.55786],[36.55302,-0.5701],[36.5303,-0.58306],[36.50799,-0.59673],[36.48612,-0.61108],[36.46471,-0.62612],[36.44379,-0.64183],[36.42337,-0.65818],[36.40347,-0.67517],[36.38412,-0.69277],[36.36533,-0.71097],[36.34712,-0.72976],[36.32951,-0.7491],[36.31251,-0.76899],[36.29615,-0.7894],[36.28044,-0.81032],[36.26539,-0.83172],[36.25102,-0.85358],[36.23734,-0.87588],[36.22438,-0.8986],[36.21213,-0.92172],[36.20061,-0.94521],[36.18984,-0.96905],[36.17982,-0.99322],[36.17056,-1.01769],[36.16208,-1.04243],[36.15438,-1.06743],[36.14747,-1.09267],[36.14135,-1.1181],[36.13604,-1.14372],[36.13153,-1.16949],[36.12784,-1.19538],[36.12496,-1.22138],[36.1229,-1.24746],[36.12166,-1.27359],[36.12124,-1.29975],[36.12164,-1.32591],[36.12286,-1.35204],[36.12491,-1.37812],[36.12777,-1.40412],[36.13145,-1.43002],[36.13594,-1.4558],[36.14124,-1.48142],[36.14734,-1.50685],[36.15423,-1.53209],[36.16192,-1.5571],[36.17039,-1.58185],[36.17963,-1.60632],[36.18964,-1.6305],[36.2004,-1.65434],[36.21191,-1.67784],[36.22414,-1.70096],[36.2371,-1.72369],[36.25077,-1.746],[36.26513,-1.76787],[36.28018,-1.78928],[36.29588,-1.8102],[36.31224,-1.83062],[36.32924,-1.85052],[36.34685,-1.86988],[36.36505,-1.88867],[36.38385,-1.90688],[36.4032,-1.92449],[36.4231,-1.94148],[36.44352,-1.95785],[36.46445,-1.97356],[36.48586,-1.98861],[36.50774,-2.00297],[36.53006,-2.01665],[36.55279,-2.02961],[36.57592,-2.04186],[36.59943,-2.05337],[36.62328,-2.06414],[36.64747,-2.07416],[36.67195,-2.08341],[36.69672,-2.09189],[36.72174,-2.09958],[36.74699,-2.10649],[36.77244,-2.1126],[36.79808,-2.1179],[36.82386,-2.1224],[36.84978,-2.12609],[36.8758,-2.12896],[36.9019,-2.13102],[36.92805,-2.13225],[36.95422,-2.13266],[36.9804,-2.13225],[37.00655,-2.13102],[37.03264,-2.12896],[37.05866,-2.12609],[37.08458,-2.1224],[37.11037,-2.1179],[37.136,-2.1126],[37.16146,-2.10649],[37.18671,-2.09958],[37.21173,-2.09189],[37.23649,-2.08341],[37.26098,-2.07416],[37.28516,-2.06414],[37.30902,-2.05337],[37.33252,-2.04186],[37.35565,-2.02961],[37.37839,-2.01665],[37.4007,-2.00297],[37.42258,-1.98861],[37.44399,-1.97356],[37.46492,-1.95785],[37.48534,-1.94148],[37.50524,-1.92449],[37.5246,-1.90688],[37.54339,-1.88867],[37.5616,-1.86988],[37.57921,-1.85052],[37.5962,-1.83062],[37.61256,-1.8102],[37.62827,-1.78928],[37.64331,-1.76787],[37.65767,-1.746],[37.67134,-1.72369],[37.6843,-1.70096],[37.69654,-1.67784],[37.70805,-1.65434],[37.71881,-1.6305],[37.72881,-1.60632],[37.73806,-1.58185],[37.74652,-1.5571],[37.75421,-1.53209],[37.76111,-1.50685],[37.76721,-1.48142],[37.77251,-1.4558],[37.777,-1.43002],[37.78067,-1.40412],[37.78354,-1.37812],[37.78558,-1.35204],[37.7868,-1.32591],[37.78721,-1.29975],[37.78679,-1.27359],[37.78555,-1.24746],[37.78349,-1.22138],[37.78061,-1.19538],[37.77691,-1.16949],[37.7724,-1.14372],[37.76709,-1.1181],[37.76097,-1.09267],[37.75406,-1.06743],[37.74636,-1.04243],[37.73788,-1.01769],[37.72863,-0.99322],[37.71861,-0.96905],[37.70783,-0.94521],[37.69632,-0.92172],[37.68407,-0.8986],[37.6711,-0.87588],[37.65742,-0.85358],[37.64306,-0.83172],[37.62801,-0.81032],[37.61229,-0.7894],[37.59593,-0.76899],[37.57894,-0.7491],[37.56133,-0.72976],[37.54311,-0.71097],[37.52432,-0.69277],[37.50497,-0.67517],[37.48507,-0.65818],[37.46465,-0.64183],[37.44373,-0.62612],[37.42232,-0.61108],[37.40046,-0.59673],[37.37815,-0.58306],[37.35542,-0.5701],[37.3323,-0.55786],[37.3088,-0.54636],[37.28496,-0.53559],[37.26079,-0.52558],[37.23632,-0.51634],[37.21156,-0.50787],[37.18656,-0.50018],[37.16132,-0.49327],[37.13589,-0.48717],[37.11027,-0.48187],[37.0845,-0.47737],[37.0586,-0.47368],[37.03259,-0.47081],[37.00651,-0.46876],[36.98038,-0.46753],[36.95422,-0.46712]]]}},{"type":"Feature","id":17,"properties":{"_id":"6778d3f9a0370cd8fcc25878","createdBy":"eBT9qSrxquPVguazo7MwJzzaf2p1","createdAt":"2025-01-04T06:23:53.588Z","updatedBy":"eBT9qSrxquPVguazo7MwJzzaf2p1","updatedAt":"2025-01-04T06:25:11.791Z","name":"WAJIR CTR","dataIngestion":true,"type":4,"icaoClass":3,"activity":0,"onDemand":false,"onRequest":false,"byNotam":false,"specialAgreement":false,"requestCompliance":false,"country":"KE","upperLimit":{"value":5000,"unit":1,"referenceDatum":1},"lowerLimit":{"value":0,"unit":1,"referenceDatum":0},"hoursOfOperation":{"operatingHours":[{"dayOfWeek":0,"startTime":"00:00","endTime":"00:00","byNotam":false,"sunrise":false,"sunset":false,"publicHolidaysExcluded":false},{"dayOfWeek":1,"startTime":"00:00","endTime":"00:00","byNotam":false,"sunrise":false,"sunset":false,"publicHolidaysExcluded":false},{"dayOfWeek":2,"startTime":"00:00","endTime":"00:00","byNotam":false,"sunrise":false,"sunset":false,"publicHolidaysExcluded":false},{"dayOfWeek":3,"startTime":"00:00","endTime":"00:00","byNotam":false,"sunrise":false,"sunset":false,"publicHolidaysExcluded":false},{"dayOfWeek":4,"startTime":"00:00","endTime":"00:00","byNotam":false,"sunrise":false,"sunset":false,"publicHolidaysExcluded":false},{"dayOfWeek":5,"startTime":"00:00","endTime":"00:00","byNotam":false,"sunrise":false,"sunset":false,"publicHolidaysExcluded":false},{"dayOfWeek":6,"startTime":"00:00","endTime":"00:00","byNotam":false,"sunrise":false,"sunset":false,"publicHolidaysExcluded":false}]},"deletable":true},"geometry":{"type":"Polygon","coordinates":[[[40.09153,1.983],[40.08368,1.98287],[40.07583,1.9825],[40.068,1.98189],[40.0602,1.98103],[40.05242,1.97992],[40.04469,1.97857],[40.037,1.97698],[40.02936,1.97515],[40.02179,1.97308],[40.01428,1.97077],[40.00685,1.96823],[39.9995,1.96545],[39.99225,1.96245],[39.98509,1.95922],[39.97804,1.95576],[39.9711,1.95209],[39.96428,1.9482],[39.95758,1.9441],[39.95102,1.93979],[39.9446,1.93528],[39.93832,1.93057],[39.93219,1.92566],[39.92622,1.92056],[39.92041,1.91528],[39.91477,1.90982],[39.90931,1.90418],[39.90402,1.89837],[39.89892,1.8924],[39.89402,1.88628],[39.8893,1.88],[39.88479,1.87358],[39.88048,1.86702],[39.87637,1.86033],[39.87248,1.85351],[39.86881,1.84657],[39.86536,1.83953],[39.86213,1.83237],[39.85912,1.82512],[39.85635,1.81778],[39.85381,1.81035],[39.8515,1.80285],[39.84943,1.79528],[39.84759,1.78765],[39.846,1.77996],[39.84465,1.77223],[39.84355,1.76446],[39.84269,1.75666],[39.84207,1.74884],[39.8417,1.741],[39.84158,1.73315],[39.84171,1.7253],[39.84208,1.71746],[39.84269,1.70964],[39.84356,1.70184],[39.84466,1.69407],[39.84602,1.68634],[39.84761,1.67865],[39.84944,1.67102],[39.85152,1.66345],[39.85383,1.65595],[39.85637,1.64853],[39.85915,1.64118],[39.86215,1.63393],[39.86538,1.62678],[39.86884,1.61973],[39.87251,1.6128],[39.8764,1.60598],[39.88051,1.59929],[39.88482,1.59273],[39.88933,1.58631],[39.89405,1.58003],[39.89896,1.57391],[39.90406,1.56794],[39.90934,1.56214],[39.91481,1.5565],[39.92044,1.55104],[39.92625,1.54576],[39.93222,1.54066],[39.93835,1.53576],[39.94463,1.53104],[39.95105,1.52653],[39.95761,1.52222],[39.96431,1.51812],[39.97113,1.51423],[39.97807,1.51056],[39.98512,1.50711],[39.99227,1.50388],[39.99953,1.50088],[40.00687,1.4981],[40.0143,1.49556],[40.0218,1.49325],[40.02938,1.49118],[40.03701,1.48935],[40.0447,1.48776],[40.05243,1.48641],[40.06021,1.48531],[40.06801,1.48444],[40.07584,1.48383],[40.08368,1.48346],[40.09153,1.48334],[40.09938,1.48346],[40.10722,1.48383],[40.11505,1.48444],[40.12285,1.48531],[40.13062,1.48641],[40.13836,1.48776],[40.14605,1.48935],[40.15368,1.49118],[40.16125,1.49325],[40.16876,1.49556],[40.17618,1.4981],[40.18353,1.50088],[40.19078,1.50388],[40.19794,1.50711],[40.20499,1.51056],[40.21193,1.51423],[40.21875,1.51812],[40.22544,1.52222],[40.232,1.52653],[40.23843,1.53104],[40.24471,1.53576],[40.25083,1.54066],[40.2568,1.54576],[40.26261,1.55104],[40.26825,1.5565],[40.27371,1.56214],[40.279,1.56794],[40.2841,1.57391],[40.28901,1.58003],[40.29372,1.58631],[40.29824,1.59273],[40.30255,1.59929],[40.30665,1.60598],[40.31054,1.6128],[40.31422,1.61973],[40.31767,1.62678],[40.3209,1.63393],[40.32391,1.64118],[40.32669,1.64853],[40.32923,1.65595],[40.33154,1.66345],[40.33361,1.67102],[40.33545,1.67865],[40.33704,1.68634],[40.33839,1.69407],[40.3395,1.70184],[40.34036,1.70964],[40.34098,1.71746],[40.34135,1.7253],[40.34147,1.73315],[40.34135,1.741],[40.34098,1.74884],[40.34037,1.75666],[40.33951,1.76446],[40.3384,1.77223],[40.33705,1.77996],[40.33546,1.78765],[40.33363,1.79528],[40.33156,1.80285],[40.32925,1.81035],[40.32671,1.81778],[40.32393,1.82512],[40.32093,1.83237],[40.3177,1.83953],[40.31424,1.84657],[40.31057,1.85351],[40.30668,1.86033],[40.30258,1.86702],[40.29827,1.87358],[40.29375,1.88],[40.28904,1.88628],[40.28413,1.8924],[40.27903,1.89837],[40.27375,1.90418],[40.26828,1.90982],[40.26264,1.91528],[40.25684,1.92056],[40.25087,1.92566],[40.24474,1.93057],[40.23846,1.93528],[40.23203,1.93979],[40.22547,1.9441],[40.21878,1.9482],[40.21195,1.95209],[40.20501,1.95576],[40.19796,1.95922],[40.19081,1.96245],[40.18355,1.96545],[40.1762,1.96823],[40.16878,1.97077],[40.16127,1.97308],[40.1537,1.97515],[40.14606,1.97698],[40.13837,1.97857],[40.13063,1.97992],[40.12286,1.98103],[40.11505,1.98189],[40.10722,1.9825],[40.09938,1.98287],[40.09153,1.983]]]}},{"type":"Feature","id":18,"properties":{"_id":"6778d3f9a0370cd8fcc2587b","createdBy":"eBT9qSrxquPVguazo7MwJzzaf2p1","createdAt":"2025-01-04T06:23:53.609Z","updatedBy":"eBT9qSrxquPVguazo7MwJzzaf2p1","updatedAt":"2025-01-04T06:25:11.912Z","name":"WAJIR TMA","dataIngestion":true,"type":7,"icaoClass":4,"activity":0,"onDemand":false,"onRequest":false,"byNotam":false,"specialAgreement":false,"requestCompliance":false,"country":"KE","upperLimit":{"value":145,"unit":6,"referenceDatum":2},"lowerLimit":{"value":1500,"unit":1,"referenceDatum":1},"hoursOfOperation":{"operatingHours":[{"dayOfWeek":0,"startTime":"00:00","endTime":"00:00","byNotam":false,"sunrise":false,"sunset":false,"publicHolidaysExcluded":false},{"dayOfWeek":1,"startTime":"00:00","endTime":"00:00","byNotam":false,"sunrise":false,"sunset":false,"publicHolidaysExcluded":false},{"dayOfWeek":2,"startTime":"00:00","endTime":"00:00","byNotam":false,"sunrise":false,"sunset":false,"publicHolidaysExcluded":false},{"dayOfWeek":3,"startTime":"00:00","endTime":"00:00","byNotam":false,"sunrise":false,"sunset":false,"publicHolidaysExcluded":false},{"dayOfWeek":4,"startTime":"00:00","endTime":"00:00","byNotam":false,"sunrise":false,"sunset":false,"publicHolidaysExcluded":false},{"dayOfWeek":5,"startTime":"00:00","endTime":"00:00","byNotam":false,"sunrise":false,"sunset":false,"publicHolidaysExcluded":false},{"dayOfWeek":6,"startTime":"00:00","endTime":"00:00","byNotam":false,"sunrise":false,"sunset":false,"publicHolidaysExcluded":false}]},"deletable":true},"geometry":{"type":"Polygon","coordinates":[[[39.14809,1.39122],[39.39793,0.95824],[41.00096,0.99719],[40.98593,1.99554],[40.60401,2.398],[40.59532,2.39701],[40.57463,2.41279],[40.55345,2.42791],[40.53181,2.44237],[40.50972,2.45613],[40.48721,2.4692],[40.4643,2.48155],[40.44101,2.49318],[40.41737,2.50407],[40.3934,2.51421],[40.36912,2.52359],[40.34456,2.53221],[40.31974,2.54005],[40.29468,2.54711],[40.26941,2.55338],[40.24396,2.55885],[40.21835,2.56352],[40.19261,2.56739],[40.16675,2.57044],[40.14082,2.57268],[40.11482,2.57411],[40.08879,2.57472],[40.06276,2.57451],[40.03675,2.57348],[40.01078,2.57164],[39.98488,2.56898],[39.95908,2.56551],[39.9334,2.56124],[39.90786,2.55616],[39.8825,2.55028],[39.85734,2.5436],[39.8324,2.53614],[39.80771,2.5279],[39.78329,2.51889],[39.75916,2.50912],[39.73536,2.4986],[39.71189,2.48733],[39.6888,2.47533],[39.66609,2.46261],[39.64379,2.44919],[39.62193,2.43507],[39.60052,2.42027],[39.57959,2.40481],[39.55916,2.3887],[39.53924,2.37195],[39.51986,2.35459],[39.50103,2.33663],[39.48278,2.31808],[39.46513,2.29898],[39.44808,2.27932],[39.43166,2.25914],[39.41588,2.23846],[39.40076,2.21729],[39.38631,2.19566],[39.37255,2.17358],[39.35949,2.15108],[39.34714,2.12819],[39.33553,2.10492],[39.32464,2.08129],[39.31451,2.05733],[39.30514,2.03307],[39.29653,2.00853],[39.2887,1.98373],[39.28165,1.95869],[39.27539,1.93344],[39.26993,1.90802],[39.26527,1.88243],[39.26142,1.85671],[39.25837,1.83088],[39.25614,1.80496],[39.25473,1.77899],[39.25413,1.75299],[39.25435,1.72699],[39.25539,1.701],[39.25724,1.67506],[39.25991,1.64919],[39.26339,1.62341],[39.26768,1.59776],[39.27277,1.57225],[39.27866,1.54692],[39.14809,1.39122]]]}},{"type":"Feature","id":1,"properties":{"_id":"6956ca63c650190331aaee8f","createdBy":"eBT9qSrxquPVguazo7MwJzzaf2p1","createdAt":"2026-01-01T19:26:27.812Z","updatedBy":"eBT9qSrxquPVguazo7MwJzzaf2p1","updatedAt":"2026-01-01T19:30:05.481Z","name":"MOGADISHU CTR","dataIngestion":true,"type":4,"icaoClass":3,"activity":0,"onDemand":false,"onRequest":false,"byNotam":false,"specialAgreement":false,"requestCompliance":false,"country":"SO","upperLimit":{"value":3000,"unit":1,"referenceDatum":1},"lowerLimit":{"value":0,"unit":1,"referenceDatum":0},"hoursOfOperation":{"operatingHours":[{"dayOfWeek":0,"startTime":"00:00","endTime":"00:00","byNotam":false,"sunrise":false,"sunset":false,"publicHolidaysExcluded":false},{"dayOfWeek":1,"startTime":"00:00","endTime":"00:00","byNotam":false,"sunrise":false,"sunset":false,"publicHolidaysExcluded":false},{"dayOfWeek":2,"startTime":"00:00","endTime":"00:00","byNotam":false,"sunrise":false,"sunset":false,"publicHolidaysExcluded":false},{"dayOfWeek":3,"startTime":"00:00","endTime":"00:00","byNotam":false,"sunrise":false,"sunset":false,"publicHolidaysExcluded":false},{"dayOfWeek":4,"startTime":"00:00","endTime":"00:00","byNotam":false,"sunrise":false,"sunset":false,"publicHolidaysExcluded":false},{"dayOfWeek":5,"startTime":"00:00","endTime":"00:00","byNotam":false,"sunrise":false,"sunset":false,"publicHolidaysExcluded":false},{"dayOfWeek":6,"startTime":"00:00","endTime":"00:00","byNotam":false,"sunrise":false,"sunset":false,"publicHolidaysExcluded":false}]},"deletable":true},"geometry":{"type":"Polygon","coordinates":[[[45.30403,2.263791],[45.296177,2.263668],[45.288331,2.263298],[45.280501,2.262682],[45.272694,2.261821],[45.264917,2.260715],[45.25718,2.259365],[45.249489,2.257774],[45.241852,2.255941],[45.234276,2.25387],[45.226768,2.251562],[45.219338,2.249019],[45.211991,2.246244],[45.204734,2.243241],[45.197576,2.24001],[45.190523,2.236557],[45.183582,2.232884],[45.17676,2.228995],[45.170063,2.224894],[45.163499,2.220584],[45.157073,2.216071],[45.150793,2.211358],[45.144664,2.20645],[45.138692,2.201353],[45.132883,2.19607],[45.127244,2.190607],[45.121779,2.184971],[45.116493,2.179165],[45.111393,2.173197],[45.106484,2.167071],[45.101769,2.160794],[45.097254,2.154373],[45.092942,2.147812],[45.08884,2.14112],[45.084949,2.134302],[45.081275,2.127365],[45.077821,2.120317],[45.07459,2.113164],[45.071586,2.105912],[45.068811,2.09857],[45.066268,2.091145],[45.06396,2.083643],[45.061889,2.076072],[45.060057,2.068441],[45.058465,2.060755],[45.057116,2.053023],[45.056011,2.045253],[45.05515,2.037452],[45.054535,2.029628],[45.054167,2.021788],[45.054044,2.013941],[45.054169,2.006094],[45.05454,1.998254],[45.055157,1.99043],[45.05602,1.982629],[45.057128,1.974859],[45.058479,1.967128],[45.060073,1.959443],[45.061907,1.951812],[45.063981,1.944242],[45.066291,1.936741],[45.068835,1.929316],[45.071612,1.921975],[45.074618,1.914724],[45.077851,1.907572],[45.081306,1.900524],[45.084982,1.893588],[45.088873,1.886772],[45.092977,1.88008],[45.097289,1.873521],[45.101805,1.867101],[45.106521,1.860825],[45.111431,1.854701],[45.116532,1.848733],[45.121817,1.842929],[45.127282,1.837293],[45.132922,1.831832],[45.13873,1.826551],[45.144701,1.821454],[45.15083,1.816548],[45.15711,1.811836],[45.163534,1.807324],[45.170098,1.803015],[45.176793,1.798915],[45.183614,1.795027],[45.190554,1.791355],[45.197606,1.787903],[45.204762,1.784673],[45.212017,1.78167],[45.219362,1.778897],[45.226791,1.776355],[45.234296,1.774047],[45.24187,1.771977],[45.249505,1.770145],[45.257194,1.768553],[45.264929,1.767204],[45.272703,1.766099],[45.280508,1.765237],[45.288336,1.764622],[45.296179,1.764252],[45.30403,1.764129],[45.311881,1.764252],[45.319724,1.764622],[45.327552,1.765237],[45.335357,1.766099],[45.343131,1.767204],[45.350866,1.768553],[45.358555,1.770145],[45.36619,1.771977],[45.373764,1.774047],[45.381269,1.776355],[45.388698,1.778897],[45.396043,1.78167],[45.403298,1.784673],[45.410454,1.787903],[45.417506,1.791355],[45.424446,1.795027],[45.431267,1.798915],[45.437962,1.803015],[45.444526,1.807324],[45.45095,1.811836],[45.45723,1.816548],[45.463359,1.821454],[45.46933,1.826551],[45.475138,1.831832],[45.480778,1.837293],[45.486243,1.842929],[45.491528,1.848733],[45.496629,1.854701],[45.501539,1.860825],[45.506255,1.867101],[45.510771,1.873521],[45.515083,1.88008],[45.519187,1.886772],[45.523078,1.893588],[45.526754,1.900524],[45.530209,1.907572],[45.533442,1.914724],[45.536448,1.921975],[45.539225,1.929316],[45.541769,1.936741],[45.544079,1.944242],[45.546153,1.951812],[45.547987,1.959443],[45.549581,1.967128],[45.550932,1.974859],[45.55204,1.982629],[45.552903,1.99043],[45.55352,1.998254],[45.553891,2.006094],[45.554016,2.013941],[45.553893,2.021788],[45.553525,2.029628],[45.55291,2.037452],[45.552049,2.045253],[45.550944,2.053023],[45.549595,2.060755],[45.548003,2.068441],[45.546171,2.076072],[45.5441,2.083643],[45.541792,2.091145],[45.539249,2.09857],[45.536474,2.105912],[45.53347,2.113164],[45.530239,2.120317],[45.526785,2.127365],[45.523111,2.134302],[45.51922,2.14112],[45.515118,2.147812],[45.510806,2.154373],[45.506291,2.160794],[45.501576,2.167071],[45.496667,2.173197],[45.491567,2.179165],[45.486281,2.184971],[45.480816,2.190607],[45.475177,2.19607],[45.469368,2.201353],[45.463396,2.20645],[45.457267,2.211358],[45.450987,2.216071],[45.444561,2.220584],[45.437997,2.224894],[45.4313,2.228995],[45.424478,2.232884],[45.417537,2.236557],[45.410484,2.24001],[45.403326,2.243241],[45.396069,2.246244],[45.388722,2.249019],[45.381292,2.251562],[45.373784,2.25387],[45.366208,2.255941],[45.358571,2.257774],[45.35088,2.259365],[45.343143,2.260715],[45.335366,2.261821],[45.327559,2.262682],[45.319729,2.263298],[45.311883,2.263668],[45.30403,2.263791]]]}},{"type":"Feature","id":2,"properties":{"_id":"6956ca63c650190331aaee9a","createdBy":"eBT9qSrxquPVguazo7MwJzzaf2p1","createdAt":"2026-01-01T19:26:27.863Z","updatedBy":"eBT9qSrxquPVguazo7MwJzzaf2p1","updatedAt":"2026-01-01T19:30:05.635Z","name":"EGAL CTR","dataIngestion":true,"type":4,"icaoClass":3,"activity":0,"onDemand":false,"onRequest":false,"byNotam":false,"specialAgreement":false,"requestCompliance":false,"country":"SO","upperLimit":{"value":8000,"unit":1,"referenceDatum":1},"lowerLimit":{"value":0,"unit":1,"referenceDatum":0},"hoursOfOperation":{"operatingHours":[{"dayOfWeek":0,"startTime":"00:00","endTime":"00:00","byNotam":false,"sunrise":false,"sunset":false,"publicHolidaysExcluded":false},{"dayOfWeek":1,"startTime":"00:00","endTime":"00:00","byNotam":false,"sunrise":false,"sunset":false,"publicHolidaysExcluded":false},{"dayOfWeek":2,"startTime":"00:00","endTime":"00:00","byNotam":false,"sunrise":false,"sunset":false,"publicHolidaysExcluded":false},{"dayOfWeek":3,"startTime":"00:00","endTime":"00:00","byNotam":false,"sunrise":false,"sunset":false,"publicHolidaysExcluded":false},{"dayOfWeek":4,"startTime":"00:00","endTime":"00:00","byNotam":false,"sunrise":false,"sunset":false,"publicHolidaysExcluded":false},{"dayOfWeek":5,"startTime":"00:00","endTime":"00:00","byNotam":false,"sunrise":false,"sunset":false,"publicHolidaysExcluded":false},{"dayOfWeek":6,"startTime":"00:00","endTime":"00:00","byNotam":false,"sunrise":false,"sunset":false,"publicHolidaysExcluded":false}]},"deletable":true},"geometry":{"type":"Polygon","coordinates":[[[44.08971,9.601367],[44.087057,9.601326],[44.084407,9.601203],[44.081762,9.600997],[44.079124,9.60071],[44.076498,9.600342],[44.073884,9.599892],[44.071286,9.599361],[44.068706,9.59875],[44.066147,9.59806],[44.063611,9.59729],[44.061101,9.596443],[44.058619,9.595518],[44.056168,9.594516],[44.053749,9.593439],[44.051367,9.592288],[44.049022,9.591064],[44.046718,9.589767],[44.044456,9.5884],[44.042238,9.586964],[44.040068,9.585459],[44.037946,9.583888],[44.035876,9.582252],[44.033859,9.580553],[44.031897,9.578792],[44.029992,9.576971],[44.028146,9.575092],[44.026361,9.573156],[44.024638,9.571167],[44.02298,9.569125],[44.021387,9.567032],[44.019862,9.564892],[44.018406,9.562705],[44.01702,9.560474],[44.015706,9.558201],[44.014466,9.555889],[44.013299,9.553539],[44.012208,9.551155],[44.011193,9.548738],[44.010256,9.54629],[44.009397,9.543815],[44.008618,9.541314],[44.007918,9.538791],[44.0073,9.536247],[44.006762,9.533685],[44.006307,9.531107],[44.005934,9.528517],[44.005643,9.525917],[44.005436,9.523309],[44.005312,9.520696],[44.00527,9.51808],[44.005313,9.515464],[44.005438,9.512851],[44.005647,9.510243],[44.005939,9.507643],[44.006313,9.505053],[44.00677,9.502476],[44.007308,9.499914],[44.007928,9.49737],[44.008629,9.494847],[44.009409,9.492347],[44.010269,9.489872],[44.011207,9.487425],[44.012223,9.485008],[44.013315,9.482624],[44.014482,9.480275],[44.015724,9.477963],[44.017038,9.475691],[44.018425,9.473461],[44.019881,9.471274],[44.021407,9.469134],[44.023,9.467043],[44.024658,9.465001],[44.026381,9.463012],[44.028166,9.461078],[44.030013,9.459199],[44.031917,9.457379],[44.033879,9.455619],[44.035896,9.45392],[44.037966,9.452284],[44.040087,9.450714],[44.042257,9.44921],[44.044474,9.447774],[44.046736,9.446407],[44.04904,9.445111],[44.051384,9.443888],[44.053765,9.442737],[44.056183,9.44166],[44.058633,9.44066],[44.061114,9.439735],[44.063623,9.438888],[44.066158,9.438119],[44.068716,9.437429],[44.071294,9.436818],[44.073891,9.436288],[44.076504,9.435838],[44.079129,9.435469],[44.081765,9.435182],[44.084409,9.434977],[44.087058,9.434854],[44.08971,9.434813],[44.092362,9.434854],[44.095011,9.434977],[44.097655,9.435182],[44.100291,9.435469],[44.102916,9.435838],[44.105529,9.436288],[44.108126,9.436818],[44.110704,9.437429],[44.113262,9.438119],[44.115797,9.438888],[44.118306,9.439735],[44.120787,9.44066],[44.123237,9.44166],[44.125655,9.442737],[44.128036,9.443888],[44.13038,9.445111],[44.132684,9.446407],[44.134946,9.447774],[44.137163,9.44921],[44.139333,9.450714],[44.141454,9.452284],[44.143524,9.45392],[44.145541,9.455619],[44.147503,9.457379],[44.149407,9.459199],[44.151254,9.461078],[44.153039,9.463012],[44.154762,9.465001],[44.15642,9.467043],[44.158013,9.469134],[44.159539,9.471274],[44.160995,9.473461],[44.162382,9.475691],[44.163696,9.477963],[44.164938,9.480275],[44.166105,9.482624],[44.167197,9.485008],[44.168213,9.487425],[44.169151,9.489872],[44.170011,9.492347],[44.170791,9.494847],[44.171492,9.49737],[44.172112,9.499914],[44.17265,9.502476],[44.173107,9.505053],[44.173481,9.507643],[44.173773,9.510243],[44.173982,9.512851],[44.174107,9.515464],[44.17415,9.51808],[44.174108,9.520696],[44.173984,9.523309],[44.173777,9.525917],[44.173486,9.528517],[44.173113,9.531107],[44.172658,9.533685],[44.17212,9.536247],[44.171502,9.538791],[44.170802,9.541314],[44.170023,9.543815],[44.169164,9.54629],[44.168227,9.548738],[44.167212,9.551155],[44.166121,9.553539],[44.164954,9.555889],[44.163714,9.558201],[44.1624,9.560474],[44.161014,9.562705],[44.159558,9.564892],[44.158033,9.567032],[44.15644,9.569125],[44.154782,9.571167],[44.153059,9.573156],[44.151274,9.575092],[44.149428,9.576971],[44.147523,9.578792],[44.145561,9.580553],[44.143544,9.582252],[44.141474,9.583888],[44.139352,9.585459],[44.137182,9.586964],[44.134964,9.5884],[44.132702,9.589767],[44.130398,9.591064],[44.128053,9.592288],[44.125671,9.593439],[44.123252,9.594516],[44.120801,9.595518],[44.118319,9.596443],[44.115809,9.59729],[44.113273,9.59806],[44.110714,9.59875],[44.108134,9.599361],[44.105536,9.599892],[44.102922,9.600342],[44.100296,9.60071],[44.097658,9.600997],[44.095013,9.601203],[44.092363,9.601326],[44.08971,9.601367]]]}},{"type":"Feature","id":3,"properties":{"_id":"6956ca63c650190331aaee9e","createdBy":"eBT9qSrxquPVguazo7MwJzzaf2p1","createdAt":"2026-01-01T19:26:27.888Z","updatedBy":"eBT9qSrxquPVguazo7MwJzzaf2p1","updatedAt":"2026-01-01T19:30:05.799Z","name":"BOSASO CTR","dataIngestion":true,"type":4,"icaoClass":3,"activity":0,"onDemand":false,"onRequest":false,"byNotam":false,"specialAgreement":false,"requestCompliance":false,"country":"SO","upperLimit":{"value":3000,"unit":1,"referenceDatum":1},"lowerLimit":{"value":0,"unit":1,"referenceDatum":0},"hoursOfOperation":{"operatingHours":[{"dayOfWeek":0,"startTime":"00:00","endTime":"00:00","byNotam":false,"sunrise":false,"sunset":false,"publicHolidaysExcluded":false},{"dayOfWeek":1,"startTime":"00:00","endTime":"00:00","byNotam":false,"sunrise":false,"sunset":false,"publicHolidaysExcluded":false},{"dayOfWeek":2,"startTime":"00:00","endTime":"00:00","byNotam":false,"sunrise":false,"sunset":false,"publicHolidaysExcluded":false},{"dayOfWeek":3,"startTime":"00:00","endTime":"00:00","byNotam":false,"sunrise":false,"sunset":false,"publicHolidaysExcluded":false},{"dayOfWeek":4,"startTime":"00:00","endTime":"00:00","byNotam":false,"sunrise":false,"sunset":false,"publicHolidaysExcluded":false},{"dayOfWeek":5,"startTime":"00:00","endTime":"00:00","byNotam":false,"sunrise":false,"sunset":false,"publicHolidaysExcluded":false},{"dayOfWeek":6,"startTime":"00:00","endTime":"00:00","byNotam":false,"sunrise":false,"sunset":false,"publicHolidaysExcluded":false}]},"deletable":true},"geometry":{"type":"Polygon","coordinates":[[[49.18333,11.533161],[49.175321,11.533038],[49.16732,11.532668],[49.159334,11.532051],[49.151373,11.531189],[49.143443,11.530083],[49.135553,11.528732],[49.127709,11.527139],[49.119921,11.525306],[49.112196,11.523233],[49.104541,11.520923],[49.096964,11.518379],[49.089472,11.515602],[49.082073,11.512596],[49.074775,11.509364],[49.067583,11.505909],[49.060507,11.502233],[49.053551,11.498342],[49.046724,11.494238],[49.040033,11.489926],[49.033483,11.48541],[49.027081,11.480694],[49.020833,11.475784],[49.014747,11.470683],[49.008827,11.465398],[49.003079,11.459933],[48.99751,11.454293],[48.992125,11.448485],[48.986928,11.442514],[48.981926,11.436385],[48.977123,11.430106],[48.972523,11.423681],[48.968132,11.417118],[48.963954,11.410424],[48.959992,11.403603],[48.956252,11.396664],[48.952735,11.389614],[48.949446,11.382458],[48.946389,11.375205],[48.943565,11.367861],[48.940978,11.360434],[48.938631,11.35293],[48.936525,11.345358],[48.934663,11.337725],[48.933046,11.330039],[48.931677,11.322306],[48.930556,11.314535],[48.929685,11.306733],[48.929064,11.298909],[48.928694,11.291069],[48.928575,11.283221],[48.928708,11.275374],[48.929091,11.267535],[48.929726,11.259711],[48.930611,11.251911],[48.931746,11.244142],[48.933128,11.236412],[48.934757,11.228728],[48.936632,11.221098],[48.938749,11.213529],[48.941108,11.20603],[48.943706,11.198607],[48.94654,11.191267],[48.949608,11.184019],[48.952906,11.176868],[48.956431,11.169823],[48.96018,11.16289],[48.964148,11.156075],[48.968333,11.149387],[48.97273,11.14283],[48.977334,11.136412],[48.982141,11.130139],[48.987146,11.124017],[48.992345,11.118053],[48.997731,11.112251],[49.003301,11.106619],[49.009048,11.10116],[49.014967,11.095882],[49.021051,11.090788],[49.027295,11.085884],[49.033693,11.081175],[49.040239,11.076665],[49.046925,11.07236],[49.053745,11.068262],[49.060694,11.064376],[49.067763,11.060707],[49.074945,11.057256],[49.082235,11.054029],[49.089624,11.051028],[49.097105,11.048256],[49.104671,11.045716],[49.112314,11.04341],[49.120028,11.041341],[49.127804,11.03951],[49.135634,11.03792],[49.143511,11.036572],[49.151428,11.035467],[49.159376,11.034607],[49.167348,11.033991],[49.175335,11.033622],[49.18333,11.033499],[49.191325,11.033622],[49.199312,11.033991],[49.207284,11.034607],[49.215232,11.035467],[49.223149,11.036572],[49.231026,11.03792],[49.238856,11.03951],[49.246632,11.041341],[49.254346,11.04341],[49.261989,11.045716],[49.269555,11.048256],[49.277036,11.051028],[49.284425,11.054029],[49.291715,11.057256],[49.298897,11.060707],[49.305966,11.064376],[49.312915,11.068262],[49.319735,11.07236],[49.326421,11.076665],[49.332967,11.081175],[49.339365,11.085884],[49.345609,11.090788],[49.351693,11.095882],[49.357612,11.10116],[49.363359,11.106619],[49.368929,11.112251],[49.374315,11.118053],[49.379514,11.124017],[49.384519,11.130139],[49.389326,11.136412],[49.39393,11.14283],[49.398327,11.149387],[49.402512,11.156075],[49.40648,11.16289],[49.410229,11.169823],[49.413754,11.176868],[49.417052,11.184019],[49.42012,11.191267],[49.422954,11.198607],[49.425552,11.20603],[49.427911,11.213529],[49.430028,11.221098],[49.431903,11.228728],[49.433532,11.236412],[49.434914,11.244142],[49.436049,11.251911],[49.436934,11.259711],[49.437569,11.267535],[49.437952,11.275374],[49.438085,11.283221],[49.437966,11.291069],[49.437596,11.298909],[49.436975,11.306733],[49.436104,11.314535],[49.434983,11.322306],[49.433614,11.330039],[49.431997,11.337725],[49.430135,11.345358],[49.428029,11.35293],[49.425682,11.360434],[49.423095,11.367861],[49.420271,11.375205],[49.417214,11.382458],[49.413925,11.389614],[49.410408,11.396664],[49.406668,11.403603],[49.402706,11.410424],[49.398528,11.417118],[49.394137,11.423681],[49.389537,11.430106],[49.384734,11.436385],[49.379732,11.442514],[49.374535,11.448485],[49.36915,11.454293],[49.363581,11.459933],[49.357833,11.465398],[49.351913,11.470683],[49.345827,11.475784],[49.339579,11.480694],[49.333177,11.48541],[49.326627,11.489926],[49.319936,11.494238],[49.313109,11.498342],[49.306153,11.502233],[49.299077,11.505909],[49.291885,11.509364],[49.284587,11.512596],[49.277188,11.515602],[49.269696,11.518379],[49.262119,11.520923],[49.254464,11.523233],[49.246739,11.525306],[49.238951,11.527139],[49.231107,11.528732],[49.223217,11.530083],[49.215287,11.531189],[49.207326,11.532051],[49.19934,11.532668],[49.191339,11.533038],[49.18333,11.533161]]]}},{"type":"Feature","id":4,"properties":{"_id":"6956ca63c650190331aaeea1","createdBy":"eBT9qSrxquPVguazo7MwJzzaf2p1","createdAt":"2026-01-01T19:26:27.909Z","updatedBy":"eBT9qSrxquPVguazo7MwJzzaf2p1","updatedAt":"2026-01-01T19:30:05.898Z","name":"GAROWE CTR","dataIngestion":true,"type":4,"icaoClass":3,"activity":0,"onDemand":false,"onRequest":false,"byNotam":false,"specialAgreement":false,"requestCompliance":false,"country":"SO","upperLimit":{"value":5000,"unit":1,"referenceDatum":1},"lowerLimit":{"value":0,"unit":1,"referenceDatum":0},"hoursOfOperation":{"operatingHours":[{"dayOfWeek":0,"startTime":"00:00","endTime":"00:00","byNotam":false,"sunrise":false,"sunset":false,"publicHolidaysExcluded":false},{"dayOfWeek":1,"startTime":"00:00","endTime":"00:00","byNotam":false,"sunrise":false,"sunset":false,"publicHolidaysExcluded":false},{"dayOfWeek":2,"startTime":"00:00","endTime":"00:00","byNotam":false,"sunrise":false,"sunset":false,"publicHolidaysExcluded":false},{"dayOfWeek":3,"startTime":"00:00","endTime":"00:00","byNotam":false,"sunrise":false,"sunset":false,"publicHolidaysExcluded":false},{"dayOfWeek":4,"startTime":"00:00","endTime":"00:00","byNotam":false,"sunrise":false,"sunset":false,"publicHolidaysExcluded":false},{"dayOfWeek":5,"startTime":"00:00","endTime":"00:00","byNotam":false,"sunrise":false,"sunset":false,"publicHolidaysExcluded":false},{"dayOfWeek":6,"startTime":"00:00","endTime":"00:00","byNotam":false,"sunrise":false,"sunset":false,"publicHolidaysExcluded":false}]},"deletable":true},"geometry":{"type":"Polygon","coordinates":[[[48.56836,8.709751],[48.560421,8.709628],[48.55249,8.709258],[48.544575,8.708642],[48.536683,8.70778],[48.528822,8.706673],[48.521001,8.705323],[48.513226,8.703731],[48.505506,8.701897],[48.497848,8.699825],[48.49026,8.697516],[48.482749,8.694972],[48.475323,8.692196],[48.467988,8.689191],[48.460753,8.685959],[48.453624,8.682504],[48.446609,8.67883],[48.439714,8.674939],[48.432946,8.670836],[48.426312,8.666525],[48.419819,8.662009],[48.413472,8.657295],[48.407279,8.652385],[48.401244,8.647285],[48.395375,8.642001],[48.389677,8.636537],[48.384155,8.630898],[48.378816,8.62509],[48.373663,8.61912],[48.368703,8.612992],[48.363941,8.606714],[48.35938,8.60029],[48.355026,8.593728],[48.350882,8.587034],[48.346953,8.580215],[48.343243,8.573276],[48.339756,8.566226],[48.336494,8.559071],[48.333461,8.551819],[48.33066,8.544475],[48.328094,8.537049],[48.325766,8.529546],[48.323676,8.521974],[48.321829,8.514342],[48.320224,8.506655],[48.318865,8.498923],[48.317752,8.491152],[48.316886,8.483351],[48.316269,8.475526],[48.3159,8.467686],[48.315781,8.459839],[48.31591,8.451992],[48.316289,8.444152],[48.316917,8.436329],[48.317793,8.428528],[48.318915,8.420759],[48.320284,8.413028],[48.321898,8.405344],[48.323755,8.397714],[48.325853,8.390145],[48.328191,8.382645],[48.330765,8.375221],[48.333573,8.367881],[48.336613,8.360632],[48.339882,8.353481],[48.343376,8.346435],[48.347092,8.339501],[48.351026,8.332686],[48.355174,8.325996],[48.359532,8.319439],[48.364096,8.31302],[48.368862,8.306746],[48.373824,8.300624],[48.378978,8.294658],[48.384319,8.288856],[48.389841,8.283222],[48.395539,8.277763],[48.401407,8.272484],[48.40744,8.267389],[48.413631,8.262484],[48.419975,8.257775],[48.426465,8.253264],[48.433095,8.248957],[48.439858,8.244859],[48.446747,8.240973],[48.453757,8.237302],[48.460879,8.233851],[48.468108,8.230624],[48.475435,8.227622],[48.482853,8.224849],[48.490356,8.222309],[48.497936,8.220002],[48.505585,8.217933],[48.513296,8.216102],[48.521061,8.214511],[48.528873,8.213163],[48.536724,8.212058],[48.544605,8.211197],[48.552511,8.210581],[48.560431,8.210212],[48.56836,8.210089],[48.576289,8.210212],[48.584209,8.210581],[48.592115,8.211197],[48.599996,8.212058],[48.607847,8.213163],[48.615659,8.214511],[48.623424,8.216102],[48.631135,8.217933],[48.638784,8.220002],[48.646364,8.222309],[48.653867,8.224849],[48.661285,8.227622],[48.668612,8.230624],[48.675841,8.233851],[48.682963,8.237302],[48.689973,8.240973],[48.696862,8.244859],[48.703625,8.248957],[48.710255,8.253264],[48.716745,8.257775],[48.723089,8.262484],[48.72928,8.267389],[48.735313,8.272484],[48.741181,8.277763],[48.746879,8.283222],[48.752401,8.288856],[48.757742,8.294658],[48.762896,8.300624],[48.767858,8.306746],[48.772624,8.31302],[48.777188,8.319439],[48.781546,8.325996],[48.785694,8.332686],[48.789628,8.339501],[48.793344,8.346435],[48.796838,8.353481],[48.800107,8.360632],[48.803147,8.367881],[48.805955,8.375221],[48.808529,8.382645],[48.810867,8.390145],[48.812965,8.397714],[48.814822,8.405344],[48.816436,8.413028],[48.817805,8.420759],[48.818927,8.428528],[48.819803,8.436329],[48.820431,8.444152],[48.82081,8.451992],[48.820939,8.459839],[48.82082,8.467686],[48.820451,8.475526],[48.819834,8.483351],[48.818968,8.491152],[48.817855,8.498923],[48.816496,8.506655],[48.814891,8.514342],[48.813044,8.521974],[48.810954,8.529546],[48.808626,8.537049],[48.80606,8.544475],[48.803259,8.551819],[48.800226,8.559071],[48.796964,8.566226],[48.793477,8.573276],[48.789767,8.580215],[48.785838,8.587034],[48.781694,8.593728],[48.77734,8.60029],[48.772779,8.606714],[48.768017,8.612992],[48.763057,8.61912],[48.757904,8.62509],[48.752565,8.630898],[48.747043,8.636537],[48.741345,8.642001],[48.735476,8.647285],[48.729441,8.652385],[48.723248,8.657295],[48.716901,8.662009],[48.710408,8.666525],[48.703774,8.670836],[48.697006,8.674939],[48.690111,8.67883],[48.683096,8.682504],[48.675967,8.685959],[48.668732,8.689191],[48.661397,8.692196],[48.653971,8.694972],[48.64646,8.697516],[48.638872,8.699825],[48.631214,8.701897],[48.623494,8.703731],[48.615719,8.705323],[48.607898,8.706673],[48.600037,8.70778],[48.592145,8.708642],[48.58423,8.709258],[48.576299,8.709628],[48.56836,8.709751]]]}},{"type":"Feature","id":5,"properties":{"_id":"6956ca63c650190331aaeea4","createdBy":"eBT9qSrxquPVguazo7MwJzzaf2p1","createdAt":"2026-01-01T19:26:27.941Z","updatedBy":"eBT9qSrxquPVguazo7MwJzzaf2p1","updatedAt":"2026-01-01T19:30:06.000Z","name":"KISMAYU AFIS","dataIngestion":true,"type":13,"icaoClass":6,"activity":0,"onDemand":false,"onRequest":false,"byNotam":false,"specialAgreement":false,"requestCompliance":false,"country":"SO","upperLimit":{"value":3000,"unit":1,"referenceDatum":1},"lowerLimit":{"value":0,"unit":1,"referenceDatum":0},"hoursOfOperation":{"operatingHours":[{"dayOfWeek":0,"startTime":"00:00","endTime":"00:00","byNotam":false,"sunrise":false,"sunset":false,"publicHolidaysExcluded":false},{"dayOfWeek":1,"startTime":"00:00","endTime":"00:00","byNotam":false,"sunrise":false,"sunset":false,"publicHolidaysExcluded":false},{"dayOfWeek":2,"startTime":"00:00","endTime":"00:00","byNotam":false,"sunrise":false,"sunset":false,"publicHolidaysExcluded":false},{"dayOfWeek":3,"startTime":"00:00","endTime":"00:00","byNotam":false,"sunrise":false,"sunset":false,"publicHolidaysExcluded":false},{"dayOfWeek":4,"startTime":"00:00","endTime":"00:00","byNotam":false,"sunrise":false,"sunset":false,"publicHolidaysExcluded":false},{"dayOfWeek":5,"startTime":"00:00","endTime":"00:00","byNotam":false,"sunrise":false,"sunset":false,"publicHolidaysExcluded":false},{"dayOfWeek":6,"startTime":"00:00","endTime":"00:00","byNotam":false,"sunrise":false,"sunset":false,"publicHolidaysExcluded":false}]},"deletable":true},"geometry":{"type":"Polygon","coordinates":[[[42.45931,-0.294413],[42.456694,-0.294454],[42.454081,-0.294577],[42.451473,-0.294783],[42.448872,-0.29507],[42.446282,-0.295438],[42.443705,-0.295888],[42.441143,-0.296418],[42.4386,-0.297029],[42.436076,-0.29772],[42.433576,-0.298489],[42.431101,-0.299336],[42.428653,-0.300261],[42.426236,-0.301262],[42.423852,-0.302339],[42.421502,-0.30349],[42.41919,-0.304714],[42.416918,-0.30601],[42.414687,-0.307377],[42.412501,-0.308813],[42.41036,-0.310317],[42.408268,-0.311888],[42.406226,-0.313524],[42.404237,-0.315223],[42.402302,-0.316983],[42.400423,-0.318804],[42.398603,-0.320683],[42.396842,-0.322618],[42.395143,-0.324607],[42.393507,-0.326649],[42.391936,-0.328741],[42.390432,-0.330881],[42.388996,-0.333068],[42.387629,-0.335298],[42.386332,-0.337571],[42.385108,-0.339883],[42.383957,-0.342232],[42.382881,-0.344616],[42.38188,-0.347033],[42.380955,-0.349481],[42.380107,-0.351956],[42.379338,-0.354456],[42.378648,-0.356979],[42.378037,-0.359523],[42.377506,-0.362085],[42.377057,-0.364662],[42.376688,-0.367252],[42.376401,-0.369853],[42.376196,-0.372461],[42.376072,-0.375074],[42.376031,-0.37769],[42.376072,-0.380305],[42.376195,-0.382919],[42.376401,-0.385527],[42.376688,-0.388127],[42.377056,-0.390717],[42.377506,-0.393294],[42.378037,-0.395856],[42.378647,-0.3984],[42.379338,-0.400923],[42.380107,-0.403424],[42.380954,-0.405899],[42.381879,-0.408346],[42.38288,-0.410763],[42.383957,-0.413147],[42.385108,-0.415497],[42.386332,-0.417809],[42.387628,-0.420081],[42.388995,-0.422312],[42.390431,-0.424498],[42.391936,-0.426639],[42.393506,-0.428731],[42.395142,-0.430773],[42.396841,-0.432762],[42.398602,-0.434697],[42.400423,-0.436576],[42.402301,-0.438396],[42.404236,-0.440157],[42.406226,-0.441856],[42.408267,-0.443492],[42.41036,-0.445062],[42.4125,-0.446567],[42.414687,-0.448003],[42.416917,-0.44937],[42.41919,-0.450666],[42.421502,-0.45189],[42.423851,-0.453041],[42.426236,-0.454118],[42.428653,-0.455119],[42.4311,-0.456044],[42.433575,-0.456891],[42.436076,-0.45766],[42.438599,-0.458351],[42.441143,-0.458961],[42.443705,-0.459492],[42.446282,-0.459942],[42.448872,-0.46031],[42.451473,-0.460597],[42.454081,-0.460803],[42.456694,-0.460926],[42.45931,-0.460967],[42.461926,-0.460926],[42.464539,-0.460803],[42.467147,-0.460597],[42.469748,-0.46031],[42.472338,-0.459942],[42.474915,-0.459492],[42.477477,-0.458961],[42.480021,-0.458351],[42.482544,-0.45766],[42.485045,-0.456891],[42.48752,-0.456044],[42.489967,-0.455119],[42.492384,-0.454118],[42.494769,-0.453041],[42.497118,-0.45189],[42.49943,-0.450666],[42.501703,-0.44937],[42.503933,-0.448003],[42.50612,-0.446567],[42.50826,-0.445062],[42.510353,-0.443492],[42.512394,-0.441856],[42.514384,-0.440157],[42.516319,-0.438396],[42.518197,-0.436576],[42.520018,-0.434697],[42.521779,-0.432762],[42.523478,-0.430773],[42.525114,-0.428731],[42.526684,-0.426639],[42.528189,-0.424498],[42.529625,-0.422312],[42.530992,-0.420081],[42.532288,-0.417809],[42.533512,-0.415497],[42.534663,-0.413147],[42.53574,-0.410763],[42.536741,-0.408346],[42.537666,-0.405899],[42.538513,-0.403424],[42.539282,-0.400923],[42.539973,-0.3984],[42.540583,-0.395856],[42.541114,-0.393294],[42.541564,-0.390717],[42.541932,-0.388127],[42.542219,-0.385527],[42.542425,-0.382919],[42.542548,-0.380305],[42.542589,-0.37769],[42.542548,-0.375074],[42.542424,-0.372461],[42.542219,-0.369853],[42.541932,-0.367252],[42.541563,-0.364662],[42.541114,-0.362085],[42.540583,-0.359523],[42.539972,-0.356979],[42.539282,-0.354456],[42.538513,-0.351956],[42.537665,-0.349481],[42.53674,-0.347033],[42.535739,-0.344616],[42.534663,-0.342232],[42.533512,-0.339883],[42.532288,-0.337571],[42.530991,-0.335298],[42.529624,-0.333068],[42.528188,-0.330881],[42.526684,-0.328741],[42.525113,-0.326649],[42.523477,-0.324607],[42.521778,-0.322618],[42.520017,-0.320683],[42.518197,-0.318804],[42.516318,-0.316983],[42.514383,-0.315223],[42.512394,-0.313524],[42.510352,-0.311888],[42.50826,-0.310317],[42.506119,-0.308813],[42.503933,-0.307377],[42.501702,-0.30601],[42.49943,-0.304714],[42.497118,-0.30349],[42.494768,-0.302339],[42.492384,-0.301262],[42.489967,-0.300261],[42.487519,-0.299336],[42.485044,-0.298489],[42.482544,-0.29772],[42.48002,-0.297029],[42.477477,-0.296418],[42.474915,-0.295888],[42.472338,-0.295438],[42.469748,-0.29507],[42.467147,-0.294783],[42.464539,-0.294577],[42.461926,-0.294454],[42.45931,-0.294413]]]}},{"type":"Feature","id":6,"properties":{"_id":"6956ca63c650190331aaeea7","createdBy":"eBT9qSrxquPVguazo7MwJzzaf2p1","createdAt":"2026-01-01T19:26:27.961Z","updatedBy":"eBT9qSrxquPVguazo7MwJzzaf2p1","updatedAt":"2026-01-01T19:30:06.107Z","name":"BAIDAO AFIS","dataIngestion":true,"type":13,"icaoClass":6,"activity":0,"onDemand":false,"onRequest":false,"byNotam":false,"specialAgreement":false,"requestCompliance":false,"country":"SO","upperLimit":{"value":4500,"unit":1,"referenceDatum":1},"lowerLimit":{"value":0,"unit":1,"referenceDatum":0},"hoursOfOperation":{"operatingHours":[{"dayOfWeek":0,"startTime":"00:00","endTime":"00:00","byNotam":false,"sunrise":false,"sunset":false,"publicHolidaysExcluded":false},{"dayOfWeek":1,"startTime":"00:00","endTime":"00:00","byNotam":false,"sunrise":false,"sunset":false,"publicHolidaysExcluded":false},{"dayOfWeek":2,"startTime":"00:00","endTime":"00:00","byNotam":false,"sunrise":false,"sunset":false,"publicHolidaysExcluded":false},{"dayOfWeek":3,"startTime":"00:00","endTime":"00:00","byNotam":false,"sunrise":false,"sunset":false,"publicHolidaysExcluded":false},{"dayOfWeek":4,"startTime":"00:00","endTime":"00:00","byNotam":false,"sunrise":false,"sunset":false,"publicHolidaysExcluded":false},{"dayOfWeek":5,"startTime":"00:00","endTime":"00:00","byNotam":false,"sunrise":false,"sunset":false,"publicHolidaysExcluded":false},{"dayOfWeek":6,"startTime":"00:00","endTime":"00:00","byNotam":false,"sunrise":false,"sunset":false,"publicHolidaysExcluded":false}]},"deletable":true},"geometry":{"type":"Polygon","coordinates":[[[47.45508,7.030721],[47.447173,7.030598],[47.439274,7.030228],[47.431391,7.029612],[47.423531,7.02875],[47.415702,7.027644],[47.407912,7.026294],[47.400169,7.024701],[47.39248,7.022868],[47.384853,7.020796],[47.377295,7.018487],[47.369814,7.015944],[47.362418,7.013168],[47.355113,7.010163],[47.347907,7.006932],[47.340807,7.003478],[47.333819,6.999804],[47.326952,6.995913],[47.320211,6.991811],[47.313604,6.9875],[47.307136,6.982985],[47.300814,6.978271],[47.294645,6.973362],[47.288635,6.968263],[47.282788,6.962978],[47.277112,6.957515],[47.271612,6.951877],[47.266293,6.94607],[47.261161,6.9401],[47.25622,6.933973],[47.251476,6.927694],[47.246933,6.921271],[47.242595,6.91471],[47.238467,6.908016],[47.234554,6.901197],[47.230858,6.894259],[47.227383,6.88721],[47.224133,6.880055],[47.221112,6.872803],[47.218321,6.86546],[47.215764,6.858033],[47.213444,6.850531],[47.211362,6.84296],[47.20952,6.835327],[47.207921,6.827641],[47.206566,6.819909],[47.205457,6.812138],[47.204593,6.804337],[47.203977,6.796512],[47.203609,6.788673],[47.203489,6.780825],[47.203617,6.772978],[47.203994,6.765139],[47.204618,6.757315],[47.205489,6.749514],[47.206607,6.741745],[47.207969,6.734014],[47.209576,6.72633],[47.211424,6.718699],[47.213514,6.71113],[47.215841,6.70363],[47.218404,6.696206],[47.221201,6.688865],[47.224228,6.681616],[47.227484,6.674464],[47.230963,6.667418],[47.234664,6.660483],[47.238582,6.653668],[47.242713,6.646978],[47.247054,6.64042],[47.2516,6.634001],[47.256347,6.627727],[47.261289,6.621603],[47.266423,6.615638],[47.271743,6.609835],[47.277243,6.604201],[47.282919,6.598741],[47.288764,6.593461],[47.294773,6.588366],[47.300941,6.583461],[47.30726,6.57875],[47.313725,6.574239],[47.320329,6.569932],[47.327066,6.565833],[47.33393,6.561946],[47.340912,6.558276],[47.348007,6.554824],[47.355208,6.551596],[47.362507,6.548594],[47.369898,6.545821],[47.377372,6.54328],[47.384923,6.540974],[47.392543,6.538904],[47.400225,6.537073],[47.40796,6.535482],[47.415742,6.534133],[47.423563,6.533028],[47.431415,6.532167],[47.439291,6.531552],[47.447181,6.531182],[47.45508,6.531059],[47.462979,6.531182],[47.470869,6.531552],[47.478745,6.532167],[47.486597,6.533028],[47.494418,6.534133],[47.5022,6.535482],[47.509935,6.537073],[47.517617,6.538904],[47.525237,6.540974],[47.532788,6.54328],[47.540262,6.545821],[47.547653,6.548594],[47.554952,6.551596],[47.562153,6.554824],[47.569248,6.558276],[47.57623,6.561946],[47.583094,6.565833],[47.589831,6.569932],[47.596435,6.574239],[47.6029,6.57875],[47.609219,6.583461],[47.615387,6.588366],[47.621396,6.593461],[47.627241,6.598741],[47.632917,6.604201],[47.638417,6.609835],[47.643737,6.615638],[47.648871,6.621603],[47.653813,6.627727],[47.65856,6.634001],[47.663106,6.64042],[47.667447,6.646978],[47.671578,6.653668],[47.675496,6.660483],[47.679197,6.667418],[47.682676,6.674464],[47.685932,6.681616],[47.688959,6.688865],[47.691756,6.696206],[47.694319,6.70363],[47.696646,6.71113],[47.698736,6.718699],[47.700584,6.72633],[47.702191,6.734014],[47.703553,6.741745],[47.704671,6.749514],[47.705542,6.757315],[47.706166,6.765139],[47.706543,6.772978],[47.706671,6.780825],[47.706551,6.788673],[47.706183,6.796512],[47.705567,6.804337],[47.704703,6.812138],[47.703594,6.819909],[47.702239,6.827641],[47.70064,6.835327],[47.698798,6.84296],[47.696716,6.850531],[47.694396,6.858033],[47.691839,6.86546],[47.689048,6.872803],[47.686027,6.880055],[47.682777,6.88721],[47.679302,6.894259],[47.675606,6.901197],[47.671693,6.908016],[47.667565,6.91471],[47.663227,6.921271],[47.658684,6.927694],[47.65394,6.933973],[47.648999,6.9401],[47.643867,6.94607],[47.638548,6.951877],[47.633048,6.957515],[47.627372,6.962978],[47.621525,6.968263],[47.615515,6.973362],[47.609346,6.978271],[47.603024,6.982985],[47.596556,6.9875],[47.589949,6.991811],[47.583208,6.995913],[47.576341,6.999804],[47.569353,7.003478],[47.562253,7.006932],[47.555047,7.010163],[47.547742,7.013168],[47.540346,7.015944],[47.532865,7.018487],[47.525307,7.020796],[47.51768,7.022868],[47.509991,7.024701],[47.502248,7.026294],[47.494458,7.027644],[47.486629,7.02875],[47.478769,7.029612],[47.470886,7.030228],[47.462987,7.030598],[47.45508,7.030721]]]}},{"type":"Feature","id":7,"properties":{"_id":"6956ca63c650190331aaeeaa","createdBy":"eBT9qSrxquPVguazo7MwJzzaf2p1","createdAt":"2026-01-01T19:26:27.980Z","updatedBy":"eBT9qSrxquPVguazo7MwJzzaf2p1","updatedAt":"2026-01-01T19:30:06.208Z","name":"GALKAIO AFIS","dataIngestion":true,"type":13,"icaoClass":6,"activity":0,"onDemand":false,"onRequest":false,"byNotam":false,"specialAgreement":false,"requestCompliance":false,"country":"SO","upperLimit":{"value":4000,"unit":1,"referenceDatum":1},"lowerLimit":{"value":0,"unit":1,"referenceDatum":0},"hoursOfOperation":{"operatingHours":[{"dayOfWeek":0,"startTime":"00:00","endTime":"00:00","byNotam":false,"sunrise":false,"sunset":false,"publicHolidaysExcluded":false},{"dayOfWeek":1,"startTime":"00:00","endTime":"00:00","byNotam":false,"sunrise":false,"sunset":false,"publicHolidaysExcluded":false},{"dayOfWeek":2,"startTime":"00:00","endTime":"00:00","byNotam":false,"sunrise":false,"sunset":false,"publicHolidaysExcluded":false},{"dayOfWeek":3,"startTime":"00:00","endTime":"00:00","byNotam":false,"sunrise":false,"sunset":false,"publicHolidaysExcluded":false},{"dayOfWeek":4,"startTime":"00:00","endTime":"00:00","byNotam":false,"sunrise":false,"sunset":false,"publicHolidaysExcluded":false},{"dayOfWeek":5,"startTime":"00:00","endTime":"00:00","byNotam":false,"sunrise":false,"sunset":false,"publicHolidaysExcluded":false},{"dayOfWeek":6,"startTime":"00:00","endTime":"00:00","byNotam":false,"sunrise":false,"sunset":false,"publicHolidaysExcluded":false}]},"deletable":true},"geometry":{"type":"Polygon","coordinates":[[[47.45508,7.030721],[47.447173,7.030598],[47.439274,7.030228],[47.431391,7.029612],[47.423531,7.02875],[47.415702,7.027644],[47.407912,7.026294],[47.400169,7.024701],[47.39248,7.022868],[47.384853,7.020796],[47.377295,7.018487],[47.369814,7.015944],[47.362418,7.013168],[47.355113,7.010163],[47.347907,7.006932],[47.340807,7.003478],[47.333819,6.999804],[47.326952,6.995913],[47.320211,6.991811],[47.313604,6.9875],[47.307136,6.982985],[47.300814,6.978271],[47.294645,6.973362],[47.288635,6.968263],[47.282788,6.962978],[47.277112,6.957515],[47.271612,6.951877],[47.266293,6.94607],[47.261161,6.9401],[47.25622,6.933973],[47.251476,6.927694],[47.246933,6.921271],[47.242595,6.91471],[47.238467,6.908016],[47.234554,6.901197],[47.230858,6.894259],[47.227383,6.88721],[47.224133,6.880055],[47.221112,6.872803],[47.218321,6.86546],[47.215764,6.858033],[47.213444,6.850531],[47.211362,6.84296],[47.20952,6.835327],[47.207921,6.827641],[47.206566,6.819909],[47.205457,6.812138],[47.204593,6.804337],[47.203977,6.796512],[47.203609,6.788673],[47.203489,6.780825],[47.203617,6.772978],[47.203994,6.765139],[47.204618,6.757315],[47.205489,6.749514],[47.206607,6.741745],[47.207969,6.734014],[47.209576,6.72633],[47.211424,6.718699],[47.213514,6.71113],[47.215841,6.70363],[47.218404,6.696206],[47.221201,6.688865],[47.224228,6.681616],[47.227484,6.674464],[47.230963,6.667418],[47.234664,6.660483],[47.238582,6.653668],[47.242713,6.646978],[47.247054,6.64042],[47.2516,6.634001],[47.256347,6.627727],[47.261289,6.621603],[47.266423,6.615638],[47.271743,6.609835],[47.277243,6.604201],[47.282919,6.598741],[47.288764,6.593461],[47.294773,6.588366],[47.300941,6.583461],[47.30726,6.57875],[47.313725,6.574239],[47.320329,6.569932],[47.327066,6.565833],[47.33393,6.561946],[47.340912,6.558276],[47.348007,6.554824],[47.355208,6.551596],[47.362507,6.548594],[47.369898,6.545821],[47.377372,6.54328],[47.384923,6.540974],[47.392543,6.538904],[47.400225,6.537073],[47.40796,6.535482],[47.415742,6.534133],[47.423563,6.533028],[47.431415,6.532167],[47.439291,6.531552],[47.447181,6.531182],[47.45508,6.531059],[47.462979,6.531182],[47.470869,6.531552],[47.478745,6.532167],[47.486597,6.533028],[47.494418,6.534133],[47.5022,6.535482],[47.509935,6.537073],[47.517617,6.538904],[47.525237,6.540974],[47.532788,6.54328],[47.540262,6.545821],[47.547653,6.548594],[47.554952,6.551596],[47.562153,6.554824],[47.569248,6.558276],[47.57623,6.561946],[47.583094,6.565833],[47.589831,6.569932],[47.596435,6.574239],[47.6029,6.57875],[47.609219,6.583461],[47.615387,6.588366],[47.621396,6.593461],[47.627241,6.598741],[47.632917,6.604201],[47.638417,6.609835],[47.643737,6.615638],[47.648871,6.621603],[47.653813,6.627727],[47.65856,6.634001],[47.663106,6.64042],[47.667447,6.646978],[47.671578,6.653668],[47.675496,6.660483],[47.679197,6.667418],[47.682676,6.674464],[47.685932,6.681616],[47.688959,6.688865],[47.691756,6.696206],[47.694319,6.70363],[47.696646,6.71113],[47.698736,6.718699],[47.700584,6.72633],[47.702191,6.734014],[47.703553,6.741745],[47.704671,6.749514],[47.705542,6.757315],[47.706166,6.765139],[47.706543,6.772978],[47.706671,6.780825],[47.706551,6.788673],[47.706183,6.796512],[47.705567,6.804337],[47.704703,6.812138],[47.703594,6.819909],[47.702239,6.827641],[47.70064,6.835327],[47.698798,6.84296],[47.696716,6.850531],[47.694396,6.858033],[47.691839,6.86546],[47.689048,6.872803],[47.686027,6.880055],[47.682777,6.88721],[47.679302,6.894259],[47.675606,6.901197],[47.671693,6.908016],[47.667565,6.91471],[47.663227,6.921271],[47.658684,6.927694],[47.65394,6.933973],[47.648999,6.9401],[47.643867,6.94607],[47.638548,6.951877],[47.633048,6.957515],[47.627372,6.962978],[47.621525,6.968263],[47.615515,6.973362],[47.609346,6.978271],[47.603024,6.982985],[47.596556,6.9875],[47.589949,6.991811],[47.583208,6.995913],[47.576341,6.999804],[47.569353,7.003478],[47.562253,7.006932],[47.555047,7.010163],[47.547742,7.013168],[47.540346,7.015944],[47.532865,7.018487],[47.525307,7.020796],[47.51768,7.022868],[47.509991,7.024701],[47.502248,7.026294],[47.494458,7.027644],[47.486629,7.02875],[47.478769,7.029612],[47.470886,7.030228],[47.462987,7.030598],[47.45508,7.030721]]]}},{"type":"Feature","id":8,"properties":{"_id":"6956ca63c650190331aaeead","createdBy":"eBT9qSrxquPVguazo7MwJzzaf2p1","createdAt":"2026-01-01T19:26:27.999Z","updatedBy":"eBT9qSrxquPVguazo7MwJzzaf2p1","updatedAt":"2026-01-01T19:30:06.332Z","name":"DUSOMAREB AFIS","dataIngestion":true,"type":13,"icaoClass":6,"activity":0,"onDemand":false,"onRequest":false,"byNotam":false,"specialAgreement":false,"requestCompliance":false,"country":"SO","upperLimit":{"value":4000,"unit":1,"referenceDatum":1},"lowerLimit":{"value":0,"unit":1,"referenceDatum":0},"hoursOfOperation":{"operatingHours":[{"dayOfWeek":0,"startTime":"00:00","endTime":"00:00","byNotam":false,"sunrise":false,"sunset":false,"publicHolidaysExcluded":false},{"dayOfWeek":1,"startTime":"00:00","endTime":"00:00","byNotam":false,"sunrise":false,"sunset":false,"publicHolidaysExcluded":false},{"dayOfWeek":2,"startTime":"00:00","endTime":"00:00","byNotam":false,"sunrise":false,"sunset":false,"publicHolidaysExcluded":false},{"dayOfWeek":3,"startTime":"00:00","endTime":"00:00","byNotam":false,"sunrise":false,"sunset":false,"publicHolidaysExcluded":false},{"dayOfWeek":4,"startTime":"00:00","endTime":"00:00","byNotam":false,"sunrise":false,"sunset":false,"publicHolidaysExcluded":false},{"dayOfWeek":5,"startTime":"00:00","endTime":"00:00","byNotam":false,"sunrise":false,"sunset":false,"publicHolidaysExcluded":false},{"dayOfWeek":6,"startTime":"00:00","endTime":"00:00","byNotam":false,"sunrise":false,"sunset":false,"publicHolidaysExcluded":false}]},"deletable":true},"geometry":{"type":"Polygon","coordinates":[[[46.35979,5.721851],[46.351903,5.721728],[46.344024,5.721358],[46.336161,5.720742],[46.328321,5.71988],[46.320512,5.718774],[46.312742,5.717424],[46.305019,5.715832],[46.297349,5.713999],[46.289742,5.711927],[46.282203,5.709619],[46.274741,5.707075],[46.267364,5.7043],[46.260077,5.701295],[46.252889,5.698064],[46.245807,5.69461],[46.238837,5.690936],[46.231987,5.687047],[46.225263,5.682944],[46.218672,5.678634],[46.21222,5.674119],[46.205914,5.669406],[46.19976,5.664497],[46.193765,5.659398],[46.187933,5.654114],[46.182271,5.648651],[46.176784,5.643013],[46.171478,5.637207],[46.166359,5.631237],[46.16143,5.62511],[46.156697,5.618833],[46.152164,5.61241],[46.147837,5.605849],[46.143719,5.599155],[46.139814,5.592337],[46.136127,5.585399],[46.13266,5.57835],[46.129418,5.571196],[46.126403,5.563944],[46.123619,5.556601],[46.121068,5.549175],[46.118752,5.541672],[46.116675,5.534101],[46.114837,5.526469],[46.113241,5.518783],[46.111889,5.511051],[46.110781,5.503281],[46.109919,5.495479],[46.109304,5.487655],[46.108936,5.479815],[46.108815,5.471968],[46.108942,5.464121],[46.109317,5.456281],[46.109939,5.448457],[46.110807,5.440657],[46.111921,5.432887],[46.11328,5.425156],[46.114882,5.417471],[46.116725,5.409841],[46.118808,5.402271],[46.121129,5.394771],[46.123686,5.387347],[46.126475,5.380006],[46.129495,5.372756],[46.132741,5.365605],[46.136212,5.358558],[46.139903,5.351623],[46.143811,5.344807],[46.147932,5.338117],[46.152262,5.331559],[46.156796,5.325139],[46.161531,5.318864],[46.166461,5.312741],[46.171582,5.306775],[46.176889,5.300971],[46.182376,5.295337],[46.188038,5.289877],[46.193869,5.284596],[46.199863,5.279501],[46.206016,5.274595],[46.21232,5.269885],[46.218769,5.265373],[46.225358,5.261066],[46.232079,5.256966],[46.238926,5.253079],[46.245892,5.249408],[46.25297,5.245957],[46.260154,5.242728],[46.267435,5.239726],[46.274808,5.236953],[46.282265,5.234412],[46.289798,5.232105],[46.2974,5.230035],[46.305063,5.228203],[46.312781,5.226612],[46.320545,5.225263],[46.328347,5.224158],[46.336181,5.223297],[46.344038,5.222682],[46.35191,5.222312],[46.35979,5.222189],[46.36767,5.222312],[46.375542,5.222682],[46.383399,5.223297],[46.391233,5.224158],[46.399035,5.225263],[46.406799,5.226612],[46.414517,5.228203],[46.42218,5.230035],[46.429782,5.232105],[46.437315,5.234412],[46.444772,5.236953],[46.452145,5.239726],[46.459426,5.242728],[46.46661,5.245957],[46.473688,5.249408],[46.480654,5.253079],[46.487501,5.256966],[46.494222,5.261066],[46.500811,5.265373],[46.50726,5.269885],[46.513564,5.274595],[46.519717,5.279501],[46.525711,5.284596],[46.531542,5.289877],[46.537204,5.295337],[46.542691,5.300971],[46.547998,5.306775],[46.553119,5.312741],[46.558049,5.318864],[46.562784,5.325139],[46.567318,5.331559],[46.571648,5.338117],[46.575769,5.344807],[46.579677,5.351623],[46.583368,5.358558],[46.586839,5.365605],[46.590085,5.372756],[46.593105,5.380006],[46.595894,5.387347],[46.598451,5.394771],[46.600772,5.402271],[46.602855,5.409841],[46.604698,5.417471],[46.6063,5.425156],[46.607659,5.432887],[46.608773,5.440657],[46.609641,5.448457],[46.610263,5.456281],[46.610638,5.464121],[46.610765,5.471968],[46.610644,5.479815],[46.610276,5.487655],[46.609661,5.495479],[46.608799,5.503281],[46.607691,5.511051],[46.606339,5.518783],[46.604743,5.526469],[46.602905,5.534101],[46.600828,5.541672],[46.598512,5.549175],[46.595961,5.556601],[46.593177,5.563944],[46.590162,5.571196],[46.58692,5.57835],[46.583453,5.585399],[46.579766,5.592337],[46.575861,5.599155],[46.571743,5.605849],[46.567416,5.61241],[46.562883,5.618833],[46.55815,5.62511],[46.553221,5.631237],[46.548102,5.637207],[46.542796,5.643013],[46.537309,5.648651],[46.531647,5.654114],[46.525815,5.659398],[46.51982,5.664497],[46.513666,5.669406],[46.50736,5.674119],[46.500908,5.678634],[46.494317,5.682944],[46.487593,5.687047],[46.480743,5.690936],[46.473773,5.69461],[46.466691,5.698064],[46.459503,5.701295],[46.452216,5.7043],[46.444839,5.707075],[46.437377,5.709619],[46.429838,5.711927],[46.422231,5.713999],[46.414561,5.715832],[46.406838,5.717424],[46.399068,5.718774],[46.391259,5.71988],[46.383419,5.720742],[46.375556,5.721358],[46.367677,5.721728],[46.35979,5.721851]]]}},{"type":"Feature","id":9,"properties":{"_id":"6956ca64c650190331aaeeb0","createdBy":"eBT9qSrxquPVguazo7MwJzzaf2p1","createdAt":"2026-01-01T19:26:28.017Z","updatedBy":"eBT9qSrxquPVguazo7MwJzzaf2p1","updatedAt":"2026-01-01T19:30:06.444Z","name":"BERBERA AFIS","dataIngestion":true,"type":13,"icaoClass":6,"activity":0,"onDemand":false,"onRequest":false,"byNotam":false,"specialAgreement":false,"requestCompliance":false,"country":"SO","upperLimit":{"value":3000,"unit":1,"referenceDatum":1},"lowerLimit":{"value":0,"unit":1,"referenceDatum":0},"hoursOfOperation":{"operatingHours":[{"dayOfWeek":0,"startTime":"00:00","endTime":"00:00","byNotam":false,"sunrise":false,"sunset":false,"publicHolidaysExcluded":false},{"dayOfWeek":1,"startTime":"00:00","endTime":"00:00","byNotam":false,"sunrise":false,"sunset":false,"publicHolidaysExcluded":false},{"dayOfWeek":2,"startTime":"00:00","endTime":"00:00","byNotam":false,"sunrise":false,"sunset":false,"publicHolidaysExcluded":false},{"dayOfWeek":3,"startTime":"00:00","endTime":"00:00","byNotam":false,"sunrise":false,"sunset":false,"publicHolidaysExcluded":false},{"dayOfWeek":4,"startTime":"00:00","endTime":"00:00","byNotam":false,"sunrise":false,"sunset":false,"publicHolidaysExcluded":false},{"dayOfWeek":5,"startTime":"00:00","endTime":"00:00","byNotam":false,"sunrise":false,"sunset":false,"publicHolidaysExcluded":false},{"dayOfWeek":6,"startTime":"00:00","endTime":"00:00","byNotam":false,"sunrise":false,"sunset":false,"publicHolidaysExcluded":false}]},"deletable":true},"geometry":{"type":"Polygon","coordinates":[[[44.94194,10.472997],[44.93928,10.472956],[44.936622,10.472833],[44.93397,10.472627],[44.931326,10.47234],[44.928692,10.471972],[44.926071,10.471522],[44.923466,10.470991],[44.920879,10.47038],[44.918313,10.46969],[44.91577,10.46892],[44.913253,10.468073],[44.910765,10.467148],[44.908307,10.466146],[44.905883,10.465069],[44.903494,10.463918],[44.901143,10.462694],[44.898832,10.461397],[44.896564,10.46003],[44.894341,10.458593],[44.892164,10.457089],[44.890037,10.455518],[44.887961,10.453882],[44.885939,10.452182],[44.883971,10.450421],[44.882061,10.4486],[44.88021,10.446721],[44.87842,10.444786],[44.876693,10.442796],[44.87503,10.440754],[44.873434,10.438662],[44.871905,10.436521],[44.870445,10.434334],[44.869055,10.432103],[44.867738,10.42983],[44.866494,10.427518],[44.865324,10.425169],[44.86423,10.422784],[44.863213,10.420367],[44.862273,10.417919],[44.861412,10.415444],[44.86063,10.412943],[44.859929,10.41042],[44.859309,10.407876],[44.85877,10.405314],[44.858314,10.402737],[44.85794,10.400146],[44.857648,10.397546],[44.85744,10.394938],[44.857316,10.392325],[44.857275,10.389709],[44.857317,10.387093],[44.857443,10.38448],[44.857653,10.381872],[44.857945,10.379272],[44.858321,10.376682],[44.858779,10.374105],[44.859319,10.371543],[44.85994,10.368999],[44.860643,10.366476],[44.861425,10.363976],[44.862287,10.361501],[44.863228,10.359054],[44.864246,10.356637],[44.865341,10.354253],[44.866512,10.351904],[44.867757,10.349592],[44.869075,10.34732],[44.870465,10.34509],[44.871925,10.342904],[44.873455,10.340764],[44.875052,10.338672],[44.876715,10.336631],[44.878443,10.334642],[44.880233,10.332707],[44.882084,10.330829],[44.883994,10.329008],[44.885961,10.327248],[44.887983,10.325549],[44.890059,10.323914],[44.892186,10.322344],[44.894362,10.32084],[44.896584,10.319404],[44.898852,10.318037],[44.901162,10.316741],[44.903512,10.315517],[44.9059,10.314367],[44.908324,10.31329],[44.91078,10.312289],[44.913268,10.311365],[44.915784,10.310518],[44.918325,10.309749],[44.92089,10.309059],[44.923476,10.308448],[44.926079,10.307918],[44.928699,10.307468],[44.931331,10.307099],[44.933974,10.306812],[44.936625,10.306607],[44.939281,10.306484],[44.94194,10.306443],[44.944599,10.306484],[44.947255,10.306607],[44.949906,10.306812],[44.952549,10.307099],[44.955181,10.307468],[44.957801,10.307918],[44.960404,10.308448],[44.96299,10.309059],[44.965555,10.309749],[44.968096,10.310518],[44.970612,10.311365],[44.9731,10.312289],[44.975556,10.31329],[44.97798,10.314367],[44.980368,10.315517],[44.982718,10.316741],[44.985028,10.318037],[44.987296,10.319404],[44.989518,10.32084],[44.991694,10.322344],[44.993821,10.323914],[44.995897,10.325549],[44.997919,10.327248],[44.999886,10.329008],[45.001796,10.330829],[45.003647,10.332707],[45.005437,10.334642],[45.007165,10.336631],[45.008828,10.338672],[45.010425,10.340764],[45.011955,10.342904],[45.013415,10.34509],[45.014805,10.34732],[45.016123,10.349592],[45.017368,10.351904],[45.018539,10.354253],[45.019634,10.356637],[45.020652,10.359054],[45.021593,10.361501],[45.022455,10.363976],[45.023237,10.366476],[45.02394,10.368999],[45.024561,10.371543],[45.025101,10.374105],[45.025559,10.376682],[45.025935,10.379272],[45.026227,10.381872],[45.026437,10.38448],[45.026563,10.387093],[45.026605,10.389709],[45.026564,10.392325],[45.02644,10.394938],[45.026232,10.397546],[45.02594,10.400146],[45.025566,10.402737],[45.02511,10.405314],[45.024571,10.407876],[45.023951,10.41042],[45.02325,10.412943],[45.022468,10.415444],[45.021607,10.417919],[45.020667,10.420367],[45.01965,10.422784],[45.018556,10.425169],[45.017386,10.427518],[45.016142,10.42983],[45.014825,10.432103],[45.013435,10.434334],[45.011975,10.436521],[45.010446,10.438662],[45.00885,10.440754],[45.007187,10.442796],[45.00546,10.444786],[45.00367,10.446721],[45.001819,10.4486],[44.999909,10.450421],[44.997941,10.452182],[44.995919,10.453882],[44.993843,10.455518],[44.991716,10.457089],[44.989539,10.458593],[44.987316,10.46003],[44.985048,10.461397],[44.982737,10.462694],[44.980386,10.463918],[44.977997,10.465069],[44.975573,10.466146],[44.973115,10.467148],[44.970627,10.468073],[44.96811,10.46892],[44.965567,10.46969],[44.963001,10.47038],[44.960414,10.470991],[44.957809,10.471522],[44.955188,10.471972],[44.952554,10.47234],[44.94991,10.472627],[44.947258,10.472833],[44.9446,10.472956],[44.94194,10.472997]]]}},{"type":"Feature","id":10,"properties":{"_id":"6956ca64c650190331aaeeb3","createdBy":"eBT9qSrxquPVguazo7MwJzzaf2p1","createdAt":"2026-01-01T19:26:28.047Z","updatedBy":"eBT9qSrxquPVguazo7MwJzzaf2p1","updatedAt":"2026-01-01T19:30:06.559Z","name":"ADADO AFIS","dataIngestion":true,"type":13,"icaoClass":6,"activity":0,"onDemand":false,"onRequest":false,"byNotam":false,"specialAgreement":false,"requestCompliance":false,"country":"SO","upperLimit":{"value":4500,"unit":1,"referenceDatum":1},"lowerLimit":{"value":0,"unit":1,"referenceDatum":0},"hoursOfOperation":{"operatingHours":[{"dayOfWeek":0,"startTime":"00:00","endTime":"00:00","byNotam":false,"sunrise":false,"sunset":false,"publicHolidaysExcluded":false},{"dayOfWeek":1,"startTime":"00:00","endTime":"00:00","byNotam":false,"sunrise":false,"sunset":false,"publicHolidaysExcluded":false},{"dayOfWeek":2,"startTime":"00:00","endTime":"00:00","byNotam":false,"sunrise":false,"sunset":false,"publicHolidaysExcluded":false},{"dayOfWeek":3,"startTime":"00:00","endTime":"00:00","byNotam":false,"sunrise":false,"sunset":false,"publicHolidaysExcluded":false},{"dayOfWeek":4,"startTime":"00:00","endTime":"00:00","byNotam":false,"sunrise":false,"sunset":false,"publicHolidaysExcluded":false},{"dayOfWeek":5,"startTime":"00:00","endTime":"00:00","byNotam":false,"sunrise":false,"sunset":false,"publicHolidaysExcluded":false},{"dayOfWeek":6,"startTime":"00:00","endTime":"00:00","byNotam":false,"sunrise":false,"sunset":false,"publicHolidaysExcluded":false}]},"deletable":true},"geometry":{"type":"Polygon","coordinates":[[[46.63733,6.345861],[46.629434,6.345738],[46.621546,6.345368],[46.613674,6.344752],[46.605825,6.34389],[46.598007,6.342784],[46.590228,6.341434],[46.582496,6.339842],[46.574818,6.338009],[46.567201,6.335937],[46.559654,6.333628],[46.552184,6.331085],[46.544797,6.328309],[46.537503,6.325304],[46.530306,6.322073],[46.523216,6.318619],[46.516238,6.314945],[46.50938,6.311055],[46.502649,6.306953],[46.49605,6.302642],[46.489592,6.298127],[46.483279,6.293413],[46.477118,6.288504],[46.471115,6.283405],[46.465277,6.278122],[46.459609,6.272658],[46.454116,6.26702],[46.448805,6.261213],[46.443679,6.255244],[46.438745,6.249117],[46.434007,6.242839],[46.42947,6.236416],[46.425138,6.229854],[46.421015,6.223161],[46.417107,6.216342],[46.413415,6.209405],[46.409945,6.202355],[46.406699,6.195201],[46.403682,6.187948],[46.400894,6.180606],[46.398341,6.173179],[46.396023,6.165677],[46.393943,6.158106],[46.392104,6.150473],[46.390507,6.142787],[46.389153,6.135055],[46.388045,6.127285],[46.387182,6.119483],[46.386567,6.111659],[46.386198,6.103819],[46.386078,6.095972],[46.386206,6.088125],[46.386581,6.080285],[46.387204,6.072461],[46.388074,6.064661],[46.389189,6.056891],[46.39055,6.04916],[46.392154,6.041476],[46.394,6.033845],[46.396086,6.026276],[46.398409,6.018776],[46.400969,6.011351],[46.403762,6.004011],[46.406785,5.996761],[46.410035,5.98961],[46.41351,5.982563],[46.417205,5.975629],[46.421118,5.968813],[46.425244,5.962123],[46.429578,5.955565],[46.434118,5.949145],[46.438858,5.942871],[46.443794,5.936747],[46.448921,5.930781],[46.454233,5.924978],[46.459726,5.919344],[46.465394,5.913884],[46.471232,5.908604],[46.477233,5.903508],[46.483392,5.898603],[46.489703,5.893892],[46.496159,5.889381],[46.502755,5.885074],[46.509483,5.880975],[46.516337,5.877088],[46.523311,5.873417],[46.530397,5.869966],[46.537588,5.866737],[46.544878,5.863735],[46.552258,5.860962],[46.559723,5.858421],[46.567264,5.856114],[46.574874,5.854044],[46.582546,5.852213],[46.590271,5.850622],[46.598043,5.849273],[46.605854,5.848168],[46.613696,5.847307],[46.621561,5.846692],[46.629442,5.846322],[46.63733,5.846199],[46.645218,5.846322],[46.653099,5.846692],[46.660964,5.847307],[46.668806,5.848168],[46.676617,5.849273],[46.684389,5.850622],[46.692114,5.852213],[46.699786,5.854044],[46.707396,5.856114],[46.714937,5.858421],[46.722402,5.860962],[46.729782,5.863735],[46.737072,5.866737],[46.744263,5.869966],[46.751349,5.873417],[46.758323,5.877088],[46.765177,5.880975],[46.771905,5.885074],[46.778501,5.889381],[46.784957,5.893892],[46.791268,5.898603],[46.797427,5.903508],[46.803428,5.908604],[46.809266,5.913884],[46.814934,5.919344],[46.820427,5.924978],[46.825739,5.930781],[46.830866,5.936747],[46.835802,5.942871],[46.840542,5.949145],[46.845082,5.955565],[46.849416,5.962123],[46.853542,5.968813],[46.857455,5.975629],[46.86115,5.982563],[46.864625,5.98961],[46.867875,5.996761],[46.870898,6.004011],[46.873691,6.011351],[46.876251,6.018776],[46.878574,6.026276],[46.88066,6.033845],[46.882506,6.041476],[46.88411,6.04916],[46.885471,6.056891],[46.886586,6.064661],[46.887456,6.072461],[46.888079,6.080285],[46.888454,6.088125],[46.888582,6.095972],[46.888462,6.103819],[46.888093,6.111659],[46.887478,6.119483],[46.886615,6.127285],[46.885507,6.135055],[46.884153,6.142787],[46.882556,6.150473],[46.880717,6.158106],[46.878637,6.165677],[46.876319,6.173179],[46.873766,6.180606],[46.870978,6.187948],[46.867961,6.195201],[46.864715,6.202355],[46.861245,6.209405],[46.857553,6.216342],[46.853645,6.223161],[46.849522,6.229854],[46.84519,6.236416],[46.840653,6.242839],[46.835915,6.249117],[46.830981,6.255244],[46.825855,6.261213],[46.820544,6.26702],[46.815051,6.272658],[46.809383,6.278122],[46.803545,6.283405],[46.797542,6.288504],[46.791381,6.293413],[46.785068,6.298127],[46.77861,6.302642],[46.772011,6.306953],[46.76528,6.311055],[46.758422,6.314945],[46.751444,6.318619],[46.744354,6.322073],[46.737157,6.325304],[46.729863,6.328309],[46.722476,6.331085],[46.715006,6.333628],[46.707459,6.335937],[46.699842,6.338009],[46.692164,6.339842],[46.684432,6.341434],[46.676653,6.342784],[46.668835,6.34389],[46.660986,6.344752],[46.653114,6.345368],[46.645226,6.345738],[46.63733,6.345861]]]}},{"type":"Feature","id":11,"properties":{"_id":"6956ca64c650190331aaeeb6","createdBy":"eBT9qSrxquPVguazo7MwJzzaf2p1","createdAt":"2026-01-01T19:26:28.063Z","updatedBy":"eBT9qSrxquPVguazo7MwJzzaf2p1","updatedAt":"2026-01-01T19:30:06.659Z","name":"DOLOW AFIS","dataIngestion":true,"type":13,"icaoClass":6,"activity":0,"onDemand":false,"onRequest":false,"byNotam":false,"specialAgreement":false,"requestCompliance":false,"country":"SO","upperLimit":{"value":4000,"unit":1,"referenceDatum":1},"lowerLimit":{"value":0,"unit":1,"referenceDatum":0},"hoursOfOperation":{"operatingHours":[{"dayOfWeek":0,"startTime":"00:00","endTime":"00:00","byNotam":false,"sunrise":false,"sunset":false,"publicHolidaysExcluded":false},{"dayOfWeek":1,"startTime":"00:00","endTime":"00:00","byNotam":false,"sunrise":false,"sunset":false,"publicHolidaysExcluded":false},{"dayOfWeek":2,"startTime":"00:00","endTime":"00:00","byNotam":false,"sunrise":false,"sunset":false,"publicHolidaysExcluded":false},{"dayOfWeek":3,"startTime":"00:00","endTime":"00:00","byNotam":false,"sunrise":false,"sunset":false,"publicHolidaysExcluded":false},{"dayOfWeek":4,"startTime":"00:00","endTime":"00:00","byNotam":false,"sunrise":false,"sunset":false,"publicHolidaysExcluded":false},{"dayOfWeek":5,"startTime":"00:00","endTime":"00:00","byNotam":false,"sunrise":false,"sunset":false,"publicHolidaysExcluded":false},{"dayOfWeek":6,"startTime":"00:00","endTime":"00:00","byNotam":false,"sunrise":false,"sunset":false,"publicHolidaysExcluded":false}]},"deletable":true},"geometry":{"type":"Polygon","coordinates":[[[42.08122,4.399131],[42.073349,4.399008],[42.065487,4.398638],[42.057639,4.398022],[42.049816,4.397161],[42.042023,4.396054],[42.034268,4.394705],[42.026561,4.393113],[42.018907,4.39128],[42.011315,4.389208],[42.003791,4.3869],[41.996345,4.384357],[41.988982,4.381582],[41.98171,4.378577],[41.974536,4.375347],[41.967468,4.371893],[41.960513,4.368219],[41.953676,4.36433],[41.946965,4.360228],[41.940388,4.355918],[41.933949,4.351404],[41.927655,4.34669],[41.921514,4.341782],[41.91553,4.336684],[41.909709,4.3314],[41.904058,4.325937],[41.898582,4.3203],[41.893287,4.314494],[41.888176,4.308525],[41.883257,4.302398],[41.878533,4.296121],[41.874009,4.289699],[41.86969,4.283138],[41.86558,4.276445],[41.861682,4.269626],[41.858001,4.262689],[41.854541,4.25564],[41.851305,4.248486],[41.848295,4.241235],[41.845515,4.233892],[41.842969,4.226466],[41.840657,4.218964],[41.838583,4.211393],[41.836748,4.203761],[41.835154,4.196075],[41.833804,4.188344],[41.832698,4.180573],[41.831836,4.172772],[41.831222,4.164948],[41.830853,4.157108],[41.830732,4.14926],[41.830858,4.141413],[41.831231,4.133574],[41.831851,4.12575],[41.832717,4.117949],[41.833828,4.110179],[41.835184,4.102448],[41.836782,4.094764],[41.838621,4.087133],[41.840699,4.079563],[41.843015,4.072062],[41.845566,4.064638],[41.848349,4.057297],[41.851362,4.050047],[41.854602,4.042895],[41.858066,4.035848],[41.861749,4.028913],[41.865649,4.022097],[41.869762,4.015406],[41.874083,4.008847],[41.878608,4.002427],[41.883334,3.996152],[41.888254,3.990028],[41.893365,3.984062],[41.898661,3.978258],[41.904137,3.972623],[41.909788,3.967163],[41.915608,3.961882],[41.921591,3.956786],[41.927732,3.95188],[41.934024,3.947169],[41.940461,3.942657],[41.947037,3.938349],[41.953745,3.93425],[41.960579,3.930362],[41.967532,3.926691],[41.974597,3.923239],[41.981768,3.92001],[41.989036,3.917008],[41.996395,3.914234],[42.003838,3.911693],[42.011357,3.909386],[42.018945,3.907315],[42.026594,3.905484],[42.034298,3.903893],[42.042047,3.902544],[42.049835,3.901438],[42.057654,3.900577],[42.065497,3.899962],[42.073354,3.899592],[42.08122,3.899469],[42.089086,3.899592],[42.096943,3.899962],[42.104786,3.900577],[42.112605,3.901438],[42.120393,3.902544],[42.128142,3.903893],[42.135846,3.905484],[42.143495,3.907315],[42.151083,3.909386],[42.158602,3.911693],[42.166045,3.914234],[42.173404,3.917008],[42.180672,3.92001],[42.187843,3.923239],[42.194908,3.926691],[42.201861,3.930362],[42.208695,3.93425],[42.215403,3.938349],[42.221979,3.942657],[42.228416,3.947169],[42.234708,3.95188],[42.240849,3.956786],[42.246832,3.961882],[42.252652,3.967163],[42.258303,3.972623],[42.263779,3.978258],[42.269075,3.984062],[42.274186,3.990028],[42.279106,3.996152],[42.283832,4.002427],[42.288357,4.008847],[42.292678,4.015406],[42.296791,4.022097],[42.300691,4.028913],[42.304374,4.035848],[42.307838,4.042895],[42.311078,4.050047],[42.314091,4.057297],[42.316874,4.064638],[42.319425,4.072062],[42.321741,4.079563],[42.323819,4.087133],[42.325658,4.094764],[42.327256,4.102448],[42.328612,4.110179],[42.329723,4.117949],[42.330589,4.12575],[42.331209,4.133574],[42.331582,4.141413],[42.331708,4.14926],[42.331587,4.157108],[42.331218,4.164948],[42.330604,4.172772],[42.329742,4.180573],[42.328636,4.188344],[42.327286,4.196075],[42.325692,4.203761],[42.323857,4.211393],[42.321783,4.218964],[42.319471,4.226466],[42.316925,4.233892],[42.314145,4.241235],[42.311135,4.248486],[42.307899,4.25564],[42.304439,4.262689],[42.300758,4.269626],[42.29686,4.276445],[42.29275,4.283138],[42.288431,4.289699],[42.283907,4.296121],[42.279183,4.302398],[42.274264,4.308525],[42.269153,4.314494],[42.263858,4.3203],[42.258382,4.325937],[42.252731,4.3314],[42.24691,4.336684],[42.240926,4.341782],[42.234785,4.34669],[42.228491,4.351404],[42.222052,4.355918],[42.215475,4.360228],[42.208764,4.36433],[42.201927,4.368219],[42.194972,4.371893],[42.187904,4.375347],[42.18073,4.378577],[42.173458,4.381582],[42.166095,4.384357],[42.158649,4.3869],[42.151125,4.389208],[42.143533,4.39128],[42.135879,4.393113],[42.128172,4.394705],[42.120417,4.396054],[42.112624,4.397161],[42.104801,4.398022],[42.096953,4.398638],[42.089091,4.399008],[42.08122,4.399131]]]}},{"type":"Feature","id":12,"properties":{"_id":"6956ca64c650190331aaeeb9","createdBy":"eBT9qSrxquPVguazo7MwJzzaf2p1","createdAt":"2026-01-01T19:26:28.079Z","updatedBy":"eBT9qSrxquPVguazo7MwJzzaf2p1","updatedAt":"2026-01-01T19:30:06.777Z","name":"DHOBLEY AFIS","dataIngestion":true,"type":13,"icaoClass":6,"activity":0,"onDemand":false,"onRequest":false,"byNotam":false,"specialAgreement":false,"requestCompliance":false,"country":"SO","upperLimit":{"value":4000,"unit":1,"referenceDatum":1},"lowerLimit":{"value":0,"unit":1,"referenceDatum":0},"hoursOfOperation":{"operatingHours":[{"dayOfWeek":0,"startTime":"00:00","endTime":"00:00","byNotam":false,"sunrise":false,"sunset":false,"publicHolidaysExcluded":false},{"dayOfWeek":1,"startTime":"00:00","endTime":"00:00","byNotam":false,"sunrise":false,"sunset":false,"publicHolidaysExcluded":false},{"dayOfWeek":2,"startTime":"00:00","endTime":"00:00","byNotam":false,"sunrise":false,"sunset":false,"publicHolidaysExcluded":false},{"dayOfWeek":3,"startTime":"00:00","endTime":"00:00","byNotam":false,"sunrise":false,"sunset":false,"publicHolidaysExcluded":false},{"dayOfWeek":4,"startTime":"00:00","endTime":"00:00","byNotam":false,"sunrise":false,"sunset":false,"publicHolidaysExcluded":false},{"dayOfWeek":5,"startTime":"00:00","endTime":"00:00","byNotam":false,"sunrise":false,"sunset":false,"publicHolidaysExcluded":false},{"dayOfWeek":6,"startTime":"00:00","endTime":"00:00","byNotam":false,"sunrise":false,"sunset":false,"publicHolidaysExcluded":false}]},"deletable":true},"geometry":{"type":"Polygon","coordinates":[[[40.99623,0.651871],[40.988382,0.651748],[40.980542,0.651378],[40.972717,0.650762],[40.964916,0.649901],[40.957145,0.648795],[40.949413,0.647446],[40.941728,0.645854],[40.934096,0.644022],[40.926525,0.641951],[40.919023,0.639643],[40.911598,0.637101],[40.904256,0.634327],[40.897004,0.631323],[40.889851,0.628093],[40.882803,0.62464],[40.875866,0.620968],[40.869048,0.617079],[40.862356,0.612978],[40.855796,0.608669],[40.849375,0.604156],[40.843099,0.599444],[40.836973,0.594536],[40.831005,0.589439],[40.8252,0.584157],[40.819564,0.578695],[40.814102,0.573059],[40.80882,0.567254],[40.803723,0.561286],[40.798816,0.555161],[40.794103,0.548884],[40.78959,0.542463],[40.785282,0.535903],[40.781181,0.529211],[40.777292,0.522394],[40.77362,0.515458],[40.770167,0.50841],[40.766938,0.501256],[40.763934,0.494005],[40.76116,0.486664],[40.758618,0.479238],[40.756311,0.471737],[40.75424,0.464167],[40.752408,0.456535],[40.750816,0.44885],[40.749467,0.441118],[40.748362,0.433348],[40.747501,0.425547],[40.746885,0.417723],[40.746516,0.409884],[40.746393,0.402036],[40.746516,0.394189],[40.746886,0.386349],[40.747502,0.378525],[40.748364,0.370724],[40.74947,0.362954],[40.750819,0.355223],[40.752411,0.347538],[40.754243,0.339906],[40.756315,0.332336],[40.758623,0.324835],[40.761165,0.31741],[40.76394,0.310068],[40.766943,0.302817],[40.770173,0.295664],[40.773626,0.288616],[40.777299,0.28168],[40.781187,0.274863],[40.785288,0.268171],[40.789598,0.261612],[40.794111,0.255191],[40.798823,0.248915],[40.80373,0.24279],[40.808828,0.236822],[40.81411,0.231017],[40.819572,0.225381],[40.825208,0.219919],[40.831013,0.214637],[40.836981,0.20954],[40.843106,0.204633],[40.849382,0.199921],[40.855804,0.195408],[40.862363,0.1911],[40.869055,0.186999],[40.875873,0.183111],[40.882809,0.179438],[40.889857,0.175985],[40.89701,0.172756],[40.904261,0.169752],[40.911603,0.166978],[40.919028,0.164436],[40.926529,0.162128],[40.934099,0.160058],[40.941731,0.158225],[40.949416,0.156634],[40.957148,0.155285],[40.964918,0.154179],[40.972719,0.153318],[40.980543,0.152702],[40.988383,0.152332],[40.99623,0.152209],[41.004077,0.152332],[41.011917,0.152702],[41.019741,0.153318],[41.027542,0.154179],[41.035312,0.155285],[41.043044,0.156634],[41.050729,0.158225],[41.058361,0.160058],[41.065931,0.162128],[41.073432,0.164436],[41.080857,0.166978],[41.088199,0.169752],[41.09545,0.172756],[41.102603,0.175985],[41.109651,0.179438],[41.116587,0.183111],[41.123405,0.186999],[41.130097,0.1911],[41.136656,0.195408],[41.143078,0.199921],[41.149354,0.204633],[41.155479,0.20954],[41.161447,0.214637],[41.167252,0.219919],[41.172888,0.225381],[41.17835,0.231017],[41.183632,0.236822],[41.18873,0.24279],[41.193637,0.248915],[41.198349,0.255191],[41.202862,0.261612],[41.207172,0.268171],[41.211273,0.274863],[41.215161,0.28168],[41.218834,0.288616],[41.222287,0.295664],[41.225517,0.302817],[41.22852,0.310068],[41.231295,0.31741],[41.233837,0.324835],[41.236145,0.332336],[41.238217,0.339906],[41.240049,0.347538],[41.241641,0.355223],[41.24299,0.362954],[41.244096,0.370724],[41.244958,0.378525],[41.245574,0.386349],[41.245944,0.394189],[41.246067,0.402036],[41.245944,0.409884],[41.245575,0.417723],[41.244959,0.425547],[41.244098,0.433348],[41.242993,0.441118],[41.241644,0.44885],[41.240052,0.456535],[41.23822,0.464167],[41.236149,0.471737],[41.233842,0.479238],[41.2313,0.486664],[41.228526,0.494005],[41.225522,0.501256],[41.222293,0.50841],[41.21884,0.515458],[41.215168,0.522394],[41.211279,0.529211],[41.207178,0.535903],[41.20287,0.542463],[41.198357,0.548884],[41.193644,0.555161],[41.188737,0.561286],[41.18364,0.567254],[41.178358,0.573059],[41.172896,0.578695],[41.16726,0.584157],[41.161455,0.589439],[41.155487,0.594536],[41.149361,0.599444],[41.143085,0.604156],[41.136664,0.608669],[41.130104,0.612978],[41.123412,0.617079],[41.116594,0.620968],[41.109657,0.62464],[41.102609,0.628093],[41.095456,0.631323],[41.088204,0.634327],[41.080862,0.637101],[41.073437,0.639643],[41.065935,0.641951],[41.058364,0.644022],[41.050732,0.645854],[41.043047,0.647446],[41.035315,0.648795],[41.027544,0.649901],[41.019743,0.650762],[41.011918,0.651378],[41.004078,0.651748],[40.99623,0.651871]]]}},{"type":"Feature","id":13,"properties":{"_id":"6956ca64c650190331aaeebc","createdBy":"eBT9qSrxquPVguazo7MwJzzaf2p1","createdAt":"2026-01-01T19:26:28.095Z","updatedBy":"eBT9qSrxquPVguazo7MwJzzaf2p1","updatedAt":"2026-01-01T19:30:06.900Z","name":"GALDOGOB AFIS","dataIngestion":true,"type":13,"icaoClass":6,"activity":0,"onDemand":false,"onRequest":false,"byNotam":false,"specialAgreement":false,"requestCompliance":false,"country":"SO","upperLimit":{"value":4000,"unit":1,"referenceDatum":1},"lowerLimit":{"value":0,"unit":1,"referenceDatum":0},"hoursOfOperation":{"operatingHours":[{"dayOfWeek":0,"startTime":"00:00","endTime":"00:00","byNotam":false,"sunrise":false,"sunset":false,"publicHolidaysExcluded":false},{"dayOfWeek":1,"startTime":"00:00","endTime":"00:00","byNotam":false,"sunrise":false,"sunset":false,"publicHolidaysExcluded":false},{"dayOfWeek":2,"startTime":"00:00","endTime":"00:00","byNotam":false,"sunrise":false,"sunset":false,"publicHolidaysExcluded":false},{"dayOfWeek":3,"startTime":"00:00","endTime":"00:00","byNotam":false,"sunrise":false,"sunset":false,"publicHolidaysExcluded":false},{"dayOfWeek":4,"startTime":"00:00","endTime":"00:00","byNotam":false,"sunrise":false,"sunset":false,"publicHolidaysExcluded":false},{"dayOfWeek":5,"startTime":"00:00","endTime":"00:00","byNotam":false,"sunrise":false,"sunset":false,"publicHolidaysExcluded":false},{"dayOfWeek":6,"startTime":"00:00","endTime":"00:00","byNotam":false,"sunrise":false,"sunset":false,"publicHolidaysExcluded":false}]},"deletable":true},"geometry":{"type":"Polygon","coordinates":[[[47.12169,7.325891],[47.113778,7.325768],[47.105874,7.325398],[47.097985,7.324782],[47.09012,7.32392],[47.082287,7.322814],[47.074492,7.321464],[47.066743,7.319871],[47.059049,7.318038],[47.051417,7.315966],[47.043855,7.313657],[47.036369,7.311114],[47.028968,7.308338],[47.021658,7.305333],[47.014448,7.302102],[47.007343,7.298647],[47.000351,7.294973],[46.993479,7.291083],[46.986734,7.28698],[46.980122,7.282669],[46.97365,7.278154],[46.967325,7.27344],[46.961152,7.268531],[46.955137,7.263431],[46.949288,7.258147],[46.943608,7.252683],[46.938105,7.247045],[46.932782,7.241238],[46.927647,7.235268],[46.922703,7.229141],[46.917956,7.222863],[46.91341,7.216439],[46.90907,7.209878],[46.904939,7.203184],[46.901023,7.196365],[46.897325,7.189427],[46.893848,7.182377],[46.890597,7.175223],[46.887573,7.16797],[46.884781,7.160627],[46.882223,7.153201],[46.879901,7.145698],[46.877818,7.138127],[46.875975,7.130494],[46.874375,7.122808],[46.87302,7.115076],[46.87191,7.107305],[46.871046,7.099504],[46.87043,7.09168],[46.870061,7.08384],[46.869941,7.075992],[46.87007,7.068145],[46.870447,7.060306],[46.871071,7.052482],[46.871943,7.044681],[46.873062,7.036912],[46.874426,7.029181],[46.876033,7.021497],[46.877883,7.013866],[46.879974,7.006297],[46.882303,6.998797],[46.884868,6.991373],[46.887666,6.984033],[46.890696,6.976783],[46.893953,6.969632],[46.897435,6.962586],[46.901138,6.955651],[46.905059,6.948836],[46.909193,6.942146],[46.913537,6.935588],[46.918085,6.929169],[46.922835,6.922895],[46.927781,6.916772],[46.932918,6.910806],[46.938241,6.905003],[46.943744,6.899369],[46.949424,6.893909],[46.955273,6.88863],[46.961286,6.883535],[46.967457,6.878629],[46.97378,6.873919],[46.980249,6.869408],[46.986857,6.865101],[46.993599,6.861002],[47.000466,6.857116],[47.007453,6.853445],[47.014553,6.849994],[47.021758,6.846766],[47.029061,6.843764],[47.036456,6.840991],[47.043935,6.83845],[47.05149,6.836143],[47.059115,6.834074],[47.066801,6.832242],[47.074542,6.830652],[47.082329,6.829303],[47.090154,6.828198],[47.098011,6.827337],[47.105891,6.826722],[47.113787,6.826352],[47.12169,6.826229],[47.129593,6.826352],[47.137489,6.826722],[47.145369,6.827337],[47.153226,6.828198],[47.161051,6.829303],[47.168838,6.830652],[47.176579,6.832242],[47.184265,6.834074],[47.19189,6.836143],[47.199445,6.83845],[47.206924,6.840991],[47.214319,6.843764],[47.221622,6.846766],[47.228827,6.849994],[47.235927,6.853445],[47.242914,6.857116],[47.249781,6.861002],[47.256523,6.865101],[47.263131,6.869408],[47.2696,6.873919],[47.275923,6.878629],[47.282094,6.883535],[47.288107,6.88863],[47.293956,6.893909],[47.299636,6.899369],[47.305139,6.905003],[47.310462,6.910806],[47.315599,6.916772],[47.320545,6.922895],[47.325295,6.929169],[47.329843,6.935588],[47.334187,6.942146],[47.338321,6.948836],[47.342242,6.955651],[47.345945,6.962586],[47.349427,6.969632],[47.352684,6.976783],[47.355714,6.984033],[47.358512,6.991373],[47.361077,6.998797],[47.363406,7.006297],[47.365497,7.013866],[47.367347,7.021497],[47.368954,7.029181],[47.370318,7.036912],[47.371437,7.044681],[47.372309,7.052482],[47.372933,7.060306],[47.37331,7.068145],[47.373439,7.075992],[47.373319,7.08384],[47.37295,7.09168],[47.372334,7.099504],[47.37147,7.107305],[47.37036,7.115076],[47.369005,7.122808],[47.367405,7.130494],[47.365562,7.138127],[47.363479,7.145698],[47.361157,7.153201],[47.358599,7.160627],[47.355807,7.16797],[47.352783,7.175223],[47.349532,7.182377],[47.346055,7.189427],[47.342357,7.196365],[47.338441,7.203184],[47.33431,7.209878],[47.32997,7.216439],[47.325424,7.222863],[47.320677,7.229141],[47.315733,7.235268],[47.310598,7.241238],[47.305275,7.247045],[47.299772,7.252683],[47.294092,7.258147],[47.288243,7.263431],[47.282228,7.268531],[47.276055,7.27344],[47.26973,7.278154],[47.263258,7.282669],[47.256646,7.28698],[47.249901,7.291083],[47.243029,7.294973],[47.236037,7.298647],[47.228932,7.302102],[47.221722,7.305333],[47.214412,7.308338],[47.207011,7.311114],[47.199525,7.313657],[47.191963,7.315966],[47.184331,7.318038],[47.176637,7.319871],[47.168888,7.321464],[47.161093,7.322814],[47.15326,7.32392],[47.145395,7.324782],[47.137506,7.325398],[47.129602,7.325768],[47.12169,7.325891]]]}},{"type":"Feature","id":14,"properties":{"_id":"6956ca64c650190331aaeebf","createdBy":"eBT9qSrxquPVguazo7MwJzzaf2p1","createdAt":"2026-01-01T19:26:28.111Z","updatedBy":"eBT9qSrxquPVguazo7MwJzzaf2p1","updatedAt":"2026-01-01T19:30:07.014Z","name":"MOGADISHU TMA","dataIngestion":true,"type":7,"icaoClass":3,"activity":0,"onDemand":false,"onRequest":false,"byNotam":false,"specialAgreement":false,"requestCompliance":false,"country":"SO","upperLimit":{"value":145,"unit":6,"referenceDatum":2},"lowerLimit":{"value":4500,"unit":1,"referenceDatum":1},"hoursOfOperation":{"operatingHours":[{"dayOfWeek":0,"startTime":"00:00","endTime":"00:00","byNotam":false,"sunrise":false,"sunset":false,"publicHolidaysExcluded":false},{"dayOfWeek":1,"startTime":"00:00","endTime":"00:00","byNotam":false,"sunrise":false,"sunset":false,"publicHolidaysExcluded":false},{"dayOfWeek":2,"startTime":"00:00","endTime":"00:00","byNotam":false,"sunrise":false,"sunset":false,"publicHolidaysExcluded":false},{"dayOfWeek":3,"startTime":"00:00","endTime":"00:00","byNotam":false,"sunrise":false,"sunset":false,"publicHolidaysExcluded":false},{"dayOfWeek":4,"startTime":"00:00","endTime":"00:00","byNotam":false,"sunrise":false,"sunset":false,"publicHolidaysExcluded":false},{"dayOfWeek":5,"startTime":"00:00","endTime":"00:00","byNotam":false,"sunrise":false,"sunset":false,"publicHolidaysExcluded":false},{"dayOfWeek":6,"startTime":"00:00","endTime":"00:00","byNotam":false,"sunrise":false,"sunset":false,"publicHolidaysExcluded":false}]},"deletable":true},"geometry":{"type":"Polygon","coordinates":[[[45.30403,3.013285],[45.272599,3.012791],[45.241198,3.011311],[45.20986,3.008847],[45.178615,3.005399],[45.147494,3.000973],[45.116528,2.995571],[45.085748,2.989201],[45.055183,2.981867],[45.024864,2.973578],[44.994822,2.96434],[44.965086,2.954165],[44.935684,2.943061],[44.906647,2.931039],[44.878003,2.918112],[44.849781,2.904292],[44.822007,2.889594],[44.794711,2.87403],[44.767918,2.857617],[44.741655,2.840372],[44.715948,2.822311],[44.690822,2.803451],[44.666303,2.783813],[44.642414,2.763414],[44.619179,2.742275],[44.596621,2.720418],[44.574763,2.697864],[44.553625,2.674634],[44.533228,2.650752],[44.513593,2.626242],[44.49474,2.601128],[44.476685,2.575435],[44.459449,2.549187],[44.443046,2.522411],[44.427494,2.495134],[44.412808,2.467382],[44.399002,2.439183],[44.38609,2.410565],[44.374084,2.381555],[44.362997,2.352183],[44.352839,2.322477],[44.34362,2.292467],[44.335349,2.262183],[44.328034,2.231654],[44.321683,2.20091],[44.316301,2.169982],[44.311895,2.138901],[44.308467,2.107696],[44.306022,2.0764],[44.304562,2.045042],[44.304088,2.013654],[44.3046,1.982266],[44.306099,1.95091],[44.308582,1.919616],[44.312047,1.888416],[44.316491,1.85734],[44.321909,1.826419],[44.328295,1.795683],[44.335644,1.765162],[44.343948,1.734888],[44.353199,1.704889],[44.363388,1.675195],[44.374504,1.645835],[44.386537,1.616839],[44.399475,1.588235],[44.413304,1.560051],[44.428012,1.532315],[44.443584,1.505054],[44.460004,1.478296],[44.477256,1.452066],[44.495323,1.426391],[44.514187,1.401295],[44.533831,1.376804],[44.554233,1.352941],[44.575375,1.329731],[44.597235,1.307195],[44.619791,1.285357],[44.643023,1.264238],[44.666905,1.243858],[44.691416,1.224238],[44.716531,1.205398],[44.742225,1.187354],[44.768473,1.170127],[44.795248,1.153731],[44.822525,1.138184],[44.850277,1.123501],[44.878476,1.109697],[44.907094,1.096784],[44.936104,1.084776],[44.965477,1.073685],[44.995183,1.063521],[45.025193,1.054295],[45.055478,1.046015],[45.086009,1.03869],[45.116754,1.032327],[45.147684,1.026932],[45.178768,1.022511],[45.209975,1.019068],[45.241275,1.016606],[45.272637,1.015128],[45.30403,1.014635],[45.335423,1.015128],[45.366785,1.016606],[45.398085,1.019068],[45.429292,1.022511],[45.460376,1.026932],[45.491306,1.032327],[45.522051,1.03869],[45.552582,1.046015],[45.582867,1.054295],[45.612877,1.063521],[45.642583,1.073685],[45.671956,1.084776],[45.700966,1.096784],[45.729584,1.109697],[45.757783,1.123501],[45.785535,1.138184],[45.812812,1.153731],[45.839587,1.170127],[45.865835,1.187354],[45.891529,1.205398],[45.916644,1.224238],[45.941155,1.243858],[45.965037,1.264238],[45.988269,1.285357],[46.010825,1.307195],[46.032685,1.329731],[46.053827,1.352941],[46.074229,1.376804],[46.093873,1.401295],[46.112737,1.426391],[46.130804,1.452066],[46.148056,1.478296],[46.164476,1.505054],[46.180048,1.532315],[46.194756,1.560051],[46.208585,1.588235],[46.221523,1.616839],[46.233556,1.645835],[46.244672,1.675195],[46.254861,1.704889],[46.264112,1.734888],[46.272416,1.765162],[46.279765,1.795683],[46.286151,1.826419],[46.291569,1.85734],[46.296013,1.888416],[46.299478,1.919616],[46.301961,1.95091],[46.30346,1.982266],[46.303972,2.013654],[46.303498,2.045042],[46.302038,2.0764],[46.299593,2.107696],[46.296165,2.138901],[46.291759,2.169982],[46.286377,2.20091],[46.280026,2.231654],[46.272711,2.262183],[46.26444,2.292467],[46.255221,2.322477],[46.245063,2.352183],[46.233976,2.381555],[46.22197,2.410565],[46.209058,2.439183],[46.195252,2.467382],[46.180566,2.495134],[46.165014,2.522411],[46.148611,2.549187],[46.131375,2.575435],[46.11332,2.601128],[46.094467,2.626242],[46.074832,2.650752],[46.054435,2.674634],[46.033297,2.697864],[46.011439,2.720418],[45.988881,2.742275],[45.965646,2.763414],[45.941757,2.783813],[45.917238,2.803451],[45.892112,2.822311],[45.866405,2.840372],[45.840142,2.857617],[45.813349,2.87403],[45.786053,2.889594],[45.758279,2.904292],[45.730057,2.918112],[45.701413,2.931039],[45.672376,2.943061],[45.642974,2.954165],[45.613238,2.96434],[45.583196,2.973578],[45.552877,2.981867],[45.522312,2.989201],[45.491532,2.995571],[45.460566,3.000973],[45.429445,3.005399],[45.3982,3.008847],[45.366862,3.011311],[45.335461,3.012791],[45.30403,3.013285]]]}},{"type":"Feature","id":15,"properties":{"_id":"6956ca64c650190331aaeec2","createdBy":"eBT9qSrxquPVguazo7MwJzzaf2p1","createdAt":"2026-01-01T19:26:28.126Z","updatedBy":"eBT9qSrxquPVguazo7MwJzzaf2p1","updatedAt":"2026-01-01T19:30:07.119Z","name":"UGAS KHALIF AFIS","dataIngestion":true,"type":13,"icaoClass":6,"activity":0,"onDemand":false,"onRequest":false,"byNotam":false,"specialAgreement":false,"requestCompliance":false,"country":"SO","upperLimit":{"value":8000,"unit":1,"referenceDatum":1},"lowerLimit":{"value":0,"unit":1,"referenceDatum":0},"hoursOfOperation":{"operatingHours":[{"dayOfWeek":0,"startTime":"00:00","endTime":"00:00","byNotam":false,"sunrise":false,"sunset":false,"publicHolidaysExcluded":false},{"dayOfWeek":1,"startTime":"00:00","endTime":"00:00","byNotam":false,"sunrise":false,"sunset":false,"publicHolidaysExcluded":false},{"dayOfWeek":2,"startTime":"00:00","endTime":"00:00","byNotam":false,"sunrise":false,"sunset":false,"publicHolidaysExcluded":false},{"dayOfWeek":3,"startTime":"00:00","endTime":"00:00","byNotam":false,"sunrise":false,"sunset":false,"publicHolidaysExcluded":false},{"dayOfWeek":4,"startTime":"00:00","endTime":"00:00","byNotam":false,"sunrise":false,"sunset":false,"publicHolidaysExcluded":false},{"dayOfWeek":5,"startTime":"00:00","endTime":"00:00","byNotam":false,"sunrise":false,"sunset":false,"publicHolidaysExcluded":false},{"dayOfWeek":6,"startTime":"00:00","endTime":"00:00","byNotam":false,"sunrise":false,"sunset":false,"publicHolidaysExcluded":false}]},"deletable":true},"geometry":{"type":"Polygon","coordinates":[[[45.24258,5.020641],[45.234702,5.020518],[45.226833,5.020148],[45.218978,5.019532],[45.211147,5.01867],[45.203348,5.017564],[45.195586,5.016214],[45.187872,5.014622],[45.180211,5.012789],[45.172612,5.010718],[45.165082,5.008409],[45.157629,5.005866],[45.15026,5.003091],[45.142981,5.000086],[45.135802,4.996856],[45.128727,4.993402],[45.121765,4.989728],[45.114923,4.985838],[45.108206,4.981736],[45.101623,4.977426],[45.095178,4.972912],[45.08888,4.968198],[45.082733,4.96329],[45.076743,4.958191],[45.070918,4.952908],[45.065262,4.947444],[45.059782,4.941807],[45.054482,4.936],[45.049367,4.930031],[45.044444,4.923905],[45.039716,4.917627],[45.035188,4.911205],[45.030866,4.904644],[45.026752,4.89795],[45.022851,4.891132],[45.019168,4.884195],[45.015705,4.877145],[45.012466,4.869991],[45.009454,4.862739],[45.006672,4.855397],[45.004123,4.847971],[45.00181,4.840469],[44.999734,4.832898],[44.997898,4.825266],[44.996304,4.81758],[44.994953,4.809848],[44.993846,4.802077],[44.992984,4.794276],[44.992369,4.786452],[44.992001,4.778612],[44.99188,4.770765],[44.992007,4.762917],[44.992381,4.755078],[44.993001,4.747254],[44.993868,4.739453],[44.994981,4.731684],[44.996338,4.723953],[44.997937,4.716268],[44.999778,4.708637],[45.001859,4.701068],[45.004177,4.693567],[45.00673,4.686143],[45.009516,4.678802],[45.012532,4.671552],[45.015775,4.6644],[45.019241,4.657353],[45.022928,4.650418],[45.026832,4.643602],[45.030948,4.636912],[45.035273,4.630353],[45.039803,4.623933],[45.044532,4.617659],[45.049457,4.611535],[45.054572,4.605568],[45.059873,4.599765],[45.065354,4.59413],[45.071009,4.58867],[45.076834,4.583389],[45.082822,4.578294],[45.088968,4.573388],[45.095265,4.568677],[45.101708,4.564165],[45.108289,4.559858],[45.115003,4.555758],[45.121842,4.551871],[45.128801,4.5482],[45.135872,4.544748],[45.143048,4.541519],[45.150322,4.538517],[45.157687,4.535744],[45.165136,4.533202],[45.172661,4.530895],[45.180255,4.528825],[45.187911,4.526993],[45.19562,4.525402],[45.203376,4.524054],[45.21117,4.522948],[45.218995,4.522087],[45.226844,4.521472],[45.234708,4.521102],[45.24258,4.520979],[45.250452,4.521102],[45.258316,4.521472],[45.266165,4.522087],[45.27399,4.522948],[45.281784,4.524054],[45.28954,4.525402],[45.297249,4.526993],[45.304905,4.528825],[45.312499,4.530895],[45.320024,4.533202],[45.327473,4.535744],[45.334838,4.538517],[45.342112,4.541519],[45.349288,4.544748],[45.356359,4.5482],[45.363318,4.551871],[45.370157,4.555758],[45.376871,4.559858],[45.383452,4.564165],[45.389895,4.568677],[45.396192,4.573388],[45.402338,4.578294],[45.408326,4.583389],[45.414151,4.58867],[45.419806,4.59413],[45.425287,4.599765],[45.430588,4.605568],[45.435703,4.611535],[45.440628,4.617659],[45.445357,4.623933],[45.449887,4.630353],[45.454212,4.636912],[45.458328,4.643602],[45.462232,4.650418],[45.465919,4.657353],[45.469385,4.6644],[45.472628,4.671552],[45.475644,4.678802],[45.47843,4.686143],[45.480983,4.693567],[45.483301,4.701068],[45.485382,4.708637],[45.487223,4.716268],[45.488822,4.723953],[45.490179,4.731684],[45.491292,4.739453],[45.492159,4.747254],[45.492779,4.755078],[45.493153,4.762917],[45.49328,4.770765],[45.493159,4.778612],[45.492791,4.786452],[45.492176,4.794276],[45.491314,4.802077],[45.490207,4.809848],[45.488856,4.81758],[45.487262,4.825266],[45.485426,4.832898],[45.48335,4.840469],[45.481037,4.847971],[45.478488,4.855397],[45.475706,4.862739],[45.472694,4.869991],[45.469455,4.877145],[45.465992,4.884195],[45.462309,4.891132],[45.458408,4.89795],[45.454294,4.904644],[45.449972,4.911205],[45.445444,4.917627],[45.440716,4.923905],[45.435793,4.930031],[45.430678,4.936],[45.425378,4.941807],[45.419898,4.947444],[45.414242,4.952908],[45.408417,4.958191],[45.402427,4.96329],[45.39628,4.968198],[45.389982,4.972912],[45.383537,4.977426],[45.376954,4.981736],[45.370237,4.985838],[45.363395,4.989728],[45.356433,4.993402],[45.349358,4.996856],[45.342179,5.000086],[45.3349,5.003091],[45.327531,5.005866],[45.320078,5.008409],[45.312548,5.010718],[45.304949,5.012789],[45.297288,5.014622],[45.289574,5.016214],[45.281812,5.017564],[45.274013,5.01867],[45.266182,5.019532],[45.258327,5.020148],[45.250458,5.020518],[45.24258,5.020641]]]}},{"type":"Feature","id":16,"properties":{"_id":"6956ca64c650190331aaeec5","createdBy":"eBT9qSrxquPVguazo7MwJzzaf2p1","createdAt":"2026-01-01T19:26:28.141Z","updatedBy":"eBT9qSrxquPVguazo7MwJzzaf2p1","updatedAt":"2026-01-01T19:30:08.493Z","name":"HCP2","dataIngestion":true,"type":3,"icaoClass":8,"activity":0,"onDemand":false,"onRequest":false,"byNotam":false,"specialAgreement":false,"requestCompliance":false,"country":"SO","upperLimit":{"value":24500,"unit":1,"referenceDatum":1},"lowerLimit":{"value":0,"unit":1,"referenceDatum":0},"hoursOfOperation":{"operatingHours":[{"dayOfWeek":0,"startTime":"00:00","endTime":"00:00","byNotam":false,"sunrise":false,"sunset":false,"publicHolidaysExcluded":false},{"dayOfWeek":1,"startTime":"00:00","endTime":"00:00","byNotam":false,"sunrise":false,"sunset":false,"publicHolidaysExcluded":false},{"dayOfWeek":2,"startTime":"00:00","endTime":"00:00","byNotam":false,"sunrise":false,"sunset":false,"publicHolidaysExcluded":false},{"dayOfWeek":3,"startTime":"00:00","endTime":"00:00","byNotam":false,"sunrise":false,"sunset":false,"publicHolidaysExcluded":false},{"dayOfWeek":4,"startTime":"00:00","endTime":"00:00","byNotam":false,"sunrise":false,"sunset":false,"publicHolidaysExcluded":false},{"dayOfWeek":5,"startTime":"00:00","endTime":"00:00","byNotam":false,"sunrise":false,"sunset":false,"publicHolidaysExcluded":false},{"dayOfWeek":6,"startTime":"00:00","endTime":"00:00","byNotam":false,"sunrise":false,"sunset":false,"publicHolidaysExcluded":false}]},"deletable":true},"geometry":{"type":"Polygon","coordinates":[[[45.34311,2.05624],[45.32736,2.0548],[45.33217,2.04003],[45.337,2.03633],[45.34119,2.04061],[45.34311,2.05624]]]}},{"type":"Feature","id":17,"properties":{"_id":"6956ca64c650190331aaeec8","createdBy":"eBT9qSrxquPVguazo7MwJzzaf2p1","createdAt":"2026-01-01T19:26:28.150Z","updatedBy":"eBT9qSrxquPVguazo7MwJzzaf2p1","updatedAt":"2026-01-01T19:30:08.669Z","name":"HCR2","dataIngestion":true,"type":1,"icaoClass":8,"activity":0,"onDemand":false,"onRequest":false,"byNotam":false,"specialAgreement":false,"requestCompliance":false,"country":"SO","upperLimit":{"value":5000,"unit":1,"referenceDatum":1},"lowerLimit":{"value":0,"unit":1,"referenceDatum":0},"hoursOfOperation":{"operatingHours":[{"dayOfWeek":0,"startTime":"00:00","endTime":"00:00","byNotam":false,"sunrise":false,"sunset":false,"publicHolidaysExcluded":false},{"dayOfWeek":1,"startTime":"00:00","endTime":"00:00","byNotam":false,"sunrise":false,"sunset":false,"publicHolidaysExcluded":false},{"dayOfWeek":2,"startTime":"00:00","endTime":"00:00","byNotam":false,"sunrise":false,"sunset":false,"publicHolidaysExcluded":false},{"dayOfWeek":3,"startTime":"00:00","endTime":"00:00","byNotam":false,"sunrise":false,"sunset":false,"publicHolidaysExcluded":false},{"dayOfWeek":4,"startTime":"00:00","endTime":"00:00","byNotam":false,"sunrise":false,"sunset":false,"publicHolidaysExcluded":false},{"dayOfWeek":5,"startTime":"00:00","endTime":"00:00","byNotam":false,"sunrise":false,"sunset":false,"publicHolidaysExcluded":false},{"dayOfWeek":6,"startTime":"00:00","endTime":"00:00","byNotam":false,"sunrise":false,"sunset":false,"publicHolidaysExcluded":false}]},"deletable":true},"geometry":{"type":"Polygon","coordinates":[[[45.26639,1.98944],[45.27444,1.995],[45.26833,2.00556],[45.25944,1.99972],[45.26639,1.98944]]]}}]}